,SimNum,Iteration,Period,Fidelity,Agent,X,Y,Sample
0,0,1,0,S,0.0,0.24,0.24,0.8912408229015522
1,0,1,0,S,1.0,0.5,0.0,0.5804983684882433
2,0,1,0,S,2.0,0.72,0.74,-0.011958612870676049
3,0,1,0,S,3.0,0.96,1.0,-0.027829761955442456
4,0,2,0,S,0.0,0.0,0.0,0.3532541912106908
5,0,2,0,S,1.0,0.76,0.24,0.6214879894692337
6,0,3,0,S,0.0,0.0,0.5,0.3311313580533615
7,0,3,0,S,1.0,1.0,0.5,0.08770173597766068
8,0,4,0,S,0.0,0.0,1.0,0.2034847968427294
9,0,4,0,S,1.0,1.0,0.0,0.3286275262262353
10,0,5,0,S,0.0,0.48,1.0,0.12915839583180044
11,0,6,0,S,0.0,0.26,0.74,0.10705498223095088
12,0,7,0,S,0.0,0.5,0.48,0.14795000357624566
13,0,9,1,S,0.0,0.24,0.0,0.8344269608408296
14,0,9,1,S,2.0,0.74,1.0,-0.05165243075141178
15,0,9,1,S,3.0,1.0,0.76,0.014414286478613113
16,0,10,1,S,0.0,0.0,0.24,0.5522577097669821
17,0,10,1,S,2.0,0.24,1.0,0.09150216411206602
18,0,10,1,S,3.0,0.76,0.5,0.17778665394562249
19,0,11,1,S,2.0,0.0,0.76,0.13187870514197228
20,0,11,1,S,3.0,0.76,0.0,0.3264387308557201
21,0,12,1,S,2.0,0.24,0.5,0.2701246853606463
22,0,12,1,S,3.0,1.0,0.24,0.4765275790642909
23,0,25,2,S,1.0,0.5,0.24,0.3934887870087603
24,0,25,2,S,2.0,0.5,0.76,0.03539869066081622
25,0,57,3,S,0.0,0.12,0.38,0.5554007612559124
26,0,57,3,S,1.0,0.36,0.36,0.401095848214375
27,0,57,3,S,2.0,0.4,0.62,0.10716108669245047
28,0,57,3,S,3.0,0.88,0.64,0.07742106903109719
29,0,58,3,S,0.0,0.12,0.12,0.8542205811191602
30,0,58,3,S,1.0,0.62,0.12,0.4155280462643677
31,0,58,3,S,2.0,0.62,0.9,0.034807239103626035
32,0,58,3,S,3.0,0.88,0.38,0.3354407915049822
33,0,59,3,S,1.0,0.36,0.12,0.8979582955780644
34,0,59,3,S,2.0,0.36,0.88,0.17453708973007714
35,0,59,3,S,3.0,0.88,0.12,0.6336186071308094
36,0,60,3,S,2.0,0.12,0.88,0.14643727857242414
37,0,60,3,S,3.0,0.64,0.36,0.309482247022917
38,0,61,3,S,2.0,0.12,0.64,0.21424228422426467
39,0,61,3,S,3.0,0.62,0.6,0.005190640865733162
40,0,62,3,S,3.0,0.86,0.86,-0.06931490627543993
41,0,63,3,S,3.0,1.0,1.0,-0.04361122930559154
42,1,1,0,S,0.0,0.0,0.0,0.3532541912106908
43,1,1,0,S,1.0,0.72,0.74,-0.011958612870676049
44,1,1,0,S,2.0,0.26,0.74,0.10705498223095088
45,1,1,0,S,3.0,0.48,1.0,0.12915839583180044
46,1,2,0,S,0.0,0.5,0.0,0.5804983684882433
47,1,2,0,S,1.0,1.0,0.5,0.08770173597766068
48,1,2,0,S,2.0,0.0,0.5,0.3311313580533615
49,1,2,0,S,3.0,0.96,1.0,-0.027829761955442456
50,1,3,0,S,0.0,0.5,0.48,0.14795000357624566
51,1,3,0,S,1.0,1.0,0.0,0.3286275262262353
52,1,3,0,S,2.0,0.0,1.0,0.2034847968427294
53,1,4,0,S,0.0,0.24,0.24,0.8912408229015522
54,1,4,0,S,1.0,0.76,0.24,0.6214879894692337
55,1,9,1,S,0.0,0.24,0.0,0.8344269608408296
56,1,9,1,S,1.0,1.0,0.76,0.014414286478613113
57,1,9,1,S,2.0,0.24,0.5,0.2701246853606463
58,1,9,1,S,3.0,0.74,1.0,-0.05165243075141178
59,1,10,1,S,1.0,0.76,0.5,0.17778665394562249
60,1,10,1,S,2.0,0.0,0.24,0.5522577097669821
61,1,10,1,S,3.0,0.24,1.0,0.09150216411206602
62,1,11,1,S,1.0,0.76,0.0,0.3264387308557201
63,1,11,1,S,3.0,0.0,0.76,0.13187870514197228
64,1,12,1,S,1.0,1.0,0.24,0.4765275790642909
65,1,25,2,S,0.0,0.5,0.24,0.3934887870087603
66,1,25,2,S,3.0,0.5,0.76,0.03539869066081622
67,1,57,3,S,0.0,0.36,0.36,0.401095848214375
68,1,57,3,S,1.0,0.88,0.64,0.07742106903109719
69,1,57,3,S,2.0,0.12,0.38,0.5554007612559124
70,1,57,3,S,3.0,0.4,0.62,0.10716108669245047
71,1,58,3,S,0.0,0.62,0.12,0.4155280462643677
72,1,58,3,S,1.0,0.88,0.38,0.3354407915049822
73,1,58,3,S,2.0,0.12,0.12,0.8542205811191602
74,1,58,3,S,3.0,0.62,0.9,0.034807239103626035
75,1,59,3,S,0.0,0.36,0.12,0.8979582955780644
76,1,59,3,S,1.0,0.88,0.12,0.6336186071308094
77,1,59,3,S,3.0,0.36,0.88,0.17453708973007714
78,1,60,3,S,1.0,0.64,0.36,0.309482247022917
79,1,60,3,S,3.0,0.12,0.88,0.14643727857242414
80,1,61,3,S,1.0,0.62,0.6,0.005190640865733162
81,1,61,3,S,3.0,0.12,0.64,0.21424228422426467
82,1,62,3,S,1.0,0.86,0.86,-0.06931490627543993
83,1,63,3,S,1.0,1.0,1.0,-0.04361122930559154
84,2,1,0,S,0.0,0.76,0.24,0.6214879894692337
85,2,1,0,S,1.0,0.5,0.48,0.14795000357624566
86,2,1,0,S,2.0,1.0,0.0,0.3286275262262353
87,2,1,0,S,3.0,1.0,0.5,0.08770173597766068
88,2,2,0,S,0.0,0.5,0.0,0.5804983684882433
89,2,2,0,S,1.0,0.26,0.74,0.10705498223095088
90,2,3,0,S,1.0,0.72,0.74,-0.011958612870676049
91,2,4,0,S,1.0,0.96,1.0,-0.027829761955442456
92,2,5,0,S,1.0,0.48,1.0,0.12915839583180044
93,2,6,0,S,1.0,0.0,1.0,0.2034847968427294
94,2,7,0,S,1.0,0.0,0.5,0.3311313580533615
95,2,8,1,S,1.0,0.0,0.0,0.3532541912106908
96,2,9,1,S,0.0,0.24,0.24,0.8912408229015522
97,2,10,1,S,0.0,0.0,0.0,0.3532541912106908
98,2,25,2,S,0.0,0.24,0.0,0.8344269608408296
99,2,25,2,S,1.0,0.74,1.0,-0.05165243075141178
100,2,25,2,S,2.0,1.0,0.76,0.014414286478613113
101,2,26,2,S,0.0,0.0,0.24,0.5522577097669821
102,2,26,2,S,1.0,0.24,1.0,0.09150216411206602
103,2,26,2,S,2.0,0.76,0.5,0.17778665394562249
104,2,27,2,S,1.0,0.0,0.76,0.13187870514197228
105,2,27,2,S,2.0,0.76,0.0,0.3264387308557201
106,2,28,2,S,1.0,0.24,0.5,0.2701246853606463
107,2,28,2,S,2.0,1.0,0.24,0.4765275790642909
108,2,57,3,S,1.0,0.5,0.76,0.03539869066081622
109,2,57,3,S,3.0,0.5,0.24,0.3934887870087603
110,3,1,0,S,0.0,0.48,1.0,0.12915839583180044
111,3,1,0,S,1.0,1.0,0.5,0.08770173597766068
112,3,1,0,S,2.0,0.76,0.24,0.6214879894692337
113,3,1,0,S,3.0,0.5,0.0,0.5804983684882433
114,3,2,0,S,0.0,0.0,1.0,0.2034847968427294
115,3,2,0,S,1.0,0.5,0.48,0.14795000357624566
116,3,2,0,S,2.0,1.0,0.0,0.3286275262262353
117,3,2,0,S,3.0,0.24,0.24,0.8912408229015522
118,3,3,0,S,0.0,0.26,0.74,0.10705498223095088
119,3,3,0,S,3.0,0.0,0.5,0.3311313580533615
120,3,4,0,S,0.0,0.72,0.74,-0.011958612870676049
121,3,4,0,S,3.0,0.0,0.0,0.3532541912106908
122,3,5,0,S,0.0,0.96,1.0,-0.027829761955442456
123,3,9,1,S,0.0,0.74,1.0,-0.05165243075141178
124,3,9,1,S,1.0,0.76,0.5,0.17778665394562249
125,3,9,1,S,2.0,0.76,0.0,0.3264387308557201
126,3,9,1,S,3.0,0.24,0.0,0.8344269608408296
127,3,10,1,S,0.0,0.24,1.0,0.09150216411206602
128,3,10,1,S,1.0,1.0,0.24,0.4765275790642909
129,3,10,1,S,3.0,0.0,0.24,0.5522577097669821
130,3,11,1,S,0.0,0.0,0.76,0.13187870514197228
131,3,11,1,S,1.0,1.0,0.76,0.014414286478613113
132,3,12,1,S,0.0,0.24,0.5,0.2701246853606463
133,3,25,2,S,0.0,0.5,0.76,0.03539869066081622
134,3,25,2,S,2.0,0.5,0.24,0.3934887870087603
135,3,57,3,S,0.0,0.4,0.62,0.10716108669245047
136,3,57,3,S,1.0,0.88,0.64,0.07742106903109719
137,3,57,3,S,2.0,0.36,0.36,0.401095848214375
138,3,57,3,S,3.0,0.12,0.38,0.5554007612559124
139,3,58,3,S,0.0,0.62,0.9,0.034807239103626035
140,3,58,3,S,1.0,0.88,0.38,0.3354407915049822
141,3,58,3,S,2.0,0.62,0.12,0.4155280462643677
142,3,58,3,S,3.0,0.12,0.12,0.8542205811191602
143,3,59,3,S,0.0,0.36,0.88,0.17453708973007714
144,3,59,3,S,1.0,0.88,0.12,0.6336186071308094
145,3,59,3,S,2.0,0.36,0.12,0.8979582955780644
146,3,60,3,S,0.0,0.12,0.88,0.14643727857242414
147,3,60,3,S,1.0,0.64,0.36,0.309482247022917
148,3,61,3,S,0.0,0.12,0.64,0.21424228422426467
149,3,61,3,S,1.0,0.62,0.6,0.005190640865733162
150,3,62,3,S,1.0,0.86,0.86,-0.06931490627543993
151,3,63,3,S,1.0,1.0,1.0,-0.04361122930559154
152,4,1,0,S,1.0,0.24,0.24,0.8912408229015522
153,4,1,0,S,2.0,0.76,0.24,0.6214879894692337
154,4,1,0,S,3.0,0.26,0.74,0.10705498223095088
155,4,2,0,S,1.0,0.5,0.0,0.5804983684882433
156,4,2,0,S,2.0,1.0,0.5,0.08770173597766068
157,4,2,0,S,3.0,0.5,0.48,0.14795000357624566
158,4,3,0,S,1.0,0.0,0.0,0.3532541912106908
159,4,3,0,S,2.0,1.0,0.0,0.3286275262262353
160,4,3,0,S,3.0,0.72,0.74,-0.011958612870676049
161,4,4,0,S,3.0,0.96,1.0,-0.027829761955442456
162,4,5,0,S,3.0,0.48,1.0,0.12915839583180044
163,4,6,0,S,3.0,0.0,1.0,0.2034847968427294
164,4,7,0,S,3.0,0.0,0.5,0.3311313580533615
165,4,9,1,S,1.0,0.24,0.0,0.8344269608408296
166,4,9,1,S,2.0,1.0,0.76,0.014414286478613113
167,4,9,1,S,3.0,0.74,1.0,-0.05165243075141178
168,4,10,1,S,1.0,0.0,0.24,0.5522577097669821
169,4,10,1,S,2.0,0.76,0.5,0.17778665394562249
170,4,10,1,S,3.0,0.24,1.0,0.09150216411206602
171,4,11,1,S,2.0,0.76,0.0,0.3264387308557201
172,4,11,1,S,3.0,0.0,0.76,0.13187870514197228
173,4,12,1,S,2.0,1.0,0.24,0.4765275790642909
174,4,12,1,S,3.0,0.24,0.5,0.2701246853606463
175,4,25,2,S,0.0,0.5,0.24,0.3934887870087603
176,4,25,2,S,3.0,0.5,0.76,0.03539869066081622
177,4,57,3,S,0.0,0.36,0.36,0.401095848214375
178,4,57,3,S,1.0,0.12,0.38,0.5554007612559124
179,4,57,3,S,2.0,0.88,0.64,0.07742106903109719
180,4,57,3,S,3.0,0.4,0.62,0.10716108669245047
181,4,58,3,S,0.0,0.62,0.12,0.4155280462643677
182,4,58,3,S,1.0,0.12,0.12,0.8542205811191602
183,4,58,3,S,2.0,0.88,0.38,0.3354407915049822
184,4,58,3,S,3.0,0.62,0.9,0.034807239103626035
185,4,59,3,S,0.0,0.36,0.12,0.8979582955780644
186,4,59,3,S,2.0,0.88,0.12,0.6336186071308094
187,4,59,3,S,3.0,0.36,0.88,0.17453708973007714
188,4,60,3,S,2.0,0.64,0.36,0.309482247022917
189,4,60,3,S,3.0,0.12,0.88,0.14643727857242414
190,4,61,3,S,2.0,0.62,0.6,0.005190640865733162
191,4,61,3,S,3.0,0.12,0.64,0.21424228422426467
192,4,62,3,S,2.0,0.86,0.86,-0.06931490627543993
193,4,63,3,S,2.0,1.0,1.0,-0.04361122930559154
194,5,1,0,S,0.0,0.72,0.74,-0.011958612870676049
195,5,1,0,S,1.0,0.26,0.74,0.10705498223095088
196,5,1,0,S,2.0,0.5,0.0,0.5804983684882433
197,5,1,0,S,3.0,0.48,1.0,0.12915839583180044
198,5,2,0,S,0.0,0.5,0.48,0.14795000357624566
199,5,2,0,S,1.0,0.0,0.5,0.3311313580533615
200,5,2,0,S,2.0,0.76,0.24,0.6214879894692337
201,5,2,0,S,3.0,0.0,1.0,0.2034847968427294
202,5,3,0,S,0.0,0.96,1.0,-0.027829761955442456
203,5,3,0,S,1.0,0.0,0.0,0.3532541912106908
204,5,3,0,S,2.0,1.0,0.5,0.08770173597766068
205,5,4,0,S,1.0,0.24,0.24,0.8912408229015522
206,5,4,0,S,2.0,1.0,0.0,0.3286275262262353
207,5,9,1,S,0.0,0.24,0.5,0.2701246853606463
208,5,9,1,S,1.0,0.24,0.0,0.8344269608408296
209,5,9,1,S,2.0,1.0,0.76,0.014414286478613113
210,5,9,1,S,3.0,0.24,1.0,0.09150216411206602
211,5,10,1,S,0.0,0.74,1.0,-0.05165243075141178
212,5,10,1,S,1.0,0.0,0.24,0.5522577097669821
213,5,10,1,S,2.0,0.76,0.5,0.17778665394562249
214,5,10,1,S,3.0,0.0,0.76,0.13187870514197228
215,5,11,1,S,2.0,0.76,0.0,0.3264387308557201
216,5,12,1,S,2.0,1.0,0.24,0.4765275790642909
217,5,25,2,S,1.0,0.5,0.24,0.3934887870087603
218,5,25,2,S,3.0,0.5,0.76,0.03539869066081622
219,5,57,3,S,0.0,0.12,0.38,0.5554007612559124
220,5,57,3,S,1.0,0.36,0.36,0.401095848214375
221,5,57,3,S,2.0,0.88,0.64,0.07742106903109719
222,5,57,3,S,3.0,0.4,0.62,0.10716108669245047
223,5,58,3,S,0.0,0.12,0.12,0.8542205811191602
224,5,58,3,S,1.0,0.62,0.12,0.4155280462643677
225,5,58,3,S,2.0,0.88,0.38,0.3354407915049822
226,5,58,3,S,3.0,0.62,0.9,0.034807239103626035
227,5,59,3,S,1.0,0.36,0.12,0.8979582955780644
228,5,59,3,S,2.0,0.88,0.12,0.6336186071308094
229,5,59,3,S,3.0,0.36,0.88,0.17453708973007714
230,5,60,3,S,2.0,0.64,0.36,0.309482247022917
231,5,60,3,S,3.0,0.12,0.88,0.14643727857242414
232,5,61,3,S,2.0,0.62,0.6,0.005190640865733162
233,5,61,3,S,3.0,0.12,0.64,0.21424228422426467
234,5,62,3,S,2.0,0.86,0.86,-0.06931490627543993
235,5,63,3,S,2.0,1.0,1.0,-0.04361122930559154
236,6,1,0,S,0.0,0.72,0.74,-0.011958612870676049
237,6,1,0,S,1.0,0.76,0.24,0.6214879894692337
238,6,1,0,S,2.0,0.0,0.5,0.3311313580533615
239,6,2,0,S,0.0,0.48,1.0,0.12915839583180044
240,6,2,0,S,1.0,1.0,0.0,0.3286275262262353
241,6,2,0,S,2.0,0.0,0.0,0.3532541912106908
242,6,3,0,S,0.0,0.96,1.0,-0.027829761955442456
243,6,3,0,S,1.0,1.0,0.5,0.08770173597766068
244,6,3,0,S,2.0,0.24,0.24,0.8912408229015522
245,6,4,0,S,1.0,0.5,0.48,0.14795000357624566
246,6,4,0,S,2.0,0.26,0.74,0.10705498223095088
247,6,5,0,S,1.0,0.5,0.0,0.5804983684882433
248,6,5,0,S,2.0,0.0,1.0,0.2034847968427294
249,6,9,1,S,0.0,0.74,1.0,-0.05165243075141178
250,6,9,1,S,2.0,0.24,0.5,0.2701246853606463
251,6,9,1,S,3.0,1.0,0.76,0.014414286478613113
252,6,10,1,S,0.0,0.24,1.0,0.09150216411206602
253,6,10,1,S,2.0,0.24,0.0,0.8344269608408296
254,6,10,1,S,3.0,0.76,0.5,0.17778665394562249
255,6,11,1,S,0.0,0.0,0.76,0.13187870514197228
256,6,11,1,S,2.0,0.0,0.24,0.5522577097669821
257,6,11,1,S,3.0,0.76,0.0,0.3264387308557201
258,6,12,1,S,3.0,1.0,0.24,0.4765275790642909
259,6,25,2,S,0.0,0.5,0.76,0.03539869066081622
260,6,25,2,S,1.0,0.5,0.24,0.3934887870087603
261,6,57,3,S,0.0,0.4,0.62,0.10716108669245047
262,6,57,3,S,1.0,0.36,0.36,0.401095848214375
263,6,57,3,S,2.0,0.12,0.38,0.5554007612559124
264,6,57,3,S,3.0,0.88,0.64,0.07742106903109719
265,6,58,3,S,0.0,0.62,0.9,0.034807239103626035
266,6,58,3,S,1.0,0.62,0.12,0.4155280462643677
267,6,58,3,S,2.0,0.12,0.12,0.8542205811191602
268,6,58,3,S,3.0,0.88,0.38,0.3354407915049822
269,6,59,3,S,0.0,0.36,0.88,0.17453708973007714
270,6,59,3,S,1.0,0.36,0.12,0.8979582955780644
271,6,59,3,S,3.0,0.88,0.12,0.6336186071308094
272,6,60,3,S,0.0,0.12,0.88,0.14643727857242414
273,6,60,3,S,3.0,0.64,0.36,0.309482247022917
274,6,61,3,S,0.0,0.12,0.64,0.21424228422426467
275,6,61,3,S,3.0,0.62,0.6,0.005190640865733162
276,6,62,3,S,3.0,0.86,0.86,-0.06931490627543993
277,6,63,3,S,3.0,1.0,1.0,-0.04361122930559154
278,7,1,0,S,0.0,1.0,0.5,0.08770173597766068
279,7,1,0,S,1.0,0.76,0.24,0.6214879894692337
280,7,1,0,S,2.0,0.48,1.0,0.12915839583180044
281,7,1,0,S,3.0,0.72,0.74,-0.011958612870676049
282,7,2,0,S,0.0,1.0,0.0,0.3286275262262353
283,7,2,0,S,1.0,0.5,0.0,0.5804983684882433
284,7,2,0,S,2.0,0.96,1.0,-0.027829761955442456
285,7,2,0,S,3.0,0.0,0.5,0.3311313580533615
286,7,3,0,S,1.0,0.0,0.0,0.3532541912106908
287,7,3,0,S,2.0,0.26,0.74,0.10705498223095088
288,7,3,0,S,3.0,0.5,0.48,0.14795000357624566
289,7,4,0,S,1.0,0.24,0.24,0.8912408229015522
290,7,4,0,S,2.0,0.0,1.0,0.2034847968427294
291,7,9,1,S,0.0,1.0,0.76,0.014414286478613113
292,7,9,1,S,1.0,0.24,0.0,0.8344269608408296
293,7,9,1,S,2.0,0.74,1.0,-0.05165243075141178
294,7,9,1,S,3.0,0.24,0.5,0.2701246853606463
295,7,10,1,S,0.0,0.76,0.5,0.17778665394562249
296,7,10,1,S,2.0,0.24,1.0,0.09150216411206602
297,7,10,1,S,3.0,0.0,0.24,0.5522577097669821
298,7,11,1,S,0.0,0.76,0.0,0.3264387308557201
299,7,11,1,S,2.0,0.0,0.76,0.13187870514197228
300,7,12,1,S,0.0,1.0,0.24,0.4765275790642909
301,7,25,2,S,1.0,0.5,0.24,0.3934887870087603
302,7,25,2,S,2.0,0.5,0.76,0.03539869066081622
303,7,57,3,S,0.0,0.88,0.64,0.07742106903109719
304,7,57,3,S,1.0,0.36,0.36,0.401095848214375
305,7,57,3,S,2.0,0.4,0.62,0.10716108669245047
306,7,57,3,S,3.0,0.12,0.38,0.5554007612559124
307,7,58,3,S,0.0,0.88,0.38,0.3354407915049822
308,7,58,3,S,1.0,0.62,0.12,0.4155280462643677
309,7,58,3,S,2.0,0.62,0.9,0.034807239103626035
310,7,58,3,S,3.0,0.12,0.12,0.8542205811191602
311,7,59,3,S,0.0,0.88,0.12,0.6336186071308094
312,7,59,3,S,1.0,0.36,0.12,0.8979582955780644
313,7,59,3,S,2.0,0.36,0.88,0.17453708973007714
314,7,60,3,S,0.0,0.64,0.36,0.309482247022917
315,7,60,3,S,2.0,0.12,0.88,0.14643727857242414
316,7,61,3,S,0.0,0.62,0.6,0.005190640865733162
317,7,61,3,S,2.0,0.12,0.64,0.21424228422426467
318,7,62,3,S,0.0,0.86,0.86,-0.06931490627543993
319,7,63,3,S,0.0,1.0,1.0,-0.04361122930559154
320,8,1,0,S,0.0,0.76,0.24,0.6214879894692337
321,8,1,0,S,1.0,0.48,1.0,0.12915839583180044
322,8,1,0,S,2.0,0.5,0.0,0.5804983684882433
323,8,1,0,S,3.0,0.72,0.74,-0.011958612870676049
324,8,2,0,S,0.0,1.0,0.0,0.3286275262262353
325,8,2,0,S,1.0,0.96,1.0,-0.027829761955442456
326,8,2,0,S,2.0,0.24,0.24,0.8912408229015522
327,8,2,0,S,3.0,0.0,1.0,0.2034847968427294
328,8,3,0,S,2.0,0.0,0.5,0.3311313580533615
329,8,3,0,S,3.0,0.26,0.74,0.10705498223095088
330,8,4,0,S,2.0,0.0,0.0,0.3532541912106908
331,8,4,0,S,3.0,0.5,0.48,0.14795000357624566
332,8,5,0,S,3.0,1.0,0.5,0.08770173597766068
333,8,9,1,S,0.0,1.0,0.76,0.014414286478613113
334,8,9,1,S,1.0,0.74,1.0,-0.05165243075141178
335,8,9,1,S,2.0,0.24,0.0,0.8344269608408296
336,8,9,1,S,3.0,0.24,0.5,0.2701246853606463
337,8,10,1,S,0.0,0.76,0.5,0.17778665394562249
338,8,10,1,S,1.0,0.24,1.0,0.09150216411206602
339,8,10,1,S,3.0,0.0,0.24,0.5522577097669821
340,8,11,1,S,0.0,0.76,0.0,0.3264387308557201
341,8,11,1,S,1.0,0.0,0.76,0.13187870514197228
342,8,12,1,S,0.0,1.0,0.24,0.4765275790642909
343,8,25,2,S,1.0,0.5,0.76,0.03539869066081622
344,8,25,2,S,2.0,0.5,0.24,0.3934887870087603
345,8,57,3,S,0.0,0.88,0.64,0.07742106903109719
346,8,57,3,S,1.0,0.4,0.62,0.10716108669245047
347,8,57,3,S,2.0,0.36,0.36,0.401095848214375
348,8,57,3,S,3.0,0.12,0.38,0.5554007612559124
349,8,58,3,S,0.0,0.88,0.38,0.3354407915049822
350,8,58,3,S,1.0,0.62,0.9,0.034807239103626035
351,8,58,3,S,2.0,0.62,0.12,0.4155280462643677
352,8,58,3,S,3.0,0.12,0.12,0.8542205811191602
353,8,59,3,S,0.0,0.88,0.12,0.6336186071308094
354,8,59,3,S,1.0,0.36,0.88,0.17453708973007714
355,8,59,3,S,2.0,0.36,0.12,0.8979582955780644
356,8,60,3,S,0.0,0.64,0.36,0.309482247022917
357,8,60,3,S,1.0,0.12,0.88,0.14643727857242414
358,8,61,3,S,0.0,0.62,0.6,0.005190640865733162
359,8,61,3,S,1.0,0.12,0.64,0.21424228422426467
360,8,62,3,S,0.0,0.86,0.86,-0.06931490627543993
361,8,63,3,S,0.0,1.0,1.0,-0.04361122930559154
362,9,1,0,S,0.0,0.0,0.5,0.3311313580533615
363,9,1,0,S,1.0,0.76,0.24,0.6214879894692337
364,9,1,0,S,2.0,0.48,1.0,0.12915839583180044
365,9,1,0,S,3.0,0.24,0.24,0.8912408229015522
366,9,2,0,S,0.0,0.5,0.48,0.14795000357624566
367,9,2,0,S,1.0,1.0,0.5,0.08770173597766068
368,9,2,0,S,2.0,0.0,1.0,0.2034847968427294
369,9,2,0,S,3.0,0.5,0.0,0.5804983684882433
370,9,3,0,S,1.0,1.0,0.0,0.3286275262262353
371,9,3,0,S,2.0,0.26,0.74,0.10705498223095088
372,9,3,0,S,3.0,0.0,0.0,0.3532541912106908
373,9,4,0,S,2.0,0.72,0.74,-0.011958612870676049
374,9,5,0,S,2.0,0.96,1.0,-0.027829761955442456
375,9,9,1,S,0.0,0.24,0.5,0.2701246853606463
376,9,9,1,S,1.0,1.0,0.76,0.014414286478613113
377,9,9,1,S,2.0,0.74,1.0,-0.05165243075141178
378,9,9,1,S,3.0,0.24,0.0,0.8344269608408296
379,9,10,1,S,0.0,0.0,0.24,0.5522577097669821
380,9,10,1,S,1.0,0.76,0.5,0.17778665394562249
381,9,10,1,S,2.0,0.24,1.0,0.09150216411206602
382,9,11,1,S,1.0,0.76,0.0,0.3264387308557201
383,9,11,1,S,2.0,0.0,0.76,0.13187870514197228
384,9,12,1,S,1.0,1.0,0.24,0.4765275790642909
385,9,25,2,S,2.0,0.5,0.76,0.03539869066081622
386,9,25,2,S,3.0,0.5,0.24,0.3934887870087603
387,9,57,3,S,0.0,0.12,0.38,0.5554007612559124
388,9,57,3,S,1.0,0.88,0.64,0.07742106903109719
389,9,57,3,S,2.0,0.4,0.62,0.10716108669245047
390,9,57,3,S,3.0,0.36,0.36,0.401095848214375
391,9,58,3,S,0.0,0.12,0.12,0.8542205811191602
392,9,58,3,S,1.0,0.88,0.38,0.3354407915049822
393,9,58,3,S,2.0,0.62,0.9,0.034807239103626035
394,9,58,3,S,3.0,0.62,0.12,0.4155280462643677
395,9,59,3,S,1.0,0.88,0.12,0.6336186071308094
396,9,59,3,S,2.0,0.36,0.88,0.17453708973007714
397,9,59,3,S,3.0,0.36,0.12,0.8979582955780644
398,9,60,3,S,1.0,0.64,0.36,0.309482247022917
399,9,60,3,S,2.0,0.12,0.88,0.14643727857242414
400,9,61,3,S,1.0,0.62,0.6,0.005190640865733162
401,9,61,3,S,2.0,0.12,0.64,0.21424228422426467
402,9,62,3,S,1.0,0.86,0.86,-0.06931490627543993
403,9,63,3,S,1.0,1.0,1.0,-0.04361122930559154
404,10,1,0,S,0.0,0.5,0.0,0.5804983684882433
405,10,1,0,S,1.0,0.24,0.24,0.8912408229015522
406,10,1,0,S,2.0,0.96,1.0,-0.027829761955442456
407,10,1,0,S,3.0,0.0,0.5,0.3311313580533615
408,10,2,0,S,0.0,0.76,0.24,0.6214879894692337
409,10,2,0,S,1.0,0.26,0.74,0.10705498223095088
410,10,2,0,S,2.0,0.72,0.74,-0.011958612870676049
411,10,2,0,S,3.0,0.0,1.0,0.2034847968427294
412,10,3,0,S,0.0,1.0,0.5,0.08770173597766068
413,10,3,0,S,1.0,0.0,0.0,0.3532541912106908
414,10,3,0,S,2.0,0.5,0.48,0.14795000357624566
415,10,4,0,S,0.0,1.0,0.0,0.3286275262262353
416,10,4,0,S,2.0,0.48,1.0,0.12915839583180044
417,10,9,1,S,0.0,1.0,0.76,0.014414286478613113
418,10,9,1,S,1.0,0.24,0.0,0.8344269608408296
419,10,9,1,S,3.0,0.74,1.0,-0.05165243075141178
420,10,10,1,S,0.0,0.76,0.5,0.17778665394562249
421,10,10,1,S,1.0,0.0,0.24,0.5522577097669821
422,10,10,1,S,3.0,0.24,1.0,0.09150216411206602
423,10,11,1,S,0.0,0.76,0.0,0.3264387308557201
424,10,11,1,S,3.0,0.0,0.76,0.13187870514197228
425,10,12,1,S,0.0,1.0,0.24,0.4765275790642909
426,10,12,1,S,3.0,0.24,0.5,0.2701246853606463
427,10,25,2,S,2.0,0.5,0.24,0.3934887870087603
428,10,25,2,S,3.0,0.5,0.76,0.03539869066081622
429,10,57,3,S,0.0,0.88,0.64,0.07742106903109719
430,10,57,3,S,1.0,0.12,0.38,0.5554007612559124
431,10,57,3,S,2.0,0.36,0.36,0.401095848214375
432,10,57,3,S,3.0,0.4,0.62,0.10716108669245047
433,10,58,3,S,0.0,0.88,0.38,0.3354407915049822
434,10,58,3,S,1.0,0.12,0.12,0.8542205811191602
435,10,58,3,S,2.0,0.62,0.12,0.4155280462643677
436,10,58,3,S,3.0,0.62,0.9,0.034807239103626035
437,10,59,3,S,0.0,0.88,0.12,0.6336186071308094
438,10,59,3,S,2.0,0.36,0.12,0.8979582955780644
439,10,59,3,S,3.0,0.36,0.88,0.17453708973007714
440,10,60,3,S,0.0,0.64,0.36,0.309482247022917
441,10,60,3,S,3.0,0.12,0.88,0.14643727857242414
442,10,61,3,S,0.0,0.62,0.6,0.005190640865733162
443,10,61,3,S,3.0,0.12,0.64,0.21424228422426467
444,10,62,3,S,0.0,0.86,0.86,-0.06931490627543993
445,10,63,3,S,0.0,1.0,1.0,-0.04361122930559154
446,11,1,0,S,0.0,0.5,0.48,0.14795000357624566
447,11,1,0,S,1.0,0.24,0.24,0.8912408229015522
448,11,1,0,S,2.0,0.26,0.74,0.10705498223095088
449,11,1,0,S,3.0,0.76,0.24,0.6214879894692337
450,11,2,0,S,0.0,0.72,0.74,-0.011958612870676049
451,11,2,0,S,1.0,0.0,0.5,0.3311313580533615
452,11,2,0,S,2.0,0.48,1.0,0.12915839583180044
453,11,2,0,S,3.0,0.5,0.0,0.5804983684882433
454,11,3,0,S,0.0,0.96,1.0,-0.027829761955442456
455,11,3,0,S,1.0,0.0,0.0,0.3532541912106908
456,11,3,0,S,2.0,0.0,1.0,0.2034847968427294
457,11,3,0,S,3.0,1.0,0.0,0.3286275262262353
458,11,4,0,S,0.0,1.0,0.5,0.08770173597766068
459,11,9,1,S,0.0,0.76,0.5,0.17778665394562249
460,11,9,1,S,1.0,0.24,0.0,0.8344269608408296
461,11,9,1,S,2.0,0.74,1.0,-0.05165243075141178
462,11,9,1,S,3.0,0.76,0.0,0.3264387308557201
463,11,10,1,S,0.0,1.0,0.24,0.4765275790642909
464,11,10,1,S,1.0,0.0,0.24,0.5522577097669821
465,11,10,1,S,2.0,0.24,1.0,0.09150216411206602
466,11,11,1,S,0.0,1.0,0.76,0.014414286478613113
467,11,11,1,S,2.0,0.0,0.76,0.13187870514197228
468,11,12,1,S,2.0,0.24,0.5,0.2701246853606463
469,11,25,2,S,2.0,0.5,0.76,0.03539869066081622
470,11,25,2,S,3.0,0.5,0.24,0.3934887870087603
471,11,57,3,S,0.0,0.88,0.64,0.07742106903109719
472,11,57,3,S,1.0,0.12,0.38,0.5554007612559124
473,11,57,3,S,2.0,0.4,0.62,0.10716108669245047
474,11,57,3,S,3.0,0.36,0.36,0.401095848214375
475,11,58,3,S,0.0,0.88,0.38,0.3354407915049822
476,11,58,3,S,1.0,0.12,0.12,0.8542205811191602
477,11,58,3,S,2.0,0.62,0.9,0.034807239103626035
478,11,58,3,S,3.0,0.62,0.12,0.4155280462643677
479,11,59,3,S,0.0,0.88,0.12,0.6336186071308094
480,11,59,3,S,2.0,0.36,0.88,0.17453708973007714
481,11,59,3,S,3.0,0.36,0.12,0.8979582955780644
482,11,60,3,S,0.0,0.64,0.36,0.309482247022917
483,11,60,3,S,2.0,0.12,0.88,0.14643727857242414
484,11,61,3,S,0.0,0.62,0.6,0.005190640865733162
485,11,61,3,S,2.0,0.12,0.64,0.21424228422426467
486,11,62,3,S,0.0,0.86,0.86,-0.06931490627543993
487,11,63,3,S,0.0,1.0,1.0,-0.04361122930559154
488,12,1,0,S,0.0,0.0,0.5,0.3311313580533615
489,12,1,0,S,1.0,0.5,0.0,0.5804983684882433
490,12,1,0,S,2.0,0.96,1.0,-0.027829761955442456
491,12,1,0,S,3.0,0.26,0.74,0.10705498223095088
492,12,2,0,S,0.0,0.0,0.0,0.3532541912106908
493,12,2,0,S,1.0,0.24,0.24,0.8912408229015522
494,12,2,0,S,2.0,0.72,0.74,-0.011958612870676049
495,12,2,0,S,3.0,0.48,1.0,0.12915839583180044
496,12,3,0,S,1.0,0.5,0.48,0.14795000357624566
497,12,3,0,S,2.0,1.0,0.5,0.08770173597766068
498,12,3,0,S,3.0,0.0,1.0,0.2034847968427294
499,12,4,0,S,1.0,0.76,0.24,0.6214879894692337
500,12,5,0,S,1.0,1.0,0.0,0.3286275262262353
501,12,9,1,S,0.0,0.24,0.0,0.8344269608408296
502,12,9,1,S,2.0,1.0,0.76,0.014414286478613113
503,12,9,1,S,3.0,0.74,1.0,-0.05165243075141178
504,12,10,1,S,0.0,0.0,0.24,0.5522577097669821
505,12,10,1,S,2.0,0.76,0.5,0.17778665394562249
506,12,10,1,S,3.0,0.24,1.0,0.09150216411206602
507,12,11,1,S,2.0,0.76,0.0,0.3264387308557201
508,12,11,1,S,3.0,0.0,0.76,0.13187870514197228
509,12,12,1,S,2.0,1.0,0.24,0.4765275790642909
510,12,12,1,S,3.0,0.24,0.5,0.2701246853606463
511,12,25,2,S,1.0,0.5,0.24,0.3934887870087603
512,12,25,2,S,3.0,0.5,0.76,0.03539869066081622
513,12,57,3,S,0.0,0.12,0.38,0.5554007612559124
514,12,57,3,S,1.0,0.36,0.36,0.401095848214375
515,12,57,3,S,2.0,0.88,0.64,0.07742106903109719
516,12,57,3,S,3.0,0.4,0.62,0.10716108669245047
517,12,58,3,S,0.0,0.12,0.12,0.8542205811191602
518,12,58,3,S,1.0,0.62,0.12,0.4155280462643677
519,12,58,3,S,2.0,0.88,0.38,0.3354407915049822
520,12,58,3,S,3.0,0.62,0.9,0.034807239103626035
521,12,59,3,S,1.0,0.36,0.12,0.8979582955780644
522,12,59,3,S,2.0,0.88,0.12,0.6336186071308094
523,12,59,3,S,3.0,0.36,0.88,0.17453708973007714
524,12,60,3,S,2.0,0.64,0.36,0.309482247022917
525,12,60,3,S,3.0,0.12,0.88,0.14643727857242414
526,12,61,3,S,2.0,0.62,0.6,0.005190640865733162
527,12,61,3,S,3.0,0.12,0.64,0.21424228422426467
528,12,62,3,S,2.0,0.86,0.86,-0.06931490627543993
529,12,63,3,S,2.0,1.0,1.0,-0.04361122930559154
530,13,1,0,S,0.0,0.0,0.5,0.3311313580533615
531,13,1,0,S,1.0,0.26,0.74,0.10705498223095088
532,13,1,0,S,2.0,1.0,0.5,0.08770173597766068
533,13,1,0,S,3.0,0.24,0.24,0.8912408229015522
534,13,2,0,S,0.0,0.0,0.0,0.3532541912106908
535,13,2,0,S,1.0,0.48,1.0,0.12915839583180044
536,13,2,0,S,2.0,1.0,0.0,0.3286275262262353
537,13,2,0,S,3.0,0.5,0.0,0.5804983684882433
538,13,3,0,S,1.0,0.0,1.0,0.2034847968427294
539,13,3,0,S,2.0,0.76,0.24,0.6214879894692337
540,13,3,0,S,3.0,0.5,0.48,0.14795000357624566
541,13,4,0,S,2.0,0.72,0.74,-0.011958612870676049
542,13,5,0,S,2.0,0.96,1.0,-0.027829761955442456
543,13,9,1,S,0.0,0.24,0.0,0.8344269608408296
544,13,9,1,S,1.0,0.74,1.0,-0.05165243075141178
545,13,9,1,S,2.0,1.0,0.76,0.014414286478613113
546,13,10,1,S,0.0,0.0,0.24,0.5522577097669821
547,13,10,1,S,1.0,0.24,1.0,0.09150216411206602
548,13,10,1,S,2.0,0.76,0.5,0.17778665394562249
549,13,11,1,S,1.0,0.0,0.76,0.13187870514197228
550,13,11,1,S,2.0,0.76,0.0,0.3264387308557201
551,13,12,1,S,1.0,0.24,0.5,0.2701246853606463
552,13,12,1,S,2.0,1.0,0.24,0.4765275790642909
553,13,25,2,S,1.0,0.5,0.76,0.03539869066081622
554,13,25,2,S,3.0,0.5,0.24,0.3934887870087603
555,13,57,3,S,0.0,0.12,0.38,0.5554007612559124
556,13,57,3,S,1.0,0.4,0.62,0.10716108669245047
557,13,57,3,S,2.0,0.88,0.64,0.07742106903109719
558,13,57,3,S,3.0,0.36,0.36,0.401095848214375
559,13,58,3,S,0.0,0.12,0.12,0.8542205811191602
560,13,58,3,S,1.0,0.62,0.9,0.034807239103626035
561,13,58,3,S,2.0,0.88,0.38,0.3354407915049822
562,13,58,3,S,3.0,0.62,0.12,0.4155280462643677
563,13,59,3,S,1.0,0.36,0.88,0.17453708973007714
564,13,59,3,S,2.0,0.88,0.12,0.6336186071308094
565,13,59,3,S,3.0,0.36,0.12,0.8979582955780644
566,13,60,3,S,1.0,0.12,0.88,0.14643727857242414
567,13,60,3,S,2.0,0.64,0.36,0.309482247022917
568,13,61,3,S,1.0,0.12,0.64,0.21424228422426467
569,13,61,3,S,2.0,0.62,0.6,0.005190640865733162
570,13,62,3,S,2.0,0.86,0.86,-0.06931490627543993
571,13,63,3,S,2.0,1.0,1.0,-0.04361122930559154
572,14,1,0,S,0.0,0.96,1.0,-0.027829761955442456
573,14,1,0,S,1.0,0.26,0.74,0.10705498223095088
574,14,1,0,S,2.0,0.72,0.74,-0.011958612870676049
575,14,1,0,S,3.0,0.76,0.24,0.6214879894692337
576,14,2,0,S,1.0,0.48,1.0,0.12915839583180044
577,14,2,0,S,2.0,0.5,0.48,0.14795000357624566
578,14,2,0,S,3.0,0.0,0.0,0.3532541912106908
579,14,3,0,S,1.0,0.0,1.0,0.2034847968427294
580,14,3,0,S,2.0,0.24,0.24,0.8912408229015522
581,14,3,0,S,3.0,0.5,0.0,0.5804983684882433
582,14,4,0,S,2.0,0.0,0.5,0.3311313580533615
583,14,4,0,S,3.0,1.0,0.0,0.3286275262262353
584,14,5,0,S,3.0,1.0,0.5,0.08770173597766068
585,14,9,1,S,0.0,1.0,0.76,0.014414286478613113
586,14,9,1,S,1.0,0.74,1.0,-0.05165243075141178
587,14,9,1,S,2.0,0.24,0.0,0.8344269608408296
588,14,10,1,S,0.0,0.76,0.5,0.17778665394562249
589,14,10,1,S,1.0,0.24,1.0,0.09150216411206602
590,14,10,1,S,2.0,0.0,0.24,0.5522577097669821
591,14,11,1,S,0.0,0.76,0.0,0.3264387308557201
592,14,11,1,S,1.0,0.0,0.76,0.13187870514197228
593,14,12,1,S,0.0,1.0,0.24,0.4765275790642909
594,14,12,1,S,1.0,0.24,0.5,0.2701246853606463
595,14,25,2,S,1.0,0.5,0.76,0.03539869066081622
596,14,25,2,S,3.0,0.5,0.24,0.3934887870087603
597,14,57,3,S,0.0,0.88,0.64,0.07742106903109719
598,14,57,3,S,1.0,0.4,0.62,0.10716108669245047
599,14,57,3,S,2.0,0.12,0.38,0.5554007612559124
600,14,57,3,S,3.0,0.36,0.36,0.401095848214375
601,14,58,3,S,0.0,0.88,0.38,0.3354407915049822
602,14,58,3,S,1.0,0.62,0.9,0.034807239103626035
603,14,58,3,S,2.0,0.12,0.12,0.8542205811191602
604,14,58,3,S,3.0,0.62,0.12,0.4155280462643677
605,14,59,3,S,0.0,0.88,0.12,0.6336186071308094
606,14,59,3,S,1.0,0.36,0.88,0.17453708973007714
607,14,59,3,S,3.0,0.36,0.12,0.8979582955780644
608,14,60,3,S,0.0,0.64,0.36,0.309482247022917
609,14,60,3,S,1.0,0.12,0.88,0.14643727857242414
610,14,61,3,S,0.0,0.62,0.6,0.005190640865733162
611,14,61,3,S,1.0,0.12,0.64,0.21424228422426467
612,14,62,3,S,0.0,0.86,0.86,-0.06931490627543993
613,14,63,3,S,0.0,1.0,1.0,-0.04361122930559154
614,15,1,0,S,0.0,0.26,0.74,0.10705498223095088
615,15,1,0,S,1.0,0.48,1.0,0.12915839583180044
616,15,1,0,S,2.0,0.76,0.24,0.6214879894692337
617,15,1,0,S,3.0,0.24,0.24,0.8912408229015522
618,15,2,0,S,0.0,0.0,0.5,0.3311313580533615
619,15,2,0,S,1.0,0.72,0.74,-0.011958612870676049
620,15,2,0,S,2.0,0.5,0.48,0.14795000357624566
621,15,2,0,S,3.0,0.5,0.0,0.5804983684882433
622,15,3,0,S,0.0,0.0,1.0,0.2034847968427294
623,15,3,0,S,1.0,1.0,0.5,0.08770173597766068
624,15,3,0,S,2.0,1.0,0.0,0.3286275262262353
625,15,3,0,S,3.0,0.0,0.0,0.3532541912106908
626,15,4,0,S,1.0,0.96,1.0,-0.027829761955442456
627,15,9,1,S,0.0,0.74,1.0,-0.05165243075141178
628,15,9,1,S,1.0,0.76,0.5,0.17778665394562249
629,15,9,1,S,2.0,0.76,0.0,0.3264387308557201
630,15,9,1,S,3.0,0.24,0.0,0.8344269608408296
631,15,10,1,S,0.0,0.24,1.0,0.09150216411206602
632,15,10,1,S,1.0,1.0,0.24,0.4765275790642909
633,15,10,1,S,3.0,0.0,0.24,0.5522577097669821
634,15,11,1,S,0.0,0.0,0.76,0.13187870514197228
635,15,11,1,S,1.0,1.0,0.76,0.014414286478613113
636,15,12,1,S,0.0,0.24,0.5,0.2701246853606463
637,15,25,2,S,0.0,0.5,0.76,0.03539869066081622
638,15,25,2,S,2.0,0.5,0.24,0.3934887870087603
639,15,57,3,S,0.0,0.4,0.62,0.10716108669245047
640,15,57,3,S,1.0,0.88,0.64,0.07742106903109719
641,15,57,3,S,2.0,0.36,0.36,0.401095848214375
642,15,57,3,S,3.0,0.12,0.38,0.5554007612559124
643,15,58,3,S,0.0,0.62,0.9,0.034807239103626035
644,15,58,3,S,1.0,0.88,0.38,0.3354407915049822
645,15,58,3,S,2.0,0.62,0.12,0.4155280462643677
646,15,58,3,S,3.0,0.12,0.12,0.8542205811191602
647,15,59,3,S,0.0,0.36,0.88,0.17453708973007714
648,15,59,3,S,1.0,0.88,0.12,0.6336186071308094
649,15,59,3,S,2.0,0.36,0.12,0.8979582955780644
650,15,60,3,S,0.0,0.12,0.88,0.14643727857242414
651,15,60,3,S,1.0,0.64,0.36,0.309482247022917
652,15,61,3,S,0.0,0.12,0.64,0.21424228422426467
653,15,61,3,S,1.0,0.62,0.6,0.005190640865733162
654,15,62,3,S,1.0,0.86,0.86,-0.06931490627543993
655,15,63,3,S,1.0,1.0,1.0,-0.04361122930559154
656,16,1,0,S,0.0,0.26,0.74,0.10705498223095088
657,16,1,0,S,1.0,0.5,0.0,0.5804983684882433
658,16,1,0,S,2.0,0.72,0.74,-0.011958612870676049
659,16,1,0,S,3.0,0.48,1.0,0.12915839583180044
660,16,2,0,S,0.0,0.0,1.0,0.2034847968427294
661,16,2,0,S,1.0,0.24,0.24,0.8912408229015522
662,16,2,0,S,2.0,0.96,1.0,-0.027829761955442456
663,16,3,0,S,1.0,0.0,0.5,0.3311313580533615
664,16,3,0,S,2.0,1.0,0.5,0.08770173597766068
665,16,4,0,S,1.0,0.0,0.0,0.3532541912106908
666,16,4,0,S,2.0,1.0,0.0,0.3286275262262353
667,16,5,0,S,2.0,0.76,0.24,0.6214879894692337
668,16,6,0,S,2.0,0.5,0.48,0.14795000357624566
669,16,9,1,S,0.0,0.24,0.5,0.2701246853606463
670,16,9,1,S,1.0,0.24,0.0,0.8344269608408296
671,16,9,1,S,2.0,1.0,0.76,0.014414286478613113
672,16,9,1,S,3.0,0.74,1.0,-0.05165243075141178
673,16,10,1,S,1.0,0.0,0.24,0.5522577097669821
674,16,10,1,S,2.0,0.76,0.5,0.17778665394562249
675,16,10,1,S,3.0,0.24,1.0,0.09150216411206602
676,16,11,1,S,2.0,0.76,0.0,0.3264387308557201
677,16,11,1,S,3.0,0.0,0.76,0.13187870514197228
678,16,12,1,S,2.0,1.0,0.24,0.4765275790642909
679,16,25,2,S,1.0,0.5,0.24,0.3934887870087603
680,16,25,2,S,3.0,0.5,0.76,0.03539869066081622
681,16,57,3,S,0.0,0.12,0.38,0.5554007612559124
682,16,57,3,S,1.0,0.36,0.36,0.401095848214375
683,16,57,3,S,2.0,0.88,0.64,0.07742106903109719
684,16,57,3,S,3.0,0.4,0.62,0.10716108669245047
685,16,58,3,S,0.0,0.12,0.12,0.8542205811191602
686,16,58,3,S,1.0,0.62,0.12,0.4155280462643677
687,16,58,3,S,2.0,0.88,0.38,0.3354407915049822
688,16,58,3,S,3.0,0.62,0.9,0.034807239103626035
689,16,59,3,S,1.0,0.36,0.12,0.8979582955780644
690,16,59,3,S,2.0,0.88,0.12,0.6336186071308094
691,16,59,3,S,3.0,0.36,0.88,0.17453708973007714
692,16,60,3,S,2.0,0.64,0.36,0.309482247022917
693,16,60,3,S,3.0,0.12,0.88,0.14643727857242414
694,16,61,3,S,2.0,0.62,0.6,0.005190640865733162
695,16,61,3,S,3.0,0.12,0.64,0.21424228422426467
696,16,62,3,S,2.0,0.86,0.86,-0.06931490627543993
697,16,63,3,S,2.0,1.0,1.0,-0.04361122930559154
698,17,1,0,S,0.0,0.48,1.0,0.12915839583180044
699,17,1,0,S,1.0,0.24,0.24,0.8912408229015522
700,17,1,0,S,2.0,0.5,0.48,0.14795000357624566
701,17,1,0,S,3.0,0.0,0.5,0.3311313580533615
702,17,2,0,S,0.0,0.0,1.0,0.2034847968427294
703,17,2,0,S,1.0,0.5,0.0,0.5804983684882433
704,17,2,0,S,2.0,0.76,0.24,0.6214879894692337
705,17,3,0,S,0.0,0.26,0.74,0.10705498223095088
706,17,3,0,S,1.0,0.0,0.0,0.3532541912106908
707,17,3,0,S,2.0,1.0,0.0,0.3286275262262353
708,17,4,0,S,0.0,0.72,0.74,-0.011958612870676049
709,17,4,0,S,2.0,1.0,0.5,0.08770173597766068
710,17,5,0,S,0.0,0.96,1.0,-0.027829761955442456
711,17,9,1,S,0.0,0.74,1.0,-0.05165243075141178
712,17,9,1,S,1.0,0.24,0.0,0.8344269608408296
713,17,9,1,S,2.0,1.0,0.76,0.014414286478613113
714,17,9,1,S,3.0,0.24,0.5,0.2701246853606463
715,17,10,1,S,0.0,0.24,1.0,0.09150216411206602
716,17,10,1,S,2.0,0.76,0.5,0.17778665394562249
717,17,10,1,S,3.0,0.0,0.24,0.5522577097669821
718,17,11,1,S,0.0,0.0,0.76,0.13187870514197228
719,17,11,1,S,2.0,0.76,0.0,0.3264387308557201
720,17,12,1,S,2.0,1.0,0.24,0.4765275790642909
721,17,25,2,S,0.0,0.5,0.76,0.03539869066081622
722,17,25,2,S,1.0,0.5,0.24,0.3934887870087603
723,17,57,3,S,0.0,0.4,0.62,0.10716108669245047
724,17,57,3,S,1.0,0.36,0.36,0.401095848214375
725,17,57,3,S,2.0,0.88,0.64,0.07742106903109719
726,17,57,3,S,3.0,0.12,0.38,0.5554007612559124
727,17,58,3,S,0.0,0.62,0.9,0.034807239103626035
728,17,58,3,S,1.0,0.62,0.12,0.4155280462643677
729,17,58,3,S,2.0,0.88,0.38,0.3354407915049822
730,17,58,3,S,3.0,0.12,0.12,0.8542205811191602
731,17,59,3,S,0.0,0.36,0.88,0.17453708973007714
732,17,59,3,S,1.0,0.36,0.12,0.8979582955780644
733,17,59,3,S,2.0,0.88,0.12,0.6336186071308094
734,17,60,3,S,0.0,0.12,0.88,0.14643727857242414
735,17,60,3,S,2.0,0.64,0.36,0.309482247022917
736,17,61,3,S,0.0,0.12,0.64,0.21424228422426467
737,17,61,3,S,2.0,0.62,0.6,0.005190640865733162
738,17,62,3,S,2.0,0.86,0.86,-0.06931490627543993
739,17,63,3,S,2.0,1.0,1.0,-0.04361122930559154
740,18,1,0,S,0.0,0.72,0.74,-0.011958612870676049
741,18,1,0,S,1.0,0.76,0.24,0.6214879894692337
742,18,1,0,S,2.0,1.0,0.5,0.08770173597766068
743,18,1,0,S,3.0,0.5,0.48,0.14795000357624566
744,18,2,0,S,0.0,0.48,1.0,0.12915839583180044
745,18,2,0,S,1.0,0.5,0.0,0.5804983684882433
746,18,2,0,S,3.0,0.24,0.24,0.8912408229015522
747,18,3,0,S,0.0,0.96,1.0,-0.027829761955442456
748,18,3,0,S,1.0,1.0,0.0,0.3286275262262353
749,18,3,0,S,3.0,0.0,0.0,0.3532541912106908
750,18,4,0,S,3.0,0.0,0.5,0.3311313580533615
751,18,5,0,S,3.0,0.0,1.0,0.2034847968427294
752,18,6,0,S,3.0,0.26,0.74,0.10705498223095088
753,18,9,1,S,0.0,0.74,1.0,-0.05165243075141178
754,18,9,1,S,1.0,0.76,0.0,0.3264387308557201
755,18,9,1,S,2.0,0.76,0.5,0.17778665394562249
756,18,9,1,S,3.0,0.24,0.0,0.8344269608408296
757,18,10,1,S,0.0,0.24,1.0,0.09150216411206602
758,18,10,1,S,2.0,1.0,0.24,0.4765275790642909
759,18,10,1,S,3.0,0.0,0.24,0.5522577097669821
760,18,11,1,S,0.0,0.0,0.76,0.13187870514197228
761,18,11,1,S,2.0,1.0,0.76,0.014414286478613113
762,18,12,1,S,0.0,0.24,0.5,0.2701246853606463
763,18,25,2,S,0.0,0.5,0.76,0.03539869066081622
764,18,25,2,S,1.0,0.5,0.24,0.3934887870087603
765,18,57,3,S,0.0,0.4,0.62,0.10716108669245047
766,18,57,3,S,1.0,0.36,0.36,0.401095848214375
767,18,57,3,S,2.0,0.88,0.64,0.07742106903109719
768,18,57,3,S,3.0,0.12,0.38,0.5554007612559124
769,18,58,3,S,0.0,0.62,0.9,0.034807239103626035
770,18,58,3,S,1.0,0.62,0.12,0.4155280462643677
771,18,58,3,S,2.0,0.88,0.38,0.3354407915049822
772,18,58,3,S,3.0,0.12,0.12,0.8542205811191602
773,18,59,3,S,0.0,0.36,0.88,0.17453708973007714
774,18,59,3,S,1.0,0.36,0.12,0.8979582955780644
775,18,59,3,S,2.0,0.88,0.12,0.6336186071308094
776,18,60,3,S,0.0,0.12,0.88,0.14643727857242414
777,18,60,3,S,2.0,0.64,0.36,0.309482247022917
778,18,61,3,S,0.0,0.12,0.64,0.21424228422426467
779,18,61,3,S,2.0,0.62,0.6,0.005190640865733162
780,18,62,3,S,2.0,0.86,0.86,-0.06931490627543993
781,18,63,3,S,2.0,1.0,1.0,-0.04361122930559154
782,19,1,0,S,0.0,0.76,0.24,0.6214879894692337
783,19,1,0,S,1.0,0.24,0.24,0.8912408229015522
784,19,1,0,S,2.0,0.48,1.0,0.12915839583180044
785,19,1,0,S,3.0,1.0,0.5,0.08770173597766068
786,19,2,0,S,1.0,0.0,0.0,0.3532541912106908
787,19,2,0,S,2.0,0.0,1.0,0.2034847968427294
788,19,2,0,S,3.0,1.0,0.0,0.3286275262262353
789,19,3,0,S,1.0,0.0,0.5,0.3311313580533615
790,19,3,0,S,2.0,0.26,0.74,0.10705498223095088
791,19,4,0,S,1.0,0.5,0.48,0.14795000357624566
792,19,4,0,S,2.0,0.72,0.74,-0.011958612870676049
793,19,5,0,S,1.0,0.5,0.0,0.5804983684882433
794,19,5,0,S,2.0,0.96,1.0,-0.027829761955442456
795,19,9,1,S,1.0,0.24,0.0,0.8344269608408296
796,19,9,1,S,2.0,0.74,1.0,-0.05165243075141178
797,19,9,1,S,3.0,1.0,0.76,0.014414286478613113
798,19,10,1,S,1.0,0.0,0.24,0.5522577097669821
799,19,10,1,S,2.0,0.24,1.0,0.09150216411206602
800,19,10,1,S,3.0,0.76,0.5,0.17778665394562249
801,19,11,1,S,2.0,0.0,0.76,0.13187870514197228
802,19,11,1,S,3.0,0.76,0.0,0.3264387308557201
803,19,12,1,S,2.0,0.24,0.5,0.2701246853606463
804,19,12,1,S,3.0,1.0,0.24,0.4765275790642909
805,19,25,2,S,0.0,0.5,0.24,0.3934887870087603
806,19,25,2,S,2.0,0.5,0.76,0.03539869066081622
807,19,57,3,S,0.0,0.36,0.36,0.401095848214375
808,19,57,3,S,1.0,0.12,0.38,0.5554007612559124
809,19,57,3,S,2.0,0.4,0.62,0.10716108669245047
810,19,57,3,S,3.0,0.88,0.64,0.07742106903109719
811,19,58,3,S,0.0,0.62,0.12,0.4155280462643677
812,19,58,3,S,1.0,0.12,0.12,0.8542205811191602
813,19,58,3,S,2.0,0.62,0.9,0.034807239103626035
814,19,58,3,S,3.0,0.88,0.38,0.3354407915049822
815,19,59,3,S,0.0,0.36,0.12,0.8979582955780644
816,19,59,3,S,2.0,0.36,0.88,0.17453708973007714
817,19,59,3,S,3.0,0.88,0.12,0.6336186071308094
818,19,60,3,S,2.0,0.12,0.88,0.14643727857242414
819,19,60,3,S,3.0,0.64,0.36,0.309482247022917
820,19,61,3,S,2.0,0.12,0.64,0.21424228422426467
821,19,61,3,S,3.0,0.62,0.6,0.005190640865733162
822,19,62,3,S,3.0,0.86,0.86,-0.06931490627543993
823,19,63,3,S,3.0,1.0,1.0,-0.04361122930559154
