X,Y,f_L
0.0,0.0,0.7027608722452999
0.0,0.02,0.718673358719543
0.0,0.04,0.7337973387409817
0.0,0.06,0.7480923393518836
0.0,0.08,0.761520009655044
0.0,0.1,0.7740442988707467
0.0,0.12,0.7856316236757754
0.0,0.14,0.7962510236941928
0.0,0.16,0.8058743040924774
0.0,0.18,0.8144761643238952
0.0,0.2,0.8220343121678007
0.0,0.22,0.8285295623179632
0.0,0.24,0.8339459188889351
0.0,0.26,0.8382706413298062
0.0,0.28,0.8414942933592354
0.0,0.3,0.8436107746632051
0.0,0.32,0.844617335226206
0.0,0.34,0.8445145722963596
0.0,0.36,0.843306410113916
0.0,0.38,0.8410000626594801
0.0,0.4,0.8376059798019858
0.0,0.42,0.8331377773456081
0.0,0.44,0.8276121515884427
0.0,0.46,0.8210487791128178
0.0,0.48,0.8134702026265561
0.0,0.5,0.804901703765535
0.0,0.52,0.7953711638497469
0.0,0.54,0.7849089136570476
0.0,0.56,0.773547573340434
0.0,0.58,0.7613218836655401
0.0,0.6,0.7482685297848451
0.0,0.62,0.7344259587936742
0.0,0.64,0.7198341923304096
0.0,0.66,0.7045346354895108
0.0,0.68,0.6885698833112049
0.0,0.7000000000000001,0.6719835260963128
0.0,0.72,0.6548199547691461
0.0,0.74,0.6371241674762014
0.0,0.76,0.6189415785641501
0.0,0.78,0.6003178310280834
0.0,0.8,0.5812986134608668
0.0,0.8200000000000001,0.561929482467646
0.0,0.84,0.542255691436897
0.0,0.86,0.5223220264817967
0.0,0.88,0.5021726502841332
0.0,0.9,0.48185095448828713
0.0,0.92,0.46139942120606475
0.0,0.9400000000000001,0.440859494105182
0.0,0.96,0.4202714594659274
0.0,0.98,0.3996743375028447
0.0,1.0,0.379105784161964
0.02,0.0,0.7196223518984125
0.02,0.02,0.735532935982141
0.02,0.04,0.7506335677971943
0.02,0.06,0.7648837532565312
0.02,0.08,0.7782451962147802
0.02,0.1,0.7906819764694729
0.02,0.12,0.8021607166081821
0.02,0.14,0.812650736574399
0.02,0.16,0.8221241949113269
0.02,0.18,0.8305562157384626
0.02,0.2,0.8379250006199576
0.02,0.22,0.8442119245953268
0.02,0.24,0.8494016157610037
0.02,0.26,0.8534820179143737
0.02,0.28,0.8564444358990497
0.02,0.3,0.8582835634200408
0.02,0.32,0.8589974932288351
0.02,0.34,0.8585877097099166
0.02,0.36,0.8570590640307171
0.02,0.38,0.8544197321450419
0.02,0.4,0.8506811560645068
0.02,0.42,0.8458579689322084
0.02,0.44,0.8399679045466836
0.02,0.46,0.8330316920910795
0.02,0.48,0.8250729369214757
0.02,0.5,0.8161179883585526
0.02,0.52,0.806195795507607
0.02,0.54,0.7953377522025769
0.02,0.56,0.7835775322298046
0.02,0.58,0.770950916036314
0.02,0.6,0.7574956101651573
0.02,0.62,0.7432510606867851
0.02,0.64,0.7282582619103696
0.02,0.66,0.7125595616627396
0.02,0.68,0.6961984644152597
0.02,0.7000000000000001,0.6792194335209637
0.02,0.72,0.6616676937960682
0.02,0.74,0.6435890356420771
0.02,0.76,0.6250296218578347
0.02,0.78,0.6060357982357024
0.02,0.8,0.5866539089734195
0.02,0.8200000000000001,0.566930117863929
0.02,0.84,0.5469102361504649
0.02,0.86,0.5266395578544184
0.02,0.88,0.5061627032998418
0.02,0.9,0.4855234714719293
0.02,0.92,0.46476470175833
0.02,0.9400000000000001,0.44392814553264015
0.02,0.96,0.4230543479498536
0.02,0.98,0.40218254023467964
0.02,1.0,0.3813505426564341
0.04,0.0,0.7360253012697888
0.04,0.02,0.7519182297189525
0.04,0.04,0.7669800153807625
0.04,0.06,0.7811701874913277
0.04,0.08,0.7944505486429732
0.04,0.1,0.8067853525115686
0.04,0.12,0.818141469995944
0.04,0.14,0.8284885426468882
0.04,0.16,0.8377991223530293
0.04,0.18,0.8460487963499349
0.04,0.2,0.853216296726168
0.04,0.22,0.8592835937146965
0.04,0.24,0.8642359721789018
0.04,0.26,0.8680620908283081
0.04,0.28,0.8707540238287473
0.04,0.3,0.8723072846037955
0.04,0.32,0.8727208317576162
0.04,0.34,0.8719970571825293
0.04,0.36,0.8701417565463914
0.04,0.38,0.867164082483989
0.04,0.4,0.8630764809417824
0.04,0.42,0.8578946112454326
0.04,0.44,0.8516372505733942
0.04,0.46,0.8443261836264356
0.04,0.48,0.8359860783813962
0.04,0.5,0.8266443489068259
0.04,0.52,0.8163310062977964
0.04,0.54,0.8050784988563778
0.04,0.56,0.792921542702664
0.04,0.58,0.7798969440483582
0.04,0.6,0.7660434144006021
0.04,0.62,0.7514013799878677
0.04,0.64,0.736012786712267
0.04,0.66,0.7199209019338652
0.04,0.68,0.7031701143826051
0.04,0.7000000000000001,0.685805733472817
0.04,0.72,0.6678737892643538
0.04,0.74,0.6494208342738436
0.04,0.76,0.6304937482900105
0.04,0.78,0.6111395472892587
0.04,0.8,0.5914051974825603
0.04,0.8200000000000001,0.5713374354530185
0.04,0.84,0.5509825952662041
0.04,0.86,0.5303864433534147
0.04,0.88,0.509594021882396
0.04,0.9,0.48864950124170603
0.04,0.92,0.46759604217477735
0.04,0.9400000000000001,0.4464756680088195
0.04,0.96,0.4253291473328213
0.04,0.98,0.40419588738905865
0.04,1.0,0.3831138383544002
0.06,0.0,0.7519396090929586
0.06,0.02,0.7677990615528578
0.06,0.04,0.7828064776691414
0.06,0.06,0.7969214547726334
0.06,0.08,0.8101059383419119
0.06,0.1,0.8223243992371682
0.06,0.12,0.8335439989155933
0.06,0.14,0.8437347415120255
0.06,0.16,0.8528696117617929
0.06,0.18,0.8609246978450413
0.06,0.2,0.8678792983424253
0.06,0.22,0.873716012609715
0.06,0.24,0.8784208140025969
0.06,0.26,0.8819831055113702
0.06,0.28,0.8843957574972778
0.06,0.3,0.8856551273563913
0.06,0.32,0.8857610610720924
0.06,0.34,0.8847168767519061
0.06,0.36,0.8825293303774024
0.06,0.38,0.8792085641258569
0.06,0.4,0.8747680377480794
0.06,0.42,0.8692244436071176
0.06,0.44,0.8625976060962711
0.06,0.46,0.8549103662610579
0.06,0.48,0.8461884525474339
0.06,0.5,0.8364603386869265
0.06,0.52,0.8257570898076474
0.06,0.54,0.8141121979278255
0.06,0.56,0.8015614080450746
0.06,0.58,0.788142536079727
0.06,0.6,0.7738952799640765
0.06,0.62,0.758861025191104
0.06,0.64,0.7430826461463863
0.06,0.66,0.7266043045454555
0.06,0.68,0.7094712462863381
0.06,0.7000000000000001,0.6917295980035992
0.06,0.72,0.6734261645766315
0.06,0.74,0.6546082288016754
0.06,0.76,0.6353233543848618
0.06,0.78,0.6156191933532569
0.06,0.8,0.5955432989132351
0.06,0.8200000000000001,0.5751429447114704
0.06,0.84,0.5544649513743255
0.06,0.86,0.5335555211173828
0.06,0.88,0.5124600811293266
0.06,0.9,0.49122313634427894
0.06,0.92,0.46988813212502223
0.06,0.9400000000000001,0.4484973272872312
0.06,0.96,0.427091677802829
0.06,0.98,0.40571073142972136
0.06,1.0,0.3843925334263093
0.08,0.0,0.7673358225119432
0.08,0.02,0.783145952060341
0.08,0.04,0.7980834902276965
0.08,0.06,0.8121081474088832
0.08,0.08,0.8251820561581003
0.08,0.1,0.8372699477089112
0.08,0.12,0.8483393160494819
0.08,0.14,0.8583605684445371
0.08,0.16,0.8673071613921169
0.08,0.18,0.8751557211088402
0.08,0.2,0.8818861477510651
0.08,0.22,0.8874817026999865
0.08,0.24,0.8919290783651369
0.08,0.26,0.8952184500917287
0.08,0.28,0.897343509891545
0.08,0.3,0.8983014818532383
0.08,0.32,0.8980931192247433
0.08,0.34,0.8967226832965457
0.08,0.36,0.8941979043486122
0.08,0.38,0.890529925054471
0.08,0.4,0.8857332268620631
0.08,0.42,0.8798255399913396
0.08,0.44,0.872827737802103
0.08,0.46,0.864763716391178
0.08,0.48,0.8556602603748418
0.08,0.5,0.8455468958996187
0.08,0.52,0.8344557320014364
0.08,0.54,0.8224212914991493
0.08,0.56,0.8094803326630831
0.08,0.58,0.7956716629423216
0.08,0.6,0.7810359460656268
0.08,0.62,0.765615503850259
0.08,0.64,0.7494541140604992
0.08,0.66,0.7325968056536666
0.08,0.68,0.7150896527361508
0.08,0.7000000000000001,0.6969795685259095
0.08,0.72,0.6783141005815608
0.08,0.74,0.6591412285122574
0.08,0.76,0.6395091653277338
0.08,0.78,0.6194661635250175
0.08,0.8,0.599060326938226
0.08,0.8200000000000001,0.5783394293014953
0.08,0.84,0.5573507403933896
0.08,0.86,0.5361408605450896
0.08,0.88,0.514755564205263
0.08,0.9,0.4932396531627444
0.08,0.92,0.4716368199349991
0.08,0.9400000000000001,0.4499895217367589
0.08,0.96,0.4283388653501235
0.08,0.98,0.40672450312568376
0.08,1.0,0.38518454025467597
0.1,0.0,0.7821852384381931
0.1,0.02,0.7979302124321559
0.1,0.04,0.8127824198353837
0.1,0.06,0.826701729151151
0.1,0.08,0.8396505041166838
0.1,0.1,0.8515937792888899
0.1,0.12,0.8624994227641466
0.1,0.14,0.8723382849329859
0.1,0.16,0.881084332270414
0.1,0.18,0.8887147652714189
0.1,0.2,0.8952101197579329
0.1,0.22,0.9005543509070272
0.1,0.24,0.9047348994791763
0.1,0.26,0.9077427398588024
0.1,0.28,0.9095724096556995
0.1,0.3,0.9102220207539572
0.1,0.32,0.9096932518333675
0.1,0.34,0.9079913225256137
0.1,0.36,0.9051249495024699
0.1,0.38,0.9011062849245354
0.1,0.4,0.8959508378054065
0.1,0.42,0.8896773789664792
0.1,0.44,0.8823078303706923
0.1,0.46,0.8738671397284236
0.1,0.48,0.8643831413645903
0.1,0.5,0.8538864044218877
0.1,0.52,0.8424100695504768
0.1,0.54,0.8299896752986202
0.1,0.56,0.816662975471463
0.1,0.58,0.8024697487659725
0.1,0.6,0.7874516020189335
0.1,0.62,0.7716517684217409
0.1,0.64,0.7551149020606873
0.1,0.66,0.7378868701347864
0.1,0.68,0.7200145441851595
0.1,0.7000000000000001,0.7015455916412534
0.1,0.72,0.6825282689500766
0.1,0.74,0.6630112175060792
0.1,0.76,0.643043263541845
0.1,0.78,0.622673223074384
0.1,0.8,0.6019497129293193
0.1,0.8200000000000001,0.5809209687866163
0.1,0.84,0.5596346711076805
0.1,0.86,0.5381377797156507
0.1,0.88,0.5164763777095129
0.1,0.9,0.4946955252993296
0.1,0.92,0.47283912405529294
0.1,0.9400000000000001,0.45094979196855045
0.1,0.96,0.4290687496276538
0.1,0.98,0.40723571772195766
0.1,1.0,0.3854888259931583
0.12,0.0,0.7964599930849684
0.12,0.02,0.8121240341461834
0.12,0.04,0.8268755541571005
0.12,0.06,0.8406746247250956
0.12,0.08,0.8534838846727311
0.12,0.1,0.8652687144692093
0.12,0.12,0.8759973973808467
0.12,0.14,0.8856412662523022
0.12,0.16,0.894174834933414
0.12,0.18,0.9015759134784573
0.12,0.2,0.9078257063642966
0.12,0.22,0.9129088931001692
0.12,0.24,0.9168136907334183
0.12,0.26,0.9195318978911631
0.12,0.28,0.9210589201362641
0.12,0.3,0.9213937765556903
0.12,0.32,0.9205390876391628
0.12,0.34,0.918501044644342
0.12,0.36,0.9152893607805389
0.12,0.38,0.9109172046746413
0.12,0.4,0.9054011167094483
0.12,0.42,0.8987609089446688
0.12,0.44,0.8910195494434139
0.12,0.46,0.8822030319311058
0.12,0.48,0.872340231808387
0.12,0.5,0.8614627496241397
0.12,0.52,0.8496047431883987
0.12,0.54,0.836802749567281
0.12,0.56,0.8230954982526163
0.12,0.58,0.8085237168375577
0.12,0.6,0.7931299305558579
0.12,0.62,0.7769582570568285
0.12,0.64,0.7600541977903236
0.12,0.66,0.7424644273666933
0.12,0.68,0.7242365822359681
0.12,0.7000000000000001,0.7054190499989655
0.12,0.72,0.6860607606213118
0.12,0.74,0.6662109807700479
0.12,0.76,0.6459191124325385
0.12,0.78,0.6252344969094887
0.12,0.8,0.6042062251990449
0.12,0.8200000000000001,0.582882955708075
0.12,0.84,0.5613127401408597
0.12,0.86,0.53954285832552
0.12,0.88,0.5176196626456311
0.12,0.9,0.49558843264958213
0.12,0.92,0.47349324031440565
0.12,0.9400000000000001,0.45137682634488396
0.12,0.96,0.42928048779376204
0.12,0.98,0.40724397719566613
0.12,1.0,0.3853054133166994
0.14,0.0,0.8101331492826526
0.14,0.02,0.8257005762550083
0.14,0.04,0.8403361888649193
0.14,0.06,0.8540003066468487
0.14,0.08,0.8666558870829597
0.14,0.1,0.8782686986614504
0.14,0.12,0.8888074802459528
0.14,0.14,0.8982440856801106
0.14,0.16,0.9065536126578039
0.14,0.18,0.9137145150044441
0.14,0.2,0.9197086976373138
0.14,0.22,0.9245215936018265
0.14,0.24,0.9281422227145831
0.14,0.26,0.9305632314819083
0.14,0.28,0.9317809141028034
0.14,0.3,0.9317952145065808
0.14,0.32,0.9306097095164555
0.14,0.34,0.9282315733697079
0.14,0.36,0.9246715239613725
0.14,0.38,0.9199437513103897
0.14,0.4,0.9140658288736027
0.14,0.42,0.9070586084527157
0.14,0.44,0.8989460995511879
0.14,0.46,0.889755334141177
0.14,0.48,0.8795162178940336
0.14,0.5,0.8682613690108475
0.14,0.52,0.8560259458614604
0.14,0.54,0.8428474647006835
0.14,0.56,0.8287656087788701
0.14,0.58,0.8138220302001887
0.14,0.6,0.7980601459059079
0.14,0.62,0.7815249291716971
0.14,0.64,0.7642626980076107
0.14,0.66,0.7463209018373057
0.14,0.68,0.7277479078095823
0.14,0.7000000000000001,0.7085927880610784
0.14,0.72,0.6889051092044854
0.14,0.74,0.66873472526276
0.14,0.76,0.6481315752072506
0.14,0.78,0.6271454861873457
0.14,0.8,0.6058259834620782
0.14,0.8200000000000001,0.5842221079611281
0.14,0.84,0.5623822423147625
0.14,0.86,0.5403539461005753
0.14,0.88,0.5181838009603588
0.14,0.9,0.4959172661441531
0.14,0.92,0.4735985449414339
0.14,0.9400000000000001,0.4512704623624898
0.14,0.96,0.4289743543372385
0.14,0.98,0.4067499686049056
0.14,1.0,0.38463537737694037
0.16,0.0,0.8231787811877458
0.16,0.02,0.8386340499008805
0.16,0.04,0.8531387118214654
0.16,0.06,0.8666533789374058
0.16,0.08,0.8791413705144162
0.16,0.1,0.8905688845641799
0.16,0.12,0.9009051552236048
0.16,0.14,0.9101225949831964
0.16,0.16,0.9181969208120228
0.16,0.18,0.92510726334468
0.16,0.2,0.930836258420971
0.16,0.22,0.9353701204004352
0.16,0.24,0.938698696810179
0.16,0.26,0.9408155040242706
0.16,0.28,0.9417177438149635
0.16,0.3,0.9414063007587454
0.16,0.32,0.9398857206223632
0.16,0.34,0.937164169994083
0.16,0.36,0.9332533775622429
0.16,0.38,0.9281685575752825
0.16,0.4,0.9219283161436824
0.16,0.42,0.9145545411634485
0.16,0.44,0.9060722767518533
0.16,0.46,0.8965095831881276
0.16,0.48,0.8858973834438302
0.16,0.5,0.8742692974689555
0.16,0.52,0.8616614654698741
0.16,0.54,0.8481123614734534
0.16,0.56,0.8336625985178058
0.16,0.58,0.8183547268439361
0.16,0.6,0.8022330264839137
0.16,0.62,0.7853432956502874
0.16,0.64,0.7677326363283773
0.16,0.66,0.7494492384582312
0.16,0.68,0.730542164066808
0.16,0.7000000000000001,0.7110611326739518
0.16,0.72,0.6910563092485822
0.16,0.74,0.6705780959350225
0.16,0.76,0.6496769287043054
0.16,0.78,0.628403080012614
0.16,0.8,0.6068064684695889
0.16,0.8200000000000001,0.5849364764341322
0.16,0.84,0.5628417763655519
0.16,0.86,0.5405701666644417
0.16,0.88,0.5181684176416613
0.16,0.9,0.4956821281561327
0.16,0.92,0.47315559336396296
0.16,0.9400000000000001,0.45063168392358094
0.16,0.96,0.428151736905044
0.16,0.98,0.4057554585573395
0.16,1.0,0.3834808389961513
0.18,0.0,0.8355720560097448
0.18,0.02,0.8508997996831564
0.18,0.04,0.8652586839520766
0.18,0.06,0.878609657364337
0.18,0.08,0.8909164435217934
0.18,0.1,0.9021457107436782
0.18,0.12,0.9122672272499764
0.18,0.14,0.921254000818241
0.18,0.16,0.9290824019797329
0.18,0.18,0.9357322699415838
0.18,0.2,0.9411870005496187
0.18,0.22,0.9454336157403366
0.18,0.24,0.9484628140690139
0.18,0.26,0.9502690020425992
0.18,0.28,0.9508503061296558
0.18,0.3,0.9502085654636307
0.18,0.32,0.948349305398828
0.18,0.34,0.945281692219222
0.18,0.36,0.9410184694373499
0.18,0.38,0.9355758762526131
0.18,0.4,0.9289735488642423
0.18,0.42,0.9212344054527127
0.18,0.44,0.9123845157535069
0.18,0.46,0.9024529562478749
0.18,0.48,0.8914716520857446
0.18,0.5,0.8794752069355087
0.18,0.52,0.8665007220234751
0.18,0.54,0.852587605681812
0.18,0.56,0.8377773747675973
0.18,0.58,0.8221134493468789
0.18,0.6,0.8056409420564159
0.18,0.62,0.788406443562168
0.18,0.64,0.7704578055277723
0.18,0.66,0.7518439224886274
0.18,0.68,0.7326145139982347
0.18,0.7000000000000001,0.7128199083737036
0.18,0.72,0.6925108293175426
0.18,0.74,0.6717381866337624
0.18,0.76,0.6505528721887839
0.18,0.78,0.6290055621926072
0.18,0.8,0.6071465267941023
0.18,0.8200000000000001,0.5850254478971495
0.18,0.84,0.5626912460127356
0.18,0.86,0.5401919168670174
0.18,0.88,0.517574378387875
0.18,0.9,0.49488432859359643
0.18,0.92,0.4721661148080941
0.18,0.9400000000000001,0.449462614528385
0.18,0.96,0.42681512817294975
0.18,0.98,0.404263283844811
0.18,1.0,0.3818449541516144
0.2,0.0,0.8472893123938269
0.2,0.02,0.8624743815178986
0.2,0.04,0.8766729164478658
0.2,0.06,0.8898462458560346
0.2,0.08,0.9019585395423279
0.2,0.1,0.9129769760812267
0.2,0.12,0.922871895607467
0.2,0.14,0.931616936710744
0.2,0.16,0.9391891565250926
0.2,0.18,0.945569133222189
0.2,0.2,0.9507410502482768
0.2,0.22,0.9546927617806159
0.2,0.24,0.9574158390198114
0.2,0.26,0.9589055970778678
0.2,0.28,0.9591611023668019
0.2,0.3,0.9581851605378446
0.2,0.32,0.955984285165135
0.2,0.34,0.9525686475090672
0.2,0.36,0.9479520078316882
0.2,0.38,0.9421516288684773
0.2,0.4,0.9351881721862606
0.2,0.42,0.9270855782747307
0.2,0.44,0.9178709313280841
0.2,0.46,0.907574309772626
0.2,0.48,0.8962286236850856
0.2,0.5,0.8838694403240789
0.2,0.52,0.8705347990631084
0.2,0.54,0.8562650170673003
0.2,0.56,0.8411024870973886
0.2,0.58,0.8250914688532105
0.2,0.6,0.8082778752850903
0.2,0.62,0.7907090553051307
0.2,0.64,0.7724335743218645
0.2,0.66,0.7535009940013053
0.2,0.68,0.7339616526257099
0.2,0.7000000000000001,0.7138664473789218
0.2,0.72,0.6932666198347369
0.2,0.74,0.6722135458630917
0.2,0.76,0.6507585310989403
0.2,0.78,0.6289526130413561
0.2,0.8,0.6068463707666827
0.2,0.8200000000000001,0.5844897431504972
0.2,0.84,0.5619318563997381
0.2,0.86,0.5392208615997282
0.2,0.88,0.5164037828819514
0.2,0.9,0.49352637671842525
0.2,0.92,0.4706330027483218
0.2,0.9400000000000001,0.447766506443113
0.2,0.96,0.42496811381885324
0.2,0.98,0.4022773383091406
0.2,1.0,0.3797318998206076
0.22,0.0,0.858308135112996
0.22,0.02,0.8733356366459992
0.22,0.04,0.8873595439593667
0.22,0.06,0.9003416087521489
0.22,0.08,0.9122464880765251
0.22,0.1,0.923041909760382
0.22,0.12,0.9326988225980584
0.22,0.14,0.941191530297755
0.22,0.16,0.9484978082923882
0.22,0.18,0.9545990026468788
0.22,0.2,0.9594801104277767
0.22,0.22,0.9631298410394424
0.22,0.24,0.965540658173408
0.22,0.26,0.9667088021625782
0.22,0.28,0.9666342926782681
0.22,0.3,0.9653209118542003
0.22,0.32,0.9627761680661301
0.22,0.34,0.9590112407373557
0.22,0.36,0.9540409066775731
0.22,0.38,0.9478834485941778
0.22,0.4,0.9405605465398574
0.22,0.42,0.9320971531771163
0.22,0.44,0.9225213538481687
0.22,0.46,0.9118642125364683
0.22,0.48,0.9001596048932802
0.22,0.5,0.8874440395784117
0.22,0.52,0.8737564692280022
0.22,0.54,0.8591380924136911
0.22,0.56,0.8436321479963329
0.22,0.58,0.8272837033035355
0.22,0.6,0.810139437573707
0.22,0.62,0.7922474221102067
0.22,0.64,0.7736568985778011
0.22,0.66,0.754418056850475
0.22,0.68,0.7345818137851342
0.22,0.7000000000000001,0.7141995942506456
0.22,0.72,0.6933231156865758
0.22,0.74,0.6720041774019132
0.22,0.76,0.6502944557517167
0.22,0.78,0.6282453062501062
0.22,0.8,0.6059075735922579
0.22,0.8200000000000001,0.5833314104671277
0.22,0.84,0.5605661059475564
0.22,0.86,0.5376599241463047
0.22,0.88,0.5146599537264416
0.22,0.9,0.4916119687534375
0.22,0.92,0.4685603012752858
0.22,0.9400000000000001,0.44554772591697034
0.22,0.96,0.4226153566775188
0.22,0.98,0.3998025560225805
0.22,1.0,0.37714685627376093
0.24,0.0,0.8686074257411254
0.24,0.02,0.8834627614648072
0.24,0.04,0.8972980934599477
0.24,0.06,0.9100756385741959
0.24,0.08,0.9217605812440999
0.24,0.1,0.9323212364896297
0.24,0.12,0.9417291973177965
0.24,0.14,0.9499594655434956
0.24,0.16,0.9569905651567446
0.24,0.18,0.9628046374942195
0.24,0.2,0.9673875176082067
0.24,0.22,0.9707287913664607
0.24,0.24,0.972821832960566
0.24,0.26,0.9736638226469504
0.24,0.28,0.973255744692121
0.24,0.3,0.9716023656406754
0.24,0.32,0.9687121931696655
0.24,0.34,0.9645974159346369
0.24,0.36,0.9592738249497322
0.24,0.38,0.9527607171753744
0.24,0.4,0.945080782111027
0.24,0.42,0.9362599723062289
0.24,0.44,0.9263273588095041
0.24,0.46,0.9153149726709857
0.24,0.48,0.9032576336998318
0.24,0.5,0.8901927677511506
0.24,0.52,0.8761602138786451
0.24,0.54,0.8612020227381982
0.24,0.56,0.8453622476638659
0.24,0.58,0.828686729861209
0.24,0.6,0.8112228791735523
0.24,0.62,0.7930194518748772
0.24,0.64,0.7741263269288843
0.24,0.66,0.7545942821277958
0.24,0.68,0.7344747714872755
0.24,0.7000000000000001,0.7138197052260228
0.24,0.72,0.6926812336010197
0.24,0.74,0.6711115358028342
0.24,0.76,0.6491626150407569
0.24,0.78,0.6268861008658919
0.24,0.8,0.6043330596925699
0.24,0.8200000000000001,0.5815538143857548
0.24,0.84,0.5585977736854472
0.24,0.86,0.5355132721396179
0.24,0.88,0.5123474211159034
0.24,0.9,0.48914597136027815
0.24,0.92,0.4659531874691596
0.24,0.9400000000000001,0.44281173454084816
0.24,0.96,0.4197625771738293
0.24,0.98,0.396844890884035
0.24,1.0,0.3740959859215091
0.26,0.0,0.8781674689979266
0.26,0.02,0.8928363728787196
0.26,0.04,0.9064695484794624
0.26,0.06,0.9190297190224143
0.26,0.08,0.9304826354274046
0.26,0.1,0.9407972366794439
0.26,0.12,0.9499457942587043
0.26,0.14,0.9579040396619657
0.26,0.16,0.9646512741683176
0.26,0.18,0.9701704601330436
0.26,0.2,0.9744482932310145
0.26,0.22,0.9774752552131575
0.26,0.24,0.9792456468853162
0.26,0.26,0.9797576011666383
0.26,0.28,0.9790130762330489
0.26,0.3,0.9770178288990106
0.26,0.32,0.9737813685361245
0.26,0.34,0.9693168919688847
0.26,0.36,0.9636411999246342
0.26,0.38,0.9567745957452858
0.26,0.4,0.9487407671913936
0.26,0.42,0.9395666522836466
0.26,0.44,0.9292822902317572
0.26,0.46,0.9179206585951957
0.26,0.48,0.9055174979034938
0.26,0.5,0.8921111250352737
0.26,0.52,0.8777422367143243
0.26,0.54,0.8624537045274984
0.26,0.56,0.8462903629028773
0.26,0.58,0.8292987915073491
0.26,0.6,0.8115270935306574
0.26,0.62,0.7930246713182856
0.26,0.64,0.7738420007985523
0.26,0.66,0.7540304061205958
0.26,0.68,0.7336418358799736
0.26,0.7000000000000001,0.7127286422581887
0.26,0.72,0.6913433643423469
0.26,0.74,0.6695385168221641
0.26,0.76,0.6473663851847257
0.26,0.78,0.6248788284436051
0.26,0.8,0.6021270903493806
0.26,0.8200000000000001,0.5791616199341313
0.26,0.84,0.5560319021443901
0.26,0.86,0.5327862992162371
0.26,0.88,0.5094719033438888
0.26,0.9,0.48613440109024103
0.26,0.92,0.46281794988544456
0.26,0.9400000000000001,0.4395650668586215
0.26,0.96,0.4164165301492132
0.26,0.98,0.39341129274901876
0.26,1.0,0.37058640883449095
0.28,0.0,0.8869699944782276
0.28,0.02,0.9014385688863469
0.28,0.04,0.9148564084315707
0.28,0.06,0.9271867829286933
0.28,0.08,0.9383960477390815
0.28,0.1,0.9484538013179241
0.28,0.12,0.9573330264902514
0.28,0.14,0.9650102145071003
0.28,0.16,0.97146547105939
0.28,0.18,0.9766826035605306
0.28,0.2,0.9806491891482012
0.28,0.22,0.983356622999729
0.28,0.24,0.98480014670272
0.28,0.26,0.9849788565715317
0.28,0.28,0.9838956919494602
0.28,0.3,0.9815574036846189
0.28,0.32,0.9779745031130573
0.28,0.34,0.9731611920242247
0.28,0.36,0.9671352742201965
0.28,0.38,0.9599180494097781
0.28,0.4,0.9515341903005503
0.28,0.42,0.942011603865049
0.28,0.44,0.9313812778605439
0.28,0.46,0.9196771137744794
0.28,0.48,0.9069357474488451
0.28,0.5,0.8931963587058704
0.28,0.52,0.8785004713541884
0.28,0.54,0.8628917449984725
0.28,0.56,0.8464157601065371
0.28,0.58,0.8291197978058469
0.28,0.6,0.8110526158864838
0.28,0.62,0.7922642224800928
0.28,0.64,0.772805648864591
0.28,0.66,0.7527287228129
0.28,0.68,0.7320858438613785
0.28,0.7000000000000001,0.710929761820611
0.28,0.72,0.6893133597886153
0.28,0.74,0.6672894428552476
0.28,0.76,0.6449105336075677
0.28,0.78,0.6222286754601659
0.28,0.8,0.5992952447430546
0.28,0.8200000000000001,0.5761607723836905
0.28,0.84,0.552874775920178
0.28,0.86,0.5294856024807487
0.28,0.88,0.5060402832612942
0.28,0.9,0.48258439992911706
0.28,0.92,0.45916196327812936
0.28,0.9400000000000001,0.43581530435945265
0.28,0.96,0.4125849782126312
0.28,0.98,0.3895096802273104
0.28,1.0,0.3666261750740155
0.3,0.0,0.8949982335008636
0.3,0.02,0.9092529841455634
0.3,0.04,0.9224427427825945
0.3,0.06,0.9345313649205241
0.3,0.08,0.9454858470765104
0.3,0.1,0.955276481315687
0.3,0.12,0.9638769931996214
0.3,0.14,0.9712646622187164
0.3,0.16,0.977420423912048
0.3,0.18,0.9823289530137266
0.3,0.2,0.9859787271061955
0.3,0.22,0.9883620704064653
0.3,0.24,0.9894751774598121
0.3,0.26,0.9893181166653946
0.3,0.28,0.9878948137081935
0.3,0.3,0.9852130151201217
0.3,0.32,0.9812842323387277
0.3,0.34,0.9761236667731906
0.3,0.36,0.9697501165229485
0.3,0.38,0.9621858655231021
0.3,0.4,0.9534565560114477
0.3,0.42,0.9435910453236246
0.3,0.44,0.9326212481243851
0.3,0.46,0.9205819652736108
0.3,0.48,0.9075107006047098
0.3,0.5,0.8934474669598026
0.3,0.52,0.8784345828803184
0.3,0.54,0.8625164613928504
0.3,0.56,0.8457393923583822
0.3,0.58,0.8281513198681397
0.3,0.6,0.8098016161716306
0.3,0.62,0.7907408536120615
0.3,0.64,0.7710205760217966
0.3,0.66,0.7506930709962857
0.3,0.68,0.7298111444196076
0.3,0.7000000000000001,0.7084278985592581
0.3,0.72,0.6865965149827656
0.3,0.74,0.6643700434751952
0.3,0.76,0.6418011980554716
0.3,0.78,0.6189421611018023
0.3,0.8,0.5958443965033434
0.3,0.8200000000000001,0.5725584726577223
0.3,0.84,0.5491338960332224
0.3,0.86,0.5256189559113837
0.3,0.88,0.5020605808216186
0.3,0.9,0.478504207075176
0.3,0.92,0.45499365970243244
0.3,0.9400000000000001,0.43157104599598284
0.3,0.96,0.408276661763269
0.3,0.98,0.3851489102972788
0.3,1.0,0.3622242339829885
0.32,0.0,0.9022369708368166
0.32,0.02,0.9162648402828335
0.32,0.04,0.9292142398355716
0.32,0.06,0.9410496485774034
0.32,0.08,0.9517387395527067
0.32,0.1,0.9612525311183651
0.32,0.12,0.9695655213982455
0.32,0.14,0.9766558049412323
0.32,0.16,0.9825051708132766
0.32,0.18,0.9870991814915678
0.32,0.2,0.9904272320719822
0.32,0.22,0.9924825894480193
0.32,0.24,0.9932624112691082
0.32,0.26,0.9927677446369249
0.32,0.28,0.9910035046487972
0.32,0.3,0.9879784330459338
0.32,0.32,0.9837050373695942
0.32,0.34,0.9781995111691673
0.32,0.36,0.9714816359409546
0.32,0.38,0.9635746656042121
0.32,0.4,0.9545051944403168
0.32,0.42,0.9443030095309641
0.32,0.44,0.9330009288309205
0.32,0.46,0.9206346260994123
0.32,0.48,0.9072424439909298
0.32,0.5,0.8928651966705721
0.32,0.52,0.8775459633706563
0.32,0.54,0.8613298743438745
0.32,0.56,0.8442638906937459
0.32,0.58,0.8263965795754542
0.32,0.6,0.8077778862596122
0.32,0.62,0.7884589045383276
0.32,0.64,0.7684916469276085
0.32,0.66,0.7479288160832207
0.32,0.68,0.726823578799216
0.32,0.7000000000000001,0.705229343900311
0.32,0.72,0.6831995452719388
0.32,0.74,0.6607874311960397
0.32,0.76,0.6380458610775411
0.32,0.78,0.6150271105569778
0.32,0.8,0.5917826859099696
0.32,0.8200000000000001,0.5683631485353108
0.32,0.84,0.5448179502314366
0.32,0.86,0.5211952798570052
0.32,0.88,0.49754192186642665
0.32,0.9,0.47390312710636456
0.32,0.92,0.45032249615556874
0.32,0.9400000000000001,0.4268418753887808
0.32,0.96,0.40350126584679347
0.32,0.98,0.38033874489982195
0.32,1.0,0.3573904006009344
0.34,0.0,0.90867259110185
0.34,0.02,0.9224609907394817
0.34,0.04,0.9351582499300858
0.34,0.06,0.9467295078886434
0.34,0.08,0.9571431481214568
0.34,0.1,0.966370946413707
0.34,0.12,0.9743882016312031
0.34,0.14,0.9811738484617104
0.34,0.16,0.9867105513543197
0.34,0.18,0.990984779054823
0.34,0.2,0.993986859279717
0.34,0.22,0.9957110132198214
0.34,0.24,0.9961553697151476
0.34,0.26,0.9953219590940725
0.34,0.28,0.9932166868206844
0.34,0.3,0.9898492872427873
0.34,0.32,0.9852332578781863
0.34,0.34,0.9793857748170488
0.34,0.36,0.9723275899520788
0.34,0.38,0.9640829108747341
0.34,0.4,0.9546792643935827
0.34,0.42,0.9441473447391328
0.34,0.44,0.9325208476171265
0.34,0.46,0.9198362913586585
0.34,0.48,0.9061328264897718
0.34,0.5,0.8914520351050402
0.34,0.52,0.8758377214785434
0.34,0.54,0.859335695381512
0.34,0.56,0.8419935495985161
0.34,0.58,0.823860433143616
0.34,0.6,0.8049868216744761
0.34,0.62,0.785424286586474
0.34,0.64,0.7652252642407348
0.34,0.66,0.7444428267404096
0.34,0.68,0.7231304556190715
0.34,0.7000000000000001,0.7013418197446122
0.34,0.72,0.6791305586723705
0.34,0.74,0.6565500726033696
0.34,0.76,0.6336533200184703
0.34,0.78,0.6104926239680301
0.34,0.8,0.5871194879003876
0.34,0.8200000000000001,0.5635844218122221
0.34,0.84,0.539936779400767
0.34,0.86,0.5162246067929486
0.34,0.88,0.49249450332097716
0.34,0.9,0.4687914947086977
0.34,0.92,0.4451589189290957
0.34,0.9400000000000001,0.42163832489176284
0.34,0.96,0.39826938402062767
0.34,0.98,0.3750898146877196
0.34,1.0,0.3521353193788573
0.36,0.0,0.9142931196255595
0.36,0.02,0.9278299599748886
0.36,0.04,0.9402638228863623
0.36,0.06,0.9515605428500155
0.36,0.08,0.9616892462434249
0.36,0.1,0.9706224957897295
0.36,0.12,0.9783364175559682
0.36,0.14,0.9848108096440509
0.36,0.16,0.9900292318617294
0.36,0.18,0.9939790758022118
0.36,0.2,0.9966516149071378
0.36,0.22,0.9980420342371813
0.36,0.24,0.9981494398259659
0.36,0.26,0.9969768476449711
0.36,0.28,0.9945311523580322
0.36,0.3,0.9908230761925634
0.36,0.32,0.9858670983992658
0.36,0.34,0.9796813659115025
0.36,0.36,0.9722875859483681
0.36,0.38,0.9637109014306287
0.36,0.4,0.9539797501949282
0.36,0.42,0.9431257090980215
0.36,0.44,0.9311833241983785
0.36,0.46,0.9181899282865412
0.36,0.48,0.9041854471074815
0.36,0.5,0.8892121956774318
0.36,0.52,0.8733146661438835
0.36,0.54,0.8565393086704842
0.36,0.56,0.8389343068483587
0.36,0.58,0.8205493491420477
0.36,0.6,0.8014353978720044
0.36,0.62,0.7816444572168061
0.36,0.64,0.7612293416874167
0.36,0.66,0.7402434464835692
0.36,0.68,0.7187405210893892
0.36,0.7000000000000001,0.6967744474024882
0.36,0.72,0.6743990236189126
0.36,0.74,0.6516677550164222
0.36,0.76,0.6286336526916639
0.36,0.78,0.6053490412139537
0.36,0.8,0.5818653760606616
0.36,0.8200000000000001,0.55823307159776
0.36,0.84,0.5345013402649845
0.36,0.86,0.5107180435194453
0.36,0.88,0.4869295549854191
0.36,0.9,0.4631806361524991
0.36,0.92,0.43951432486030934
0.36,0.9400000000000001,0.4159718367064432
0.36,0.96,0.3925924794161043
0.36,0.98,0.3694135801178562
0.36,1.0,0.34647042538062583
0.38,0.0,0.9190882576363405
0.38,0.02,0.9323619768747533
0.38,0.04,0.9445217395508173
0.38,0.06,0.9555341090658223
0.38,0.08,0.96536898546962
0.38,0.1,0.9739997462303861
0.38,0.12,0.9814033692873645
0.38,0.14,0.9875605375668385
0.38,0.16,0.9924557242784883
0.38,0.18,0.9960772584521573
0.38,0.2,0.9984173703224505
0.38,0.22,0.9994722163190672
0.38,0.24,0.9992418835729161
0.38,0.26,0.9977303740003397
0.38,0.28,0.9949455681787589
0.38,0.3,0.990899169375232
0.38,0.32,0.9856066282334692
0.38,0.34,0.9790870487632872
0.38,0.36,0.9713630764081642
0.38,0.38,0.9624607690901542
0.38,0.4,0.9524094522459147
0.38,0.42,0.9412415589719626
0.38,0.44,0.9289924564906544
0.38,0.46,0.915700260230038
0.38,0.48,0.9014056368800484
0.38,0.5,0.8861515978440809
0.38,0.52,0.869983284548426
0.38,0.54,0.8529477471022585
0.38,0.56,0.8350937178178204
0.38,0.58,0.816471381104216
0.38,0.6,0.7971321412391643
0.38,0.62,0.7771283895014737
0.38,0.64,0.7565132721134854
0.38,0.66,0.7353404603978724
0.38,0.68,0.71366392449775
0.38,0.7000000000000001,0.691537711943882
0.38,0.72,0.6690157322787433
0.38,0.74,0.6461515488653664
0.38,0.76,0.6229981789202145
0.38,0.78,0.5996079027149338
0.38,0.8,0.5760320827928077
0.38,0.8200000000000001,0.5523209939431707
0.38,0.84,0.528523664572092
0.38,0.86,0.5046877300013486
0.38,0.88,0.48085929812117995
0.38,0.9,0.45708282771657127
0.38,0.92,0.4334010196828176
0.38,0.9400000000000001,0.4098547212447873
0.38,0.96,0.3864828431965097
0.38,0.98,0.363322290084197
0.38,1.0,0.34040790316727837
0.4,0.0,0.9230494116300821
0.4,0.02,0.9360490022413648
0.4,0.04,0.9479245373295077
0.4,0.06,0.9586433412527199
0.4,0.08,0.968176116848691
0.4,0.1,0.9764970823656763
0.4,0.12,0.9835840904363189
0.4,0.14,0.9894187283033241
0.4,0.16,0.9939863986447383
0.4,0.18,0.9972763804909102
0.4,0.2,0.999281869873722
0.4,0.22,1.0
0.4,0.24,0.9994318408936652
0.4,0.26,0.9975823786036123
0.4,0.28,0.9944604742251829
0.4,0.3,0.9900788031307849
0.4,0.32,0.98445377494848
0.4,0.34,0.9776054349647494
0.4,0.36,0.9695573477579249
0.4,0.38,0.9603364639907562
0.4,0.4,0.9499729714032057
0.4,0.42,0.9385001311487919
0.4,0.44,0.9259541007089137
0.4,0.46,0.9123737446987334
0.4,0.48,0.8978004349449368
0.4,0.5,0.8822778412694867
0.4,0.52,0.865851714454168
0.4,0.54,0.8485696628880304
0.4,0.56,0.830480924413937
0.4,0.58,0.8116361348913124
0.4,0.6,0.7920870949803008
0.4,0.62,0.7718865366281836
0.4,0.64,0.7510878907027493
0.4,0.66,0.7297450571698701
0.4,0.68,0.7079121791547373
0.4,0.7000000000000001,0.6856434221587586
0.4,0.72,0.6629927596280805
0.4,0.74,0.6400137659859391
0.4,0.76,0.6167594181507621
0.4,0.78,0.5932819064660622
0.4,0.8,0.5696324558679313
0.4,0.8200000000000001,0.545861158012398
0.4,0.84,0.5220168149791758
0.4,0.86,0.4981467950615123
0.4,0.88,0.4742969010450147
0.4,0.9,0.45051125127246266
0.4,0.92,0.4268321736877435
0.4,0.9400000000000001,0.4033001129510151
0.4,0.96,0.3799535506198853
0.4,0.98,0.35682893829854767
0.4,1.0,0.3339606435690896
0.42,0.0,0.9261697168192028
0.42,0.02,0.9388847502721135
0.42,0.04,0.9504665296256449
0.42,0.06,0.960883170571647
0.42,0.08,0.9701062060948882
0.42,0.1,0.9781107194237234
0.42,0.12,0.9848754588008564
0.42,0.14,0.990382933313038
0.42,0.16,0.9946194891588154
0.42,0.18,0.9975753658790038
0.42,0.2,0.9992447322240829
0.42,0.22,0.9996257014846882
0.42,0.24,0.998720326264336
0.42,0.26,0.996534572826018
0.42,0.28,0.9930782752947988
0.42,0.3,0.9883650701456568
0.42,0.32,0.9824123115481492
0.42,0.34,0.9752409682756052
0.42,0.36,0.9668755030153596
0.42,0.38,0.9573437350367547
0.42,0.4,0.9466766872842268
0.42,0.42,0.9349084190628666
0.42,0.44,0.922075845572494
0.42,0.46,0.9082185456229351
0.42,0.48,0.8933785589271981
0.42,0.5,0.8776001744202974
0.42,0.52,0.8609297110892771
0.42,0.54,0.8434152928244447
0.42,0.56,0.8251066188129942
0.42,0.58,0.806054730994265
0.42,0.6,0.7863117800811421
0.42,0.62,0.765930791625061
0.42,0.64,0.7449654335632515
0.42,0.66,0.7234697866369671
0.42,0.68,0.7014981190092777
0.42,0.7000000000000001,0.679104666341407
0.42,0.72,0.6563434185085542
0.42,0.74,0.6332679140506371
0.42,0.76,0.6099310433615207
0.42,0.78,0.5863848615230839
0.42,0.8,0.5626804115891466
0.42,0.8200000000000001,0.5388675590198262
0.42,0.84,0.5149948378605143
0.42,0.86,0.49110930915243406
0.42,0.88,0.467256431954667
0.42,0.9,0.4434799472517173
0.42,0.92,0.41982177491698913
0.42,0.9400000000000001,0.3963219238019459
0.42,0.96,0.3730184149239845
0.42,0.98,0.3499472176339476
0.42,1.0,0.327142198557389
0.44,0.0,0.9284440545878414
0.44,0.02,0.940864703962027
0.44,0.04,0.9521438191272064
0.44,0.06,0.9622503357444141
0.44,0.08,0.9711566424839649
0.44,0.1,0.978838709863004
0.44,0.12,0.9852762006985472
0.44,0.14,0.990452561445418
0.44,0.16,0.9943550938301905
0.44,0.18,0.996975006338935
0.44,0.2,0.9983074452669122
0.44,0.22,0.9983515051908267
0.44,0.24,0.9971102188773929
0.44,0.26,0.9945905267943131
0.44,0.28,0.9908032265397909
0.44,0.3,0.9857629026530507
0.44,0.32,0.9794878374095463
0.44,0.34,0.9719999033393469
0.44,0.36,0.9633244383343144
0.44,0.38,0.9534901043280359
0.44,0.4,0.9425287306409507
0.44,0.42,0.9304751431808475
0.44,0.44,0.9173669807751007
0.44,0.46,0.9032444999850112
0.44,0.48,0.8881503698138787
0.44,0.5,0.8721294577686755
0.44,0.52,0.8552286087700837
0.44,0.54,0.8374964184272425
0.44,0.56,0.8189830022018029
0.44,0.58,0.7997397619811195
0.44,0.6,0.7798191515628625
0.44,0.62,0.7592744425236129
0.44,0.64,0.7381594919025878
0.44,0.66,0.7165285130793383
0.44,0.68,0.6944358511618054
0.44,0.7000000000000001,0.671935764129455
0.44,0.72,0.6490822108962792
0.44,0.74,0.6259286473712474
0.44,0.76,0.6025278315004834
0.44,0.78,0.5789316381769891
0.44,0.8,0.5551908848013919
0.44,0.8200000000000001,0.5313551681719781
0.44,0.84,0.5074727132753586
0.44,0.86,0.48359023444155114
0.44,0.88,0.45975280922011824
0.44,0.9,0.43600376522827744
0.44,0.92,0.41238458011853935
0.44,0.9400000000000001,0.38893479471332115
0.44,0.96,0.3656919392579295
0.44,0.98,0.34269147265203853
0.44,1.0,0.31996673443395846
0.46,0.0,0.9298690639083104
0.46,0.02,0.9419861243957431
0.46,0.04,0.952954304920602
0.46,0.06,0.9627433879416357
0.46,0.08,0.9713266414746031
0.46,0.1,0.9786809436933396
0.46,0.12,0.9847868889601732
0.46,0.14,0.989628874586397
0.46,0.16,0.9931951677664886
0.46,0.18,0.995477952277437
0.46,0.2,0.9964733546855175
0.46,0.22,0.9961814499556818
0.46,0.24,0.9946062465118668
0.46,0.26,0.9917556509485573
0.46,0.28,0.9876414127433448
0.46,0.3,0.9822790494656312
0.46,0.32,0.9756877531165932
0.46,0.34,0.9678902783688433
0.46,0.36,0.9589128135995595
0.46,0.38,0.9487848357271993
0.46,0.4,0.9375389499681737
0.46,0.42,0.9252107157251704
0.46,0.44,0.9118384599024595
0.46,0.46,0.8974630790147656
0.46,0.48,0.8821278315148179
0.46,0.5,0.8658781218099842
0.46,0.52,0.8487612774704562
0.46,0.54,0.8308263211500491
0.46,0.56,0.8121237387461082
0.46,0.58,0.7927052453173425
0.46,0.6,0.772623550258163
0.46,0.62,0.7519321231956688
0.46,0.64,0.7306849620315534
0.46,0.66,0.7089363644964715
0.46,0.68,0.6867407045198063
0.46,0.7000000000000001,0.6641522146440788
0.46,0.72,0.6412247756315118
0.46,0.74,0.6180117143215039
0.46,0.76,0.5945656107030552
0.46,0.78,0.5709381150666549
0.46,0.8,0.547179775996865
0.46,0.8200000000000001,0.5233398798609874
0.46,0.84,0.49946630234183687
0.46,0.86,0.47560537245489437
0.46,0.88,0.45180174938297457
0.46,0.9,0.4280983123560488
0.46,0.92,0.4045360637009254
0.46,0.9400000000000001,0.3811540450859854
0.46,0.96,0.35798926689089555
0.46,0.98,0.33507665054087654
0.46,1.0,0.3124489835603429
0.48,0.0,0.9304431467032216
0.48,0.02,0.942248053923883
0.48,0.04,0.9528976834360885
0.48,0.06,0.9623626894586006
0.48,0.08,0.9706172410829633
0.48,0.1,0.9776391425243496
0.48,0.12,0.9834099346344235
0.48,0.14,0.9879149770089164
0.48,0.16,0.9911435101666844
0.48,0.18,0.9930886974255249
0.48,0.2,0.9937476462514981
0.48,0.22,0.9931214090114681
0.48,0.24,0.9912149632116122
0.48,0.26,0.9880371714561538
0.48,0.28,0.9836007215092291
0.48,0.3,0.9779220469870987
0.48,0.32,0.9710212293465258
0.48,0.34,0.9629218819667853
0.48,0.36,0.9536510172462405
0.48,0.38,0.9432388977486226
0.48,0.4,0.931718872538085
0.48,0.42,0.9191271999349262
0.48,0.44,0.9055028580048428
0.48,0.46,0.8908873441631078
0.48,0.48,0.8753244653306875
0.48,0.5,0.858860120121756
0.48,0.52,0.8415420745711498
0.48,0.54,0.8234197329260262
0.48,0.56,0.8045439050284925
0.48,0.58,0.7849665718055204
0.48,0.6,0.764740650359464
0.48,0.62,0.7439197601174963
0.48,0.64,0.7225579914519024
0.48,0.66,0.7007096781261862
0.48,0.68,0.6784291748552015
0.48,0.7000000000000001,0.6557706411919169
0.48,0.72,0.6327878328699917
0.48,0.74,0.609533901641098
0.48,0.76,0.5860612045499674
0.48,0.78,0.5624211234895796
0.48,0.8,0.5386638957748714
0.48,0.8200000000000001,0.5148384563669295
0.48,0.84,0.49099229227197416
0.48,0.86,0.46717130953158253
0.48,0.88,0.4434197131135968
0.48,0.9,0.4197798999080038
0.48,0.92,0.39629236492964554
0.48,0.9400000000000001,0.37299562073083703
0.48,0.96,0.34992612993254074
0.48,0.98,0.32711825069343703
0.48,1.0,0.3046041948525928
0.5,0.0,0.9301664671667499
0.5,0.02,0.941651313248029
0.5,0.04,0.9519754432600205
0.5,0.06,0.9611104062251332
0.5,0.08,0.9690312920674651
0.5,0.1,0.9757168474095459
0.5,0.12,0.9811495724829042
0.5,0.14,0.9853157985177076
0.5,0.16,0.9882057451217838
0.5,0.18,0.9898135573084924
0.5,0.2,0.9901373219846813
0.5,0.22,0.989179063862993
0.5,0.24,0.9869447209154408
0.5,0.26,0.9834440996361016
0.5,0.28,0.9786908105284593
0.5,0.3,0.9727021843760048
0.5,0.32,0.9654991699917838
0.5,0.34,0.9571062142724709
0.5,0.36,0.9475511255039718
0.5,0.38,0.9368649209775457
0.5,0.4,0.9250816600769285
0.5,0.42,0.9122382640871948
0.5,0.44,0.8983743240543323
0.5,0.46,0.883531898090203
0.5,0.48,0.8677552995703187
0.5,0.5,0.8510908777113447
0.5,0.52,0.8335867920413949
0.5,0.54,0.8152927822889975
0.5,0.56,0.7962599352162182
0.5,0.58,0.7765404499082083
0.5,0.6,0.7561874030057651
0.5,0.62,0.7352545153299223
0.5,0.64,0.7137959212988358
0.5,0.66,0.6918659424780181
0.5,0.68,0.6695188665361885
0.5,0.7000000000000001,0.6468087328016011
0.5,0.72,0.6237891255286622
0.5,0.74,0.6005129758930322
0.5,0.76,0.5770323736363157
0.5,0.78,0.5533983891799596
0.5,0.8,0.5296609069232945
0.5,0.8200000000000001,0.5058684703337948
0.5,0.84,0.48206813932977405
0.5,0.86,0.45830536034789926
0.5,0.88,0.43462384938114623
0.5,0.9,0.4110654881680839
0.5,0.92,0.38767023361258257
0.5,0.9400000000000001,0.36447604041505777
0.5,0.96,0.34151879680289493
0.5,0.98,0.31883227315947554
0.5,1.0,0.29644808326882344
0.52,0.0,0.9290409450871799
0.52,0.02,0.9401984924673039
0.52,0.04,0.9501908538778667
0.52,0.06,0.9589904942243908
0.52,0.08,0.9665734420097573
0.52,0.1,0.9729194005830504
0.52,0.12,0.9780118403733937
0.52,0.14,0.981838071507132
0.52,0.16,0.9843892963525592
0.52,0.18,0.9856606416860278
0.52,0.2,0.9856511703252445
0.52,0.22,0.9843638722283885
0.52,0.24,0.9818056352099016
0.52,0.26,0.9779871955739152
0.52,0.28,0.9729230691128852
0.52,0.3,0.9666314630606891
0.52,0.32,0.9591341697248847
0.52,0.34,0.9504564426507881
0.52,0.36,0.9406268562893506
0.52,0.38,0.9296771502504231
0.52,0.4,0.917642059322009
0.52,0.42,0.904559130523674
0.52,0.44,0.8904685285377226
0.52,0.46,0.8754128309246201
0.52,0.48,0.8594368145789102
0.52,0.5,0.8425872349184488
0.52,0.52,0.824912599322965
0.52,0.54,0.806462936347844
0.52,0.56,0.7872895622358206
0.52,0.58,0.7674448462332708
0.52,0.6,0.7469819761894838
0.52,0.62,0.7259547258772417
0.52,0.64,0.7044172254219376
0.52,0.66,0.6824237361651276
0.52,0.68,0.6600284312176687
0.52,0.7000000000000001,0.6372851828784704
0.52,0.72,0.6142473580083239
0.52,0.74,0.5909676223554058
0.52,0.76,0.5674977547308967
0.52,0.78,0.5438884718309237
0.52,0.8,0.5201892643957508
0.52,0.8200000000000001,0.4964482452899987
0.52,0.84,0.47271200997971285
0.52,0.86,0.4490255097744042
0.52,0.88,0.4254319380957663
0.52,0.9,0.401972629930577
0.52,0.92,0.3786869745242442
0.52,0.9400000000000001,0.3556123412743393
0.52,0.96,0.33278401869105684
0.52,0.98,0.31023516620449576
0.52,1.0,0.2879967785175405
0.54,0.0,0.9270702432409696
0.54,0.02,0.9378939361676875
0.54,0.04,0.9475489484400855
0.54,0.06,0.9560086799236243
0.54,0.08,0.9632501134058479
0.54,0.1,0.9692539212137561
0.54,0.12,0.9740045527069395
0.54,0.14,0.9774903020783463
0.54,0.16,0.979703356041071
0.54,0.18,0.9806398211294969
0.54,0.2,0.980299730495111
0.54,0.22,0.9786870302298121
0.54,0.24,0.9758095454011152
0.54,0.26,0.9716789261328306
0.54,0.28,0.9663105742101593
0.54,0.3,0.9597235508283031
0.54,0.32,0.9519404662373514
0.54,0.34,0.9429873521621429
0.54,0.36,0.9328935179928577
0.54,0.38,0.9216913918492905
0.54,0.4,0.9094163477181413
0.54,0.42,0.8961065199475046
0.54,0.44,0.881802606455326
0.54,0.46,0.8665476620685536
0.54,0.48,0.8503868834565218
0.54,0.5,0.8333673871557025
0.54,0.52,0.8155379822032047
0.54,0.54,0.796948938903382
0.54,0.56,0.7776517552458904
0.54,0.58,0.7576989224748055
0.54,0.6,0.7371436912775456
0.54,0.62,0.7160398400198354
0.54,0.64,0.6944414463996219
0.54,0.66,0.6724026638294334
0.54,0.68,0.6499775037841021
0.54,0.7000000000000001,0.627219625269996
0.54,0.72,0.6041821324839604
0.54,0.74,0.5809173816361209
0.54,0.76,0.5574767978116496
0.54,0.78,0.5339107026436573
0.54,0.8,0.510268153463672
0.54,0.8200000000000001,0.48659679448881404
0.54,0.84,0.4629427204968302
0.54,0.86,0.4393503533327157
0.54,0.88,0.41586233148466717
0.54,0.9,0.39251941286357517
0.54,0.92,0.3693603908200192
0.54,0.9400000000000001,0.34642202333662064
0.54,0.96,0.3237389752423178
0.54,0.98,0.30134377320935085
0.54,1.0,0.27926677321398197
0.56,0.0,0.9242597489559475
0.56,0.02,0.9347437226625636
0.56,0.04,0.9440565006702196
0.56,0.06,0.9521724348471309
0.56,0.08,0.959069475908371
0.56,0.1,0.9647292753285923
0.56,0.12,0.9691372680409905
0.56,0.14,0.972282735388314
0.56,0.16,0.974158847938658
0.56,0.18,0.9747626879289553
0.56,0.2,0.974095251250851
0.56,0.22,0.9721614290457082
0.56,0.24,0.9689699691262674
0.56,0.26,0.9645334175905588
0.56,0.28,0.9588680411376572
0.56,0.3,0.9519937307333551
0.56,0.32,0.9439338874055916
0.56,0.34,0.934715291073247
0.56,0.36,0.924367953426646
0.56,0.38,0.912924955982744
0.56,0.4,0.9004222745317018
0.56,0.42,0.8868985912735685
0.56,0.44,0.8723950960135127
0.56,0.46,0.8569552778410133
0.56,0.48,0.8406247087622734
0.56,0.5,0.8234508207857362
0.56,0.52,0.8054826779778712
0.56,0.54,0.7867707450105149
0.56,0.56,0.7673666537122241
0.56,0.58,0.747322969114728
0.56,0.6,0.7266929564521379
0.56,0.62,0.7055303505257421
0.56,0.64,0.6838891287916767
0.56,0.66,0.6618232894634072
0.56,0.68,0.6393866358465913
0.56,0.7000000000000001,0.6166325680416205
0.56,0.72,0.5936138830598825
0.56,0.74,0.5703825843046971
0.56,0.76,0.5469897012680062
0.56,0.78,0.5234851201904169
0.56,0.8,0.499917426326155
0.56,0.8200000000000001,0.4763337583470508
0.56,0.84,0.4527796753118729
0.56,0.86,0.42929903652024687
0.56,0.88,0.40593389446495537
0.56,0.9,0.38272440099363825
0.56,0.92,0.35970872669159
0.56,0.9400000000000001,0.33692299340229426
0.56,0.96,0.3144012197122904
0.56,0.98,0.29217527914249214
0.56,1.0,0.2702748707097745
0.58,0.0,0.9206165499676969
0.58,0.02,0.9307556375193702
0.58,0.04,0.939721996060848
0.58,0.06,0.9474909444476808
0.58,0.08,0.9540414128868572
0.58,0.1,0.9593560400821484
0.58,0.12,0.9634212510960305
0.58,0.14,0.9662273154281517
0.58,0.16,0.9677683849576401
0.58,0.18,0.9680425115466371
0.58,0.2,0.9670516442539855
0.58,0.22,0.9648016062593572
0.58,0.24,0.961302051747975
0.58,0.26,0.9565664031529013
0.58,0.28,0.9506117692943327
0.58,0.3,0.9434588450920355
0.58,0.32,0.9351317936567828
0.58,0.34,0.9256581116881695
0.58,0.36,0.9150684792184537
0.58,0.38,0.9033965948441097
0.58,0.4,0.8906789976777189
0.58,0.42,0.8769548773319985
0.58,0.44,0.862265873314537
0.58,0.46,0.846655865265795
0.58,0.48,0.8301707555137815
0.58,0.5,0.8128582454464447
0.58,0.52,0.7947676072171875
0.58,0.54,0.7759494523001621
0.58,0.56,0.7564554984004435
0.58,0.58,0.7363383362001662
0.58,0.6,0.7156511973858449
0.58,0.62,0.6944477253549497
0.58,0.64,0.6727817499422214
0.58,0.66,0.6507070674389146
0.58,0.68,0.6282772271021904
0.58,0.7000000000000001,0.6055453252681513
0.58,0.72,0.5825638080915717
0.58,0.74,0.5593842838393596
0.58,0.76,0.5360573455642227
0.58,0.78,0.5126324048810614
0.58,0.8,0.4891575374623874
0.58,0.8200000000000001,0.4656793407616351
0.58,0.84,0.44224280436569774
0.58,0.86,0.4188911932713721
0.58,0.88,0.39566594427565294
0.58,0.9,0.3726065755678556
0.58,0.92,0.34975060951324494
0.58,0.9400000000000001,0.32713350852396367
0.58,0.96,0.30478862382428024
0.58,0.98,0.2827471568341269
0.58,1.0,0.26103813281807414
0.6,0.0,0.9161494047186618
0.6,0.02,0.925939141532518
0.6,0.04,0.9345555975281163
0.6,0.06,0.941975071457599
0.6,0.08,0.9481774824974305
0.6,0.1,0.9531464625741837
0.6,0.12,0.9568694293570991
0.6,0.14,0.9593376394518024
0.6,0.16,0.9605462214770364
0.6,0.18,0.9604941888562177
0.6,0.2,0.9591844323066718
0.6,0.22,0.9566236921599879
0.6,0.24,0.9528225107956909
0.6,0.26,0.9477951656158721
0.6,0.28,0.9415595831292084
0.6,0.3,0.9341372348475938
0.6,0.32,0.9255530158261633
0.6,0.34,0.9158351067966549
0.6,0.36,0.9050148209537702
0.6,0.38,0.8931264365535422
0.6,0.4,0.8802070165708242
0.6,0.42,0.8662962167392767
0.6,0.44,0.8514360833610161
0.6,0.46,0.835670842324067
0.6,0.48,0.8190466808036022
0.6,0.5,0.8016115231476123
0.6,0.52,0.7834148024590941
0.6,0.54,0.7645072293852864
0.6,0.56,0.7449405596101858
0.6,0.58,0.7247673615200533
0.6,0.6,0.7040407854732965
0.6,0.62,0.6828143360568191
0.6,0.64,0.6611416486512732
0.6,0.66,0.6390762715586161
0.6,0.68,0.6166714548678218
0.6,0.7000000000000001,0.5939799471495482
0.6,0.72,0.571053800979066
0.6,0.74,0.5479441881898918
0.6,0.76,0.5247012256594435
0.6,0.78,0.501373812323741
0.6,0.8,0.4780094780118612
0.6,0.8200000000000001,0.4546542445835746
0.6,0.84,0.431352499746389
0.6,0.86,0.40814688382217873
0.6,0.88,0.3850781896295674
0.6,0.9,0.36218527554723084
0.6,0.92,0.339504991726081
0.6,0.9400000000000001,0.31707211932564777
0.6,0.96,0.2949193225625829
0.6,0.98,0.27307711327761963
0.6,1.0,0.25157382765206876
0.62,0.0,0.9108687072737042
0.62,0.02,0.9203053333267912
0.62,0.04,0.9285691057193778
0.62,0.06,0.9356373139241642
0.62,0.08,0.941490873476575
0.62,0.1,0.9461144134393534
0.62,0.12,0.949496344503997
0.62,0.14,0.9516289072979678
0.62,0.16,0.952508200614079
0.62,0.18,0.9521341894281146
0.62,0.2,0.9505106927211259
0.62,0.22,0.9476453512725139
0.62,0.24,0.9435495757374992
0.62,0.26,0.938238475466519
0.62,0.28,0.9317307686630644
0.62,0.3,0.9240486746092357
0.62,0.32,0.9152177888135782
0.62,0.34,0.9052669420524647
0.62,0.36,0.8942280443833798
0.62,0.38,0.8821359153050108
0.62,0.4,0.8690281013243076
0.62,0.42,0.8549446822639302
0.62,0.44,0.8399280677043129
0.62,0.46,0.8240227850024949
0.62,0.48,0.8072752603647261
0.62,0.5,0.7897335944715178
0.62,0.52,0.7714473341623926
0.62,0.54,0.7524672416832163
0.62,0.56,0.7328450629820785
0.62,0.58,0.7126332965106122
0.62,0.6,0.6918849639470523
0.62,0.62,0.670653384205859
0.62,0.64,0.6489919520371977
0.62,0.66,0.626953922448814
0.62,0.68,0.6045922021038491
0.62,0.7000000000000001,0.5819591487618866
0.62,0.72,0.5591063797380457
0.62,0.74,0.5360845902573824
0.62,0.76,0.5129433824802555
0.62,0.78,0.48973110586981
0.62,0.8,0.4664947094664463
0.62,0.8200000000000001,0.44327960652708387
0.62,0.84,0.42012955188033474
0.62,0.86,0.39708653224328755
0.62,0.88,0.37419066964248554
0.62,0.9,0.3514801379816991
0.62,0.92,0.32899109270307597
0.62,0.9400000000000001,0.30675761339695157
0.62,0.96,0.28481165912962536
0.62,0.98,0.2631830361783769
0.62,1.0,0.24189937778935047
0.64,0.0,0.9047864470488477
0.64,0.02,0.9138669067981275
0.64,0.04,0.9217759141908591
0.64,0.06,0.9284917581560561
0.64,0.08,0.9339963558952367
0.64,0.1,0.9382753354547333
0.64,0.12,0.9413180989247257
0.64,0.14,0.9431178658685359
0.64,0.16,0.9436716967330434
0.64,0.18,0.9429804961402674
0.64,0.2,0.9410489961097479
0.64,0.22,0.9378857194099482
0.64,0.24,0.9335029233829871
0.64,0.26,0.9279165247292982
0.64,0.28,0.9211460058758617
0.64,0.3,0.9132143036822528
0.64,0.32,0.9041476813616727
0.64,0.34,0.893975584608268
0.64,0.36,0.8827304830264173
0.64,0.38,0.8704476980513849
0.64,0.4,0.8571652186330307
0.64,0.42,0.8429235060245462
0.64,0.44,0.8277652890759446
0.64,0.46,0.8117353514769116
0.64,0.48,0.7948803124254786
0.64,0.5,0.7772484022176992
0.64,0.52,0.7588892342592073
0.64,0.54,0.7398535749924624
0.64,0.56,0.7201931132139231
0.64,0.58,0.6999602302239198
0.64,0.6,0.6792077722091322
0.64,0.62,0.6579888262040734
0.64,0.64,0.6363565009146045
0.64,0.66,0.6143637136141938
0.64,0.68,0.5920629842432534
0.64,0.7000000000000001,0.5695062377545542
0.64,0.72,0.5467446156543939
0.64,0.74,0.5238282975910301
0.64,0.76,0.5008063337399487
0.64,0.78,0.47772648863093536
0.64,0.8,0.4546350969557498
0.64,0.8200000000000001,0.4315769317885269
0.64,0.84,0.4085950855448891
0.64,0.86,0.3857308639011363
0.64,0.88,0.36302369279270097
0.64,0.9,0.34051103851221265
0.64,0.92,0.3182283408327734
0.64,0.9400000000000001,0.2962089589921319
0.64,0.96,0.27448413028900137
0.64,0.98,0.25308294096431805
0.64,1.0,0.23203230896826427
0.66,0.0,0.8979161635714317
0.66,0.02,0.9066381036198984
0.66,0.04,0.9141909596931271
0.66,0.06,0.9205540268280323
0.66,0.08,0.9257102271295932
0.66,0.1,0.929646187430283
0.66,0.12,0.9323522975858022
0.66,0.14,0.9338227490452532
0.66,0.16,0.934055553480901
0.66,0.18,0.9330525414112328
0.66,0.2,0.9308193408996737
0.66,0.22,0.9273653365586548
0.66,0.24,0.9227036092333176
0.66,0.26,0.9168508568795981
0.66,0.28,0.9098272972864659
0.66,0.3,0.9016565534204053
0.66,0.32,0.8923655222906771
0.66,0.34,0.8819842283454089
0.66,0.36,0.8705456625101142
0.66,0.38,0.8580856080710864
0.66,0.4,0.8446424546854011
0.66,0.42,0.8302570018665097
0.66,0.44,0.8149722533490938
0.66,0.46,0.7988332037787039
0.66,0.48,0.7818866192005504
0.66,0.5,0.7641808128376008
0.66,0.52,0.7457654176510272
0.66,0.54,0.7266911571662634
0.66,0.56,0.7070096160258347
0.66,0.58,0.6867730116962882
0.66,0.6,0.6660339687115144
0.66,0.62,0.6448452967792844
0.66,0.64,0.6232597740127466
0.66,0.66,0.6013299364747898
0.66,0.68,0.5791078751415963
0.66,0.7000000000000001,0.5566450413033518
0.66,0.72,0.5339920613260437
0.66,0.74,0.5111985615996216
0.66,0.76,0.4883130043956195
0.66,0.78,0.4653825352527601
0.66,0.8,0.44245284240312516
0.66,0.8200000000000001,0.4195680286452816
0.66,0.84,0.39677049596529
0.66,0.86,0.37410084310277636
0.66,0.88,0.3515977761581312
0.66,0.9,0.3292980322392605
0.66,0.92,0.3072363160529318
0.66,0.9400000000000001,0.28544524925732473
0.66,0.96,0.26395533230951734
0.66,0.98,0.24279491846486692
0.66,1.0,0.2219901995149724
0.68,0.0,0.8902728965099339
0.68,0.02,0.8986346610624525
0.68,0.04,0.9058306678213807
0.68,0.06,0.9118412225098316
0.68,0.08,0.9166502533231384
0.68,0.1,0.9202453836652204
0.68,0.12,0.9226179855503712
0.68,0.14,0.9237632133431267
0.68,0.16,0.9236800176554067
0.68,0.18,0.922371139367909
0.68,0.2,0.9198430838903108
0.68,0.22,0.9161060759207604
0.68,0.24,0.9111739951081003
0.68,0.26,0.9050642931587791
0.68,0.28,0.8977978930632854
0.68,0.3,0.8893990712428786
0.68,0.32,0.8798953235352708
0.68,0.34,0.8693172160466824
0.68,0.36,0.8576982219964295
0.68,0.38,0.8450745457680257
0.68,0.4,0.8314849354571012
0.68,0.42,0.8169704852705767
0.68,0.44,0.8015744291831873
0.68,0.46,0.7853419272962272
0.68,0.48,0.7683198463692755
0.68,0.5,0.7505565360085286
0.68,0.52,0.7321016019954871
0.68,0.54,0.7130056782273062
0.68,0.56,0.6933201987155583
0.68,0.58,0.6730971710540229
0.68,0.6,0.6523889527189912
0.68,0.62,0.6312480315082644
0.68,0.64,0.6097268113582861
0.68,0.66,0.5878774047036525
0.68,0.68,0.5657514324605144
0.68,0.7000000000000001,0.5433998326261541
0.68,0.72,0.5208726783923671
0.68,0.74,0.49821900657124707
0.68,0.76,0.47548665702969195
0.68,0.78,0.45272212372448273
0.68,0.8,0.4299704178242197
0.68,0.8200000000000001,0.40727494329877556
0.68,0.84,0.38467738525224787
0.68,0.86,0.3622176111726222
0.68,0.88,0.3399335851713813
0.68,0.9,0.31786129518996253
0.68,0.92,0.2960346930580095
0.68,0.9400000000000001,0.2744856472014805
0.68,0.96,0.2532439077174404
0.68,0.98,0.23233708345729506
0.68,1.0,0.21179063069173287
0.7000000000000001,0.0,0.8818731312301263
0.7000000000000001,0.02,0.8898737553916828
0.7000000000000001,0.04,0.8967128943051328
0.7000000000000001,0.06,0.9023718669023604
0.7000000000000001,0.08,0.9068356066312881
0.7000000000000001,0.1,0.9100927292692862
0.7000000000000001,0.12,0.9121355814504678
0.7000000000000001,0.14,0.9129602696138673
0.7000000000000001,0.16,0.912566669225453
0.7000000000000001,0.18,0.9109584142737672
0.7000000000000001,0.2,0.908142867185313
0.7000000000000001,0.22,0.904131069450259
0.7000000000000001,0.24,0.8989376733901551
0.7000000000000001,0.26,0.8925808556358589
0.7000000000000001,0.28,0.8850822130144564
0.7000000000000001,0.3,0.8764666416674296
0.7000000000000001,0.32,0.866762200337558
0.7000000000000001,0.34,0.8559999588679936
0.7000000000000001,0.36,0.8442138330527641
0.7000000000000001,0.38,0.8314404070627909
0.7000000000000001,0.4,0.8177187447447426
0.7000000000000001,0.42,0.8030901911511178
0.7000000000000001,0.44,0.787598165708512
0.7000000000000001,0.46,0.771287948466787
0.7000000000000001,0.48,0.7542064608947582
0.7000000000000001,0.5,0.7364020426980444
0.7000000000000001,0.52,0.7179242261320952
0.7000000000000001,0.54,0.6988235092683883
0.7000000000000001,0.56,0.6791511296448342
0.7000000000000001,0.58,0.6589588396930592
0.7000000000000001,0.6,0.6382986852861353
0.7000000000000001,0.62,0.617222788691231
0.7000000000000001,0.64,0.5957831371434017
0.7000000000000001,0.66,0.5740313781802557
0.7000000000000001,0.68,0.5520186227934876
0.7000000000000001,0.7000000000000001,0.5297952573632693
0.7000000000000001,0.72,0.5074107652463324
0.7000000000000001,0.74,0.48491355878929154
0.7000000000000001,0.76,0.4623508224364776
0.7000000000000001,0.78,0.4397683674973182
0.7000000000000001,0.8,0.4172104990331994
0.7000000000000001,0.8200000000000001,0.39471989521881184
0.7000000000000001,0.84,0.37233749942917527
0.7000000000000001,0.86,0.3501024252018457
0.7000000000000001,0.88,0.3280518741250601
0.7000000000000001,0.9,0.3062210666076202
0.7000000000000001,0.92,0.2846431853958758
0.7000000000000001,0.9400000000000001,0.2633493316178868
0.7000000000000001,0.96,0.24236849305531688
0.7000000000000001,0.98,0.22172752427029552
0.7000000000000001,1.0,0.20145113814780985
0.72,0.0,0.8727347401509336
0.72,0.02,0.8803739411286426
0.72,0.04,0.8868568622276369
0.72,0.06,0.8921658360794931
0.72,0.08,0.8962867985544266
0.72,0.1,0.8992093516620149
0.72,0.12,0.9009268072333225
0.72,0.14,0.9014362111255871
0.72,0.16,0.9007383478357718
0.72,0.18,0.8988377255550588
0.72,0.2,0.8957425418413393
0.72,0.22,0.8914646302295245
0.72,0.24,0.8860193882387329
0.72,0.26,0.8794256873697294
0.72,0.28,0.8717057658142315
0.72,0.3,0.8628851047185693
0.72,0.32,0.8529922889566848
0.72,0.34,0.8420588534705615
0.72,0.36,0.8301191163289785
0.72,0.38,0.8172099997372992
0.72,0.4,0.8033708403011222
0.72,0.42,0.788643189904615
0.72,0.44,0.7730706086098268
0.72,0.46,0.7566984510160216
0.72,0.48,0.7395736475380301
0.72,0.5,0.721744482069841
0.72,0.52,0.7032603674943059
0.72,0.54,0.6841716204823243
0.72,0.56,0.6645292369955638
0.72,0.58,0.6443846698662739
0.72,0.6,0.623789609776766
0.72,0.62,0.6027957709003308
0.72,0.64,0.5814546823957196
0.72,0.66,0.5598174868696444
0.72,0.68,0.5379347468370903
0.72,0.7000000000000001,0.5158562601186094
0.72,0.72,0.4936308850181842
0.72,0.74,0.4713063760258529
0.72,0.76,0.44892923068710305
0.72,0.78,0.42654454817716136
0.72,0.8,0.4041959000137851
0.72,0.8200000000000001,0.3819252132380025
0.72,0.84,0.3597726662894306
0.72,0.86,0.33777659770226715
0.72,0.88,0.31597342765061964
0.72,0.9,0.29439759227834755
0.72,0.92,0.2730814906597209
0.72,0.9400000000000001,0.2520554441535997
0.72,0.96,0.23134766783606386
0.72,0.98,0.21098425362491754
0.72,1.0,0.19098916464465285
0.74,0.0,0.8628769201883596
0.74,0.02,0.870155086466716
0.74,0.04,0.8762830954793612
0.74,0.06,0.8812442920472031
0.74,0.08,0.8850256096781514
0.74,0.1,0.8876176285753594
0.74,0.12,0.8890146145131992
0.74,0.14,0.8892145383559374
0.74,0.16,0.8882190761383536
0.74,0.18,0.8860335897720691
0.74,0.2,0.8826670885848562
0.74,0.22,0.8781321720411542
0.74,0.24,0.872444954129235
0.74,0.26,0.8656249700325088
0.74,0.28,0.8576950658282088
0.74,0.3,0.8486812720749267
0.74,0.32,0.8386126622601445
0.74,0.34,0.8275211971790754
0.74,0.36,0.8154415564059274
0.74,0.38,0.8024109580974053
0.74,0.4,0.7884689684352921
0.74,0.42,0.7736573020698359
0.74,0.44,0.7580196149680682
0.74,0.46,0.7416012911009335
0.74,0.48,0.7244492244201532
0.74,0.5,0.7066115975801951
0.74,0.52,0.6881376588527564
0.74,0.54,0.6690774986611856
0.74,0.56,0.6494818271307112
0.74,0.58,0.6294017540078275
0.74,0.6,0.6088885722493319
0.74,0.62,0.5879935465192073
0.74,0.64,0.5667677077605204
0.74,0.66,0.5452616549308054
0.74,0.68,0.5235253649039434
0.74,0.7000000000000001,0.5016080114503672
0.74,0.72,0.4795577941115788
0.74,0.74,0.45742177768554915
0.74,0.76,0.4352457429375939
0.74,0.78,0.413074049047907
0.74,0.8,0.39094950820308744
0.74,0.8200000000000001,0.3689132726357178
0.74,0.84,0.34700473431432705
0.74,0.86,0.325261437386758
0.74,0.88,0.3037190033839619
0.74,0.9,0.2824110690992554
0.74,0.92,0.26136923697087106
0.74,0.9400000000000001,0.2406230377137597
0.74,0.96,0.22019990487062807
0.74,0.98,0.20012516088254811
0.74,1.0,0.1804220142165109
0.76,0.0,0.8523201265890176
0.76,0.02,0.8592383051555151
0.76,0.04,0.8650133487619236
0.76,0.06,0.8696296109432996
0.76,0.08,0.873075016150373
0.76,0.1,0.8753411128953021
0.76,0.12,0.876423107869908
0.76,0.14,0.8763198808448311
0.76,0.16,0.8750339803012631
0.76,0.18,0.8725715998900911
0.76,0.2,0.8689425359551342
0.76,0.22,0.8641601264962196
0.76,0.24,0.8582411720829142
0.76,0.26,0.8512058393593837
0.76,0.28,0.8430775479040443
0.76,0.3,0.8338828413231616
0.76,0.32,0.8236512435643345
0.76,0.34,0.812415101533002
0.76,0.36,0.800209415181813
0.76,0.38,0.7870716563183184
0.76,0.4,0.7730415774403255
0.76,0.42,0.7581610119600469
0.76,0.44,0.7424736672175027
0.76,0.46,0.7260249117104297
0.76,0.48,0.7088615579821343
0.76,0.5,0.6910316426104146
0.76,0.52,0.672584204730188
0.76,0.54,0.6535690645000669
0.76,0.56,0.6340366028894129
0.76,0.58,0.6140375441179033
0.76,0.6,0.5936227420251066
0.76,0.62,0.5728429715837517
0.76,0.64,0.5517487266981842
0.76,0.66,0.530390025349817
0.76,0.68,0.5088162230652576
0.76,0.7000000000000001,0.4870758355911818
0.76,0.72,0.46521637156403056
0.76,0.74,0.4432841758632518
0.76,0.76,0.4213242842351974
0.76,0.78,0.3993802896719166
0.76,0.8,0.377494220926025
0.76,0.8200000000000001,0.3557064334405465
0.76,0.84,0.3340555128720477
0.76,0.86,0.31257819128743175
0.76,0.88,0.29130927602020973
0.76,0.9,0.270281591081715
0.76,0.92,0.24952593093720216
0.76,0.9400000000000001,0.22907102637670962
0.76,0.96,0.20894352213642817
0.76,0.98,0.18916796585856474
0.76,1.0,0.16976680791663362
0.78,0.0,0.8410860034661481
0.78,0.02,0.8476458851714583
0.78,0.04,0.8530705344691227
0.78,0.06,0.857345308210611
0.78,0.08,0.8604591132339396
0.78,0.1,0.8624044546864438
0.78,0.12,0.863177465442816
0.78,0.14,0.8627779164599152
0.78,0.16,0.861209208051831
0.78,0.18,0.8584783422104068
0.78,0.2,0.8545958762364875
0.78,0.22,0.8495758580842201
0.78,0.24,0.8434357439535186
0.78,0.26,0.8361962987930078
0.78,0.28,0.827881480496299
0.78,0.3,0.8185183086870963
0.78,0.32,0.8081367190925186
0.78,0.34,0.7967694045981301
0.78,0.36,0.7844516441618219
0.78,0.38,0.7712211208361424
0.78,0.4,0.7571177302094241
0.78,0.42,0.7421833806247583
0.78,0.44,0.7264617865721503
0.78,0.46,0.7099982566730394
0.78,0.48,0.6928394776877319
0.78,0.5,0.6750332959753125
0.78,0.52,0.6566284978226097
0.78,0.54,0.637674590034085
0.78,0.56,0.6182215821387308
0.78,0.58,0.598319771523677
0.78,0.6,0.5780195327480759
0.78,0.62,0.5573711122256472
0.78,0.64,0.5364244293909667
0.78,0.66,0.5152288853840667
0.78,0.68,0.49383318020121036
0.78,0.7000000000000001,0.4722851391677931
0.78,0.72,0.4506315494932542
0.78,0.74,0.4289180075687631
0.78,0.76,0.4071887775672434
0.78,0.78,0.38548666180310975
0.78,0.8,0.3638528832069199
0.78,0.8200000000000001,0.34232698016891994
0.78,0.84,0.32094671390616447
0.78,0.86,0.29974798841133443
0.78,0.88,0.27876478294839413
0.78,0.9,0.25802909697153953
0.78,0.92,0.2375709072601386
0.78,0.9400000000000001,0.21741813698413673
0.78,0.96,0.19759663634215568
0.78,0.98,0.17813017434869327
0.78,1.0,0.15904044128769693
0.8,0.0,0.829197311360533
0.8,0.02,0.8354012145039188
0.8,0.04,0.8404786467799991
0.8,0.06,0.8444159610841991
0.8,0.08,0.8472030362804903
0.8,0.1,0.8488333207499312
0.8,0.12,0.8493038571748881
0.8,0.14,0.8486152884329959
0.8,0.16,0.8467718446155608
0.8,0.18,0.8437813113252082
0.8,0.2,0.8396549795457589
0.8,0.22,0.8344075775122404
0.8,0.24,0.8280571851393502
0.8,0.26,0.820625131691355
0.8,0.28,0.8121358774941675
0.8,0.3,0.802616880600147
0.8,0.32,0.7920984494170258
0.8,0.34,0.7806135824034112
0.8,0.36,0.7681977960138232
0.8,0.38,0.7548889421455225
0.8,0.4,0.7407270163970383
0.8,0.42,0.7257539584938562
0.8,0.44,0.7100134462700679
0.8,0.46,0.6935506846156687
0.8,0.48,0.6764121908078188
0.8,0.5,0.658645577640775
0.8,0.52,0.6402993357537816
0.8,0.54,0.6214226165292818
0.8,0.56,0.6020650168960092
0.8,0.58,0.5822763673233918
0.8,0.6,0.5621065242360307
0.8,0.62,0.5416051680105762
0.8,0.64,0.5208216076430395
0.8,0.66,0.49980459309332714
0.8,0.68,0.4786021362266211
0.8,0.7000000000000001,0.45726134117911754
0.8,0.72,0.4358282448796505
0.8,0.74,0.4143476683598762
0.8,0.76,0.39286307938508475
0.8,0.78,0.3714164668362586
0.8,0.8,0.3500482271728125
0.8,0.8200000000000001,0.3287970632053966
0.8,0.84,0.3076998953101927
0.8,0.86,0.2867917851210541
0.8,0.88,0.2661058716445022
0.8,0.9,0.24567331965561964
0.8,0.92,0.22552328015096124
0.8,0.9400000000000001,0.20568286255825421
0.8,0.96,0.1861771183323573
0.8,0.98,0.167029035503063
0.8,1.0,0.14825954368317
0.8200000000000001,0.0,0.8166778521563203
0.8200000000000001,0.02,0.8225287043928559
0.8200000000000001,0.04,0.8272626833052941
0.8200000000000001,0.06,0.8308671287389289
0.8200000000000001,0.08,0.8333328794763739
0.8200000000000001,0.1,0.8346543120695771
0.8200000000000001,0.12,0.8348293610651029
0.8200000000000001,0.14,0.8338595205287098
0.8200000000000001,0.16,0.8317498269144821
0.8200000000000001,0.18,0.8285088234621028
0.8200000000000001,0.2,0.824148506442041
0.8200000000000001,0.22,0.8186842537011123
0.8200000000000001,0.24,0.812134736088805
0.8200000000000001,0.26,0.8045218124668007
0.8200000000000001,0.28,0.7958704091190492
0.8200000000000001,0.3,0.7862083844866224
0.8200000000000001,0.32,0.7755663802493722
0.8200000000000001,0.34,0.7639776598643736
0.8200000000000001,0.36,0.7514779357484515
0.8200000000000001,0.38,0.7381051863582676
0.8200000000000001,0.4,0.7238994644759401
0.8200000000000001,0.42,0.7089026980506669
0.8200000000000001,0.44,0.6931584849771611
0.8200000000000001,0.46,0.676711883209764
0.8200000000000001,0.48,0.6596091976169685
0.8200000000000001,0.5,0.6418977649749726
0.8200000000000001,0.52,0.6236257384810717
0.8200000000000001,0.54,0.6048418731386604
0.8200000000000001,0.56,0.5855953133258757
0.8200000000000001,0.58,0.5659353838101298
0.8200000000000001,0.6,0.5459113854116933
0.8200000000000001,0.62,0.5255723964519045
0.8200000000000001,0.64,0.5049670810463927
0.8200000000000001,0.66,0.4841435052218629
0.8200000000000001,0.68,0.46314896174745945
0.8200000000000001,0.7000000000000001,0.44202980447953816
0.8200000000000001,0.72,0.4208312929228541
0.8200000000000001,0.74,0.3995974476127601
0.8200000000000001,0.76,0.37837091682301865
0.8200000000000001,0.78,0.35719285500328735
0.8200000000000001,0.8,0.3361028132502017
0.8200000000000001,0.8200000000000001,0.3151386420172052
0.8200000000000001,0.84,0.2943364061717154
0.8200000000000001,0.86,0.27373031241475
0.8200000000000001,0.88,0.25335264898843873
0.8200000000000001,0.9,0.2332337375117112
0.8200000000000001,0.92,0.21340189670437024
0.8200000000000001,0.9400000000000001,0.19388341768535844
0.8200000000000001,0.96,0.17470255046268218
0.8200000000000001,0.98,0.1558815011705528
0.8200000000000001,1.0,0.13744043955411714
0.84,0.0,0.8035523916875943
0.84,0.02,0.8090537103590297
0.84,0.04,0.8134485646332054
0.84,0.06,0.8167252704476298
0.84,0.08,0.8188756127146977
0.84,0.1,0.8198948795035533
0.84,0.12,0.8197818777894339
0.84,0.14,0.8185389307079287
0.84,0.16,0.8161718563891904
0.84,0.18,0.8126899285836374
0.84,0.2,0.8081058194247424
0.84,0.22,0.8024355248048273
0.84,0.24,0.7956982729652091
0.84,0.26,0.7879164170212944
0.84,0.28,0.7791153122553139
0.84,0.3,0.7693231791132343
0.84,0.32,0.7585709529370906
0.84,0.34,0.7468921215488099
0.84,0.36,0.7343225518757331
0.84,0.38,0.720900306871066
0.84,0.4,0.7066654540338607
0.84,0.42,0.6916598668725916
0.84,0.44,0.675927020683773
0.84,0.46,0.6595117840323079
0.84,0.48,0.6424602073234743
0.84,0.5,0.6248193098478474
0.84,0.52,0.6066368666603846
0.84,0.54,0.5879611966237993
0.84,0.56,0.5688409529047878
0.84,0.58,0.5493249171603247
0.84,0.6,0.5294617985908482
0.84,0.62,0.5093000389685148
0.84,0.64,0.48888762467276037
0.84,0.66,0.46827190668303964
0.84,0.68,0.4474994293908727
0.84,0.7000000000000001,0.4266157690011397
0.84,0.72,0.4056653821970477
0.84,0.74,0.38469146564528717
0.84,0.76,0.3637358268186623
0.84,0.78,0.3428387665139018
0.84,0.8,0.32203897334339115
0.84,0.8200000000000001,0.3013734303821195
0.84,0.84,0.28087733405609766
0.84,0.86,0.2605840252666501
0.84,0.88,0.24052493265706557
0.84,0.9,0.22072952784477604
0.84,0.92,0.2012252923640933
0.84,0.9400000000000001,0.18203769599208555
0.84,0.96,0.16319018606382524
0.84,0.98,0.14470418732334714
0.84,1.0,0.126599111803445
0.86,0.0,0.7898465803754398
0.86,0.02,0.7950024513711819
0.86,0.04,0.7990630521229998
0.86,0.06,0.8020176621020749
0.86,0.08,0.803858996948914
0.86,0.1,0.804583238079723
0.86,0.12,0.8041900440506022
0.86,0.14,0.8026825436477097
0.86,0.16,0.8000673108074521
0.86,0.18,0.7963543216052654
0.86,0.2,0.7915568936834066
0.86,0.22,0.7856916086160417
0.86,0.24,0.7787782178327193
0.86,0.26,0.7708395328377632
0.86,0.28,0.7619013005722638
0.86,0.3,0.7519920648661528
0.86,0.32,0.7411430150194313
0.86,0.34,0.7293878226332619
0.86,0.36,0.7167624678826219
0.86,0.38,0.70330505648206
0.86,0.4,0.6890556286443799
0.86,0.42,0.6740559613685165
0.86,0.44,0.6583493654173482
0.86,0.46,0.6419804783586691
0.86,0.48,0.6249950550431661
0.86,0.5,0.6074397568822366
0.86,0.52,0.5893619412662084
0.86,0.54,0.5708094524304567
0.86,0.56,0.551830415033634
0.86,0.58,0.5324730316594084
0.86,0.6,0.5127853853915034
0.86,0.62,0.4928152485422566
0.86,0.64,0.4726098985383181
0.86,0.66,0.4522159418843369
0.86,0.68,0.4316791470376246
0.86,0.7000000000000001,0.41104428693473344
0.86,0.72,0.3903549918157522
0.86,0.74,0.3696536128948417
0.86,0.76,0.34898109732715515
0.86,0.78,0.32837687482376765
0.86,0.8,0.3078787561685221
0.86,0.8200000000000001,0.2875228437946817
0.86,0.84,0.2673434544858106
0.86,0.86,0.24737305417515676
0.86,0.88,0.22764220473170468
0.86,0.9,0.20817952253964633
0.86,0.92,0.18901164860184275
0.86,0.9400000000000001,0.1701632298273906
0.86,0.96,0.1516569110990953
0.86,0.98,0.13351333765875886
0.86,1.0,0.11575116729699039
0.88,0.0,0.7755868722373873
0.88,0.02,0.780401927496082
0.88,0.04,0.78413366429588
0.88,0.06,0.7867723114492123
0.88,0.08,0.7883114983828774
0.88,0.1,0.7887482802515514
0.88,0.12,0.7880831450149948
0.88,0.14,0.7863200024771116
0.88,0.16,0.7834661554190975
0.88,0.18,0.7795322530913339
0.88,0.2,0.7745322274582073
0.88,0.22,0.768483212715405
0.88,0.24,0.761405448719282
0.88,0.26,0.753322169081499
0.88,0.28,0.7442594747882806
0.88,0.3,0.7342461943013322
0.88,0.32,0.7233137311859194
0.88,0.34,0.7114959003900481
0.88,0.36,0.6988287543665029
0.88,0.38,0.6853504002861871
0.88,0.4,0.671100809636435
0.88,0.42,0.6561216215313938
0.88,0.44,0.6404559410832256
0.88,0.46,0.6241481341926268
0.88,0.48,0.6072436201152832
0.88,0.5,0.5897886631475121
0.88,0.52,0.5718301647499803
0.88,0.54,0.5534154573934352
0.88,0.56,0.5345921013654832
0.88,0.58,0.5154076857232652
0.88,0.6,0.4959096345141701
0.88,0.62,0.47614501931634723
0.88,0.64,0.45616037907359824
0.88,0.66,0.43600154811620034
0.88,0.68,0.41571349317132067
0.88,0.7000000000000001,0.39534016007489137
0.88,0.72,0.3749243308021441
0.88,0.74,0.3545074913374772
0.88,0.76,0.3341297108068824
0.88,0.78,0.3138295321987874
0.88,0.8,0.2936438749027965
0.88,0.8200000000000001,0.27360794920129156
0.88,0.84,0.25375518275702463
0.88,0.86,0.2341171590514639
0.88,0.88,0.21472356764440323
0.88,0.9,0.19560216604587685
0.88,0.92,0.17677875291723205
0.88,0.9400000000000001,0.1582771522497999
0.88,0.96,0.14011920810731668
0.88,0.98,0.12232478946239327
0.88,1.0,0.10491180460813986
0.9,0.0,0.7608004426114778
0.9,0.02,0.7652798363770305
0.9,0.04,0.768688592171589
0.9,0.06,0.7710178723934743
0.9,0.08,0.7722622018500568
0.9,0.1,0.7724194884685913
0.9,0.12,0.7714910261915684
0.9,0.14,0.7694814800839863
0.9,0.16,0.7663988538120647
0.9,0.18,0.7622544397831791
0.9,0.2,0.7570627523638825
0.9,0.22,0.7508414447156527
0.9,0.24,0.7436112099052524
0.9,0.26,0.7353956670572809
0.9,0.28,0.7262212334195722
0.9,0.3,0.7161169833066884
0.9,0.32,0.7051144949720314
0.9,0.34,0.6932476865343378
0.9,0.36,0.6805526421489718
0.9,0.38,0.6670674296679914
0.9,0.4,0.652831911075118
0.9,0.42,0.6378875470122574
0.9,0.44,0.6222771967330384
0.9,0.46,0.6060449148259593
0.9,0.48,0.5892357460453816
0.9,0.5,0.5718955195730047
0.9,0.52,0.5540706440060691
0.9,0.54,0.5358079043317966
0.9,0.56,0.5171542621011509
0.9,0.58,0.49815665995956654
0.9,0.6,0.47886183162856744
0.9,0.62,0.4593161183611343
0.9,0.64,0.4395652928160185
0.9,0.66,0.4196543912130414
0.9,0.68,0.3996275545435718
0.9,0.7000000000000001,0.37952787951897093
0.9,0.72,0.3593972798456979
0.9,0.74,0.3392763583200669
0.9,0.76,0.3192042901392494
0.9,0.78,0.2992187177289735
0.9,0.8,0.27935565729341816
0.9,0.8200000000000001,0.25964941719985
0.9,0.84,0.2401325282204327
0.9,0.86,0.22083568556709068
0.9,0.88,0.20178770257297235
0.9,0.9,0.18301547579657465
0.9,0.92,0.16454396125243323
0.9,0.9400000000000001,0.14639616140592088
0.9,0.96,0.12859312250947225
0.9,0.98,0.11115394180373774
0.9,1.0,0.09409578405997754
0.92,0.0,0.7455151049357961
0.92,0.02,0.7496644888843933
0.92,0.04,0.7527566138965254
0.92,0.06,0.7547835587126734
0.92,0.08,0.7557407237306178
0.92,0.1,0.7556268474109593
0.92,0.12,0.7544440051023066
0.92,0.14,0.7521975903419466
0.92,0.16,0.7488962788179027
0.92,0.18,0.7445519753062453
0.92,0.2,0.7391797440221222
0.92,0.22,0.7327977229430358
0.92,0.24,0.725427022777323
0.92,0.26,0.7170916113584558
0.92,0.28,0.7078181843458287
0.92,0.3,0.6976360232040819
0.92,0.32,0.6865768415151419
0.92,0.34,0.6746746207491702
0.92,0.36,0.6619654366821246
0.92,0.38,0.6484872776980616
0.92,0.4,0.6342798562534786
0.92,0.42,0.619384414808594
0.92,0.44,0.6038435275465344
0.92,0.46,0.5877008992059607
0.92,0.48,0.5710011623459073
0.92,0.5,0.5537896743438696
0.92,0.52,0.536112315399819
0.92,0.54,0.518015288780434
0.92,0.56,0.4995449244899743
0.92,0.58,0.4807474874976134
0.92,0.6,0.4616689915864816
0.92,0.62,0.4423550198179413
0.92,0.64,0.42285055252667764
0.92,0.66,0.40319980367891645
0.92,0.68,0.38344606633847444
0.92,0.7000000000000001,0.36363156789435813
0.92,0.72,0.34379733561025627
0.92,0.74,0.32398307296146306
0.92,0.76,0.3042270471295161
0.92,0.78,0.2845659879300037
0.92,0.8,0.2650349983555351
0.92,0.8200000000000001,0.2456674768245631
0.92,0.84,0.22649505113839793
0.92,0.86,0.20754752406407462
0.92,0.88,0.18885283038037784
0.92,0.9,0.17043700514884197
0.92,0.92,0.15232416290146691
0.92,0.9400000000000001,0.13453648737259147
0.92,0.96,0.11709423134421451
0.92,0.98,0.1000157261222916
0.92,1.0,0.08331740011633522
0.9400000000000001,0.0,0.7297592269212735
0.9400000000000001,0.02,0.7335847242780493
0.9400000000000001,0.04,0.7363670090048579
0.9400000000000001,0.06,0.7380990575300447
0.9400000000000001,0.08,0.7387771247494928
0.9400000000000001,0.1,0.7384007562309663
0.9400000000000001,0.12,0.7369727830869331
0.9400000000000001,0.14,0.7344992995992411
0.9400000000000001,0.16,0.7309896238069857
0.9400000000000001,0.18,0.7264562413944595
0.9400000000000001,0.2,0.7209147333381236
0.9400000000000001,0.22,0.7143836878888256
0.9400000000000001,0.24,0.7068845975770061
0.9400000000000001,0.26,0.6984417420332811
0.9400000000000001,0.28,0.6890820575136882
0.9400000000000001,0.3,0.6788349941071343
0.9400000000000001,0.32,0.6677323616814684
0.9400000000000001,0.34,0.6558081656934583
0.9400000000000001,0.36,0.6430984340462896
0.9400000000000001,0.38,0.62964103622557
0.9400000000000001,0.4,0.6154754959809932
0.9400000000000001,0.42,0.6006427988455908
0.9400000000000001,0.44,0.5851851957978743
0.9400000000000001,0.46,0.5691460043742187
0.9400000000000001,0.48,0.5525694085297974
0.9400000000000001,0.5,0.535500258526534
0.9400000000000001,0.52,0.5179838720963679
0.9400000000000001,0.54,0.5000658380881354
0.9400000000000001,0.56,0.4817918237571831
0.9400000000000001,0.58,0.4632073867991911
0.9400000000000001,0.6,0.4443577931643048
0.9400000000000001,0.62,0.42528784161548816
0.9400000000000001,0.64,0.4060416959168072
0.9400000000000001,0.66,0.3866627254541493
0.9400000000000001,0.68,0.3671933550035656
0.9400000000000001,0.7000000000000001,0.3476749242719972
0.9400000000000001,0.72,0.32814755774255505
0.9400000000000001,0.74,0.30865004526273365
0.9400000000000001,0.76,0.2892197337198899
0.9400000000000001,0.78,0.269892430054903
0.9400000000000001,0.8,0.2507023157730187
0.9400000000000001,0.8200000000000001,0.23168187302129384
0.9400000000000001,0.84,0.21286182221553063
0.9400000000000001,0.86,0.19427107111684172
0.9400000000000001,0.88,0.17593667517962483
0.9400000000000001,0.9,0.15788380891930281
0.9400000000000001,0.92,0.14013574798017625
0.9400000000000001,0.9400000000000001,0.12271386152154819
0.9400000000000001,0.96,0.10563761448419243
0.9400000000000001,0.98,0.08892457924952654
0.9400000000000001,1.0,0.07259045616065078
0.96,0.0,0.7135616464508922
0.96,0.02,0.717069825216346
0.96,0.04,0.7195494726481784
0.96,0.06,0.7209944428784252
0.96,0.08,0.7214018229913914
0.96,0.1,0.7207719411372987
0.96,0.12,0.7191083575762096
0.96,0.14,0.7164178387622809
0.96,0.16,0.7127103147040997
0.96,0.18,0.7079988199599687
0.96,0.2,0.7022994187463805
0.96,0.22,0.6956311147523959
0.96,0.24,0.6880157463611848
0.96,0.26,0.6794778680815673
0.96,0.28,0.6700446190861518
0.96,0.3,0.6597455798377108
0.96,0.32,0.6486126178611338
0.96,0.34,0.6366797237839653
0.96,0.36,0.6239828388237337
0.96,0.38,0.6105596749446259
0.96,0.4,0.5964495289392683
0.96,0.42,0.5816930917133822
0.96,0.44,0.5663322540618179
0.96,0.46,0.5504099102241007
0.96,0.48,0.5339697604963445
0.96,0.5,0.5170561141545684
0.96,0.52,0.4997136939125258
0.96,0.54,0.4819874430956839
0.96,0.56,0.4639223366625842
0.96,0.58,0.4455631971462206
0.96,0.6,0.4269545165220458
0.96,0.62,0.4081402849366117
0.96,0.64,0.3891638271525464
0.96,0.66,0.3700676474825057
0.96,0.68,0.35089328389782176
0.96,0.7000000000000001,0.3316811719077993
0.96,0.72,0.3124705187139015
0.96,0.74,0.2932991880503721
0.96,0.76,0.2742035960300947
0.96,0.78,0.2552186182225416
0.96,0.8,0.23637750810039113
0.96,0.8200000000000001,0.21771182690356397
0.96,0.84,0.19925138488479277
0.96,0.86,0.18102419382005275
0.96,0.88,0.1630564305908615
0.96,0.9,0.14537241157410966
0.96,0.92,0.12799457750918855
0.96,0.9400000000000001,0.11094348845208503
0.96,0.96,0.09423782837211726
0.96,0.98,0.07789441889932261
0.96,1.0,0.06192824168928234
0.98,0.0,0.6969515875322363
0.98,0.02,0.7001494329393387
0.98,0.04,0.7023340301218242
0.98,0.06,0.703500089684556
0.98,0.08,0.7036455074600687
0.98,0.1,0.7027713686479045
0.98,0.12,0.7008819351583256
0.98,0.14,0.6979846162961892
0.98,0.16,0.6940899230441413
0.98,0.18,0.6892114063248597
0.98,0.2,0.6833655797387258
0.98,0.22,0.6765718273848896
0.98,0.24,0.6688522974792332
0.98,0.26,0.6602317825812243
0.98,0.28,0.6507375873322105
0.98,0.3,0.6403993846895888
0.98,0.32,0.6292490617137467
0.98,0.34,0.6173205560272045
0.98,0.36,0.6046496841174671
0.98,0.38,0.5912739626964311
0.98,0.4,0.5772324243595464
0.98,0.42,0.5625654288071652
0.98,0.44,0.5473144708987299
0.98,0.46,0.5315219868077045
0.98,0.48,0.5152311595317425
0.98,0.5,0.4984857249888751
0.98,0.52,0.4813297798969168
0.98,0.54,0.4638075925904319
0.98,0.56,0.4459634178780904
0.98,0.58,0.42784131698379857
0.98,0.6,0.4094849835484044
0.98,0.62,0.3909375765958892
0.98,0.64,0.3722415612896378
0.98,0.66,0.35343855822156245
0.98,0.68,0.33456920189044825
0.98,0.7000000000000001,0.31567300893686
0.98,0.72,0.2967882566112121
0.98,0.74,0.2779518718600953
0.98,0.76,0.2591993313245806
0.98,0.78,0.24056457245381577
0.98,0.8,0.22207991584865502
0.98,0.8200000000000001,0.20377599886405767
0.98,0.84,0.18568172041627934
0.98,0.86,0.16782419686210956
0.98,0.88,0.15022872874314983
0.98,0.9,0.13291877811890018
0.98,0.92,0.11591595614862778
0.98,0.9400000000000001,0.09924002052402013
0.98,0.96,0.08290888230271248
0.98,0.98,0.06693862164714236
0.98,1.0,0.05134351193394754
1.0,0.0,0.6799585766226693
1.0,0.02,0.6828534629458461
1.0,0.04,0.6847509520071396
1.0,0.06,0.6856465884920276
1.0,0.08,0.6855390524991473
1.0,0.1,0.6844301598271731
1.0,0.12,0.6823248457517531
1.0,0.14,0.6792311324530583
1.0,0.16,0.6751600803754549
1.0,0.18,0.6701257239187713
1.0,0.2,0.6641449919744794
1.0,0.22,0.6572376139287879
1.0,0.24,0.6494260118571118
1.0,0.26,0.6407351797297547
1.0,0.28,0.6311925505360034
1.0,0.3,0.6208278523125291
1.0,0.32,0.6096729541312503
1.0,0.34,0.5977617031612041
1.0,0.36,0.5851297539679846
1.0,0.38,0.5718143912526857
1.0,0.4,0.5578543472597942
1.0,0.42,0.5432896151000708
1.0,0.44,0.5281612592401707
1.0,0.46,0.5125112244057423
1.0,0.48,0.4963821441292902
1.0,0.5,0.4798171501485538
1.0,0.52,0.46285968382603504
1.0,0.54,0.4455533107161637
1.0,0.56,0.4279415393540565
1.0,0.58,0.41006764527966044
1.0,0.6,0.3919745012440232
1.0,0.62,0.37370441447136143
1.0,0.64,0.35529897177237546
1.0,0.66,0.3367988932217813
1.0,0.68,0.3182438950272353
1.0,0.7000000000000001,0.29967256212863047
1.0,0.72,0.28112223097706196
1.0,0.74,0.26262888285252695
1.0,0.76,0.2442270479894851
1.0,0.78,0.22594972069062158
1.0,0.8,0.20782828552233643
1.0,0.8200000000000001,0.1898924546013444
1.0,0.84,0.17217021590104184
1.0,0.86,0.15468779242956374
1.0,0.88,0.13746961205929425
1.0,0.9,0.12053828772049179
1.0,0.92,0.10391460761002884
1.0,0.9400000000000001,0.0876175350103854
1.0,0.96,0.07166421726420856
1.0,0.98,0.05607000340613854
1.0,1.0,0.04084846991632032
