X,Y,f_H
0.0,0.0,0.07204029276901497
0.0,0.02,0.07663244185110606
0.0,0.04,0.07888086949011822
0.0,0.06,0.07867136763340256
0.0,0.08,0.0761473807980792
0.0,0.1,0.07167047230751561
0.0,0.12,0.06574518071030071
0.0,0.14,0.058928416198399836
0.0,0.16,0.0517452909394947
0.0,0.18,0.04462849547441615
0.0,0.2,0.03788933505605891
0.0,0.22,0.03171880844598656
0.0,0.24,0.026209854196786453
0.0,0.26,0.021388896167746526
0.0,0.28,0.01724605886756175
0.0,0.3,0.013757411322292613
0.0,0.32,0.01089725936890875
0.0,0.34,0.008642076357284624
0.0,0.36,0.006969272565229252
0.0,0.38,0.005853782926445667
0.0,0.4,0.005264215797350505
0.0,0.42,0.005159045627316525
0.0,0.44,0.005482758778559392
0.0,0.46,0.006162150791013533
0.0,0.48,0.0071037847608691595
0.0,0.5,0.008194325638751682
0.0,0.52,0.009305473556323277
0.0,0.54,0.010304269199930844
0.0,0.56,0.011067846589900369
0.0,0.58,0.011499882301098533
0.0,0.6,0.011544808418781853
0.0,0.62,0.011195904580900399
0.0,0.64,0.010494780089665446
0.0,0.66,0.009522069972644539
0.0,0.68,0.008381587176385005
0.0,0.7000000000000001,0.007181844592610238
0.0,0.72,0.006019247108713066
0.0,0.74,0.004966331719097127
0.0,0.76,0.004066657256193631
0.0,0.78,0.003336011310858054
0.0,0.8,0.002768145771353106
0.0,0.8200000000000001,0.002342620469789017
0.0,0.84,0.002032517654383874
0.0,0.86,0.0018105128497898167
0.0,0.88,0.0016526775492430998
0.0,0.9,0.0015401353181342516
0.0,0.92,0.0014591333551685663
0.0,0.9400000000000001,0.0014002168702982691
0.0,0.96,0.0013570940016462798
0.0,0.98,0.0013255759843155523
0.0,1.0,0.0013027717361911227
0.02,0.0,0.08226952722939813
0.02,0.02,0.08733900888807893
0.02,0.04,0.08967863423836747
0.02,0.06,0.08916869294424877
0.02,0.08,0.08599009702849568
0.02,0.1,0.08057744600925258
0.02,0.12,0.07353059380433685
0.02,0.14,0.06550819084511744
0.02,0.16,0.057128724405710624
0.02,0.18,0.04889906399639828
0.02,0.2,0.04118010736445659
0.02,0.22,0.03418783832671804
0.02,0.24,0.02801964765722335
0.02,0.26,0.022692195479531493
0.02,0.28,0.01817837889679379
0.02,0.3,0.014435425978047775
0.02,0.32,0.011421409115189633
0.02,0.34,0.009101558364341721
0.02,0.36,0.007447676457555936
0.02,0.38,0.006433855746988389
0.02,0.4,0.006030488013933922
0.02,0.42,0.006197349828278121
0.02,0.44,0.006876116557243065
0.02,0.46,0.007983167263158657
0.02,0.48,0.009404550277665043
0.02,0.5,0.010995713883161916
0.02,0.52,0.012588361123775765
0.02,0.54,0.014005281764417926
0.02,0.56,0.015081576874121138
0.02,0.58,0.015688176883354128
0.02,0.6,0.015752005135407685
0.02,0.62,0.015267327996965722
0.02,0.64,0.014294885001777204
0.02,0.66,0.012948682710185944
0.02,0.68,0.011373722342955205
0.02,0.7000000000000001,0.009720230631906785
0.02,0.72,0.008120440978537244
0.02,0.74,0.006672615806880606
0.02,0.76,0.005434464551906188
0.02,0.78,0.004425381356320236
0.02,0.8,0.0036348946181573812
0.02,0.8200000000000001,0.003033867479061051
0.02,0.84,0.0025852916050354445
0.02,0.86,0.0022525777227232024
0.02,0.88,0.002004531483315316
0.02,0.9,0.001817268539087959
0.02,0.92,0.0016739385212111563
0.02,0.9400000000000001,0.0015632836812467428
0.02,0.96,0.0014778882130273535
0.02,0.98,0.0014126582823065822
0.02,1.0,0.0013637598081414682
0.04,0.0,0.08985856029014615
0.04,0.02,0.09520884491807313
0.04,0.04,0.09751946683398685
0.04,0.06,0.09667033758764514
0.04,0.08,0.09287714970638226
0.04,0.1,0.08663831129735254
0.04,0.12,0.0786354538295545
0.04,0.14,0.06961367751293507
0.04,0.16,0.060270059993065846
0.04,0.18,0.051172895498178196
0.04,0.2,0.042722598406119174
0.04,0.22,0.03515264802839533
0.04,0.24,0.02855946728688178
0.04,0.26,0.0229460113934276
0.04,0.28,0.01826508311892195
0.04,0.3,0.014453157038570108
0.04,0.32,0.011451218184400066
0.04,0.34,0.009213624033454833
0.04,0.36,0.007708211914237377
0.04,0.38,0.006910947467921574
0.04,0.4,0.0067973265221477125
0.04,0.42,0.0073316889023770345
0.04,0.44,0.008455392401444288
0.04,0.46,0.010075553748633122
0.04,0.48,0.012057246181039885
0.04,0.5,0.014222742477515643
0.04,0.52,0.01636079890997788
0.04,0.54,0.01824681101219399
0.04,0.56,0.019671409220034672
0.04,0.58,0.020471816839042017
0.04,0.6,0.020558394860423906
0.04,0.62,0.01992920886492012
0.04,0.64,0.018668287601653483
0.04,0.66,0.016927644495265952
0.04,0.68,0.014897589000078086
0.04,0.7000000000000001,0.01277281688594848
0.04,0.72,0.010722293942615082
0.04,0.74,0.008869049906011143
0.04,0.76,0.007282566945469669
0.04,0.78,0.005982799007332945
0.04,0.8,0.0049521799069460505
0.04,0.8200000000000001,0.004150900478877823
0.04,0.84,0.003531215948076774
0.04,0.86,0.0030480381049028966
0.04,0.88,0.002664845447918832
0.04,0.9,0.0023554028688596474
0.04,0.92,0.002102606823403536
0.04,0.9400000000000001,0.001895949975076456
0.04,0.96,0.0017288197631237009
0.04,0.98,0.0015963633278463308
0.04,1.0,0.0014941815810313732
0.06,0.0,0.09414799198726098
0.06,0.02,0.09957229632286442
0.06,0.04,0.1017508760392903
0.06,0.06,0.1005670084658246
0.06,0.08,0.0962642236941412
0.06,0.1,0.0893891099441169
0.06,0.12,0.08068405145682027
0.06,0.14,0.07095787600816128
0.06,0.16,0.06096507635468156
0.06,0.18,0.051317930662434695
0.06,0.2,0.04244358416190833
0.06,0.22,0.03458470109468213
0.06,0.24,0.0278320318876008
0.06,0.26,0.02217264044088259
0.06,0.28,0.01753863038510139
0.06,0.3,0.013846092697048002
0.06,0.32,0.011019979530520611
0.06,0.34,0.009005404112750528
0.06,0.36,0.007768343354184111
0.06,0.38,0.007289023213936086
0.06,0.4,0.007550407252180177
0.06,0.42,0.008523401408303453
0.06,0.44,0.010150445575831894
0.06,0.46,0.01233015924276619
0.06,0.48,0.014907002097823743
0.06,0.5,0.01767048233756949
0.06,0.52,0.020367417902684426
0.06,0.54,0.022727883255357573
0.06,0.56,0.024501391156298912
0.06,0.58,0.02549594158435186
0.06,0.6,0.02561041874610603
0.06,0.62,0.02485155350622305
0.06,0.64,0.023330367655357936
0.06,0.66,0.021238569986736268
0.06,0.68,0.01881088902532066
0.06,0.7000000000000001,0.01628289625367195
0.06,0.72,0.013854358804012177
0.06,0.74,0.011665619919340155
0.06,0.76,0.009790082251464466
0.06,0.78,0.008241234885685896
0.06,0.8,0.006989313981536033
0.06,0.8200000000000001,0.005981409561883981
0.06,0.84,0.005159562026758937
0.06,0.86,0.004473421963332302
0.06,0.88,0.003886428548994162
0.06,0.9,0.0033763997028625646
0.06,0.92,0.0029325013244720106
0.06,0.9400000000000001,0.0025507515049636386
0.06,0.96,0.002229770522699203
0.06,0.98,0.0019677597984107224
0.06,1.0,0.0017609877333728513
0.08,0.0,0.09492836234305287
0.08,0.02,0.10023976566984395
0.08,0.04,0.10221712987345308
0.08,0.06,0.1007488581962868
0.08,0.08,0.09609584999175465
0.08,0.1,0.08883265695486808
0.08,0.12,0.07973639840194394
0.08,0.14,0.06965221127437572
0.08,0.16,0.05936703856833962
0.08,0.18,0.049517235349804595
0.08,0.2,0.040542923164918095
0.08,0.22,0.03268810376156381
0.08,0.24,0.026034782525116696
0.08,0.26,0.020554349865208557
0.08,0.28,0.016160319242026884
0.08,0.3,0.012751325856954149
0.08,0.32,0.01023933188375146
0.08,0.34,0.00856293942026953
0.08,0.36,0.007688420068701793
0.08,0.38,0.007601653630518163
0.08,0.4,0.008293619540220456
0.08,0.42,0.009741592465173211
0.08,0.44,0.011888527454712871
0.08,0.46,0.014624290071862948
0.08,0.48,0.01777367394221896
0.08,0.5,0.02109646937641961
0.08,0.52,0.024303312077170007
0.08,0.54,0.02708747889474245
0.08,0.56,0.029168012192646274
0.08,0.58,0.03033515039234799
0.08,0.6,0.030486828440797795
0.08,0.62,0.02964620507458788
0.08,0.64,0.027954767634610907
0.08,0.66,0.02564219769679746
0.08,0.68,0.0229806129855674
0.08,0.7000000000000001,0.02023481626921762
0.08,0.72,0.017620489924564067
0.08,0.74,0.015278998175984134
0.08,0.76,0.01327199463324961
0.08,0.78,0.011593395031318352
0.08,0.8,0.01019226229881411
0.08,0.8200000000000001,0.008998717642236769
0.08,0.84,0.007946056322108026
0.08,0.86,0.006984934890871274
0.08,0.88,0.006088621309906546
0.08,0.9,0.005250840770261188
0.08,0.92,0.004479146670529805
0.08,0.9400000000000001,0.0037869441934641054
0.08,0.96,0.0031866098968392795
0.08,0.98,0.0026850562226757523
0.08,1.0,0.0022820175451261047
0.1,0.0,0.09240293724945241
0.1,0.02,0.09745296175588879
0.1,0.04,0.09919893398822063
0.1,0.06,0.09753438176228484
0.1,0.08,0.09272508623116466
0.1,0.1,0.08535120066936168
0.1,0.12,0.07619648385639405
0.1,0.14,0.06611318963842465
0.1,0.16,0.05589452068923753
0.1,0.18,0.04618053024745204
0.1,0.2,0.03741096664908341
0.1,0.22,0.029824609372040227
0.1,0.24,0.023493690756938364
0.1,0.26,0.018376696783683852
0.1,0.28,0.014373371666642374
0.1,0.3,0.011370299716837498
0.1,0.32,0.009271350607188433
0.1,0.34,0.008012263506240614
0.1,0.36,0.00756155010288463
0.1,0.38,0.007910802780668122
0.1,0.4,0.009057326810562384
0.1,0.42,0.01098187864469396
0.1,0.44,0.013624868022564855
0.1,0.46,0.016865605270631565
0.1,0.48,0.020510283912252625
0.1,0.5,0.024294303821354203
0.1,0.52,0.02790243670559677
0.1,0.54,0.031006168885716345
0.1,0.56,0.03331229766327367
0.1,0.58,0.03461227612889219
0.1,0.6,0.0348198100877036
0.1,0.62,0.033986021483916454
0.1,0.64,0.03228696558632828
0.1,0.66,0.029985826143907435
0.1,0.68,0.027379203883558252
0.1,0.7000000000000001,0.02474112481295483
0.1,0.72,0.02227834840040246
0.1,0.74,0.02010645450560726
0.1,0.76,0.018249657091025967
0.1,0.78,0.016660652826279605
0.1,0.8,0.015252148883817191
0.1,0.8200000000000001,0.013930157470736605
0.1,0.84,0.012620627021780201
0.1,0.86,0.011284477758536292
0.1,0.88,0.009920181417329841
0.1,0.9,0.008556377865077186
0.1,0.92,0.007238887360752674
0.1,0.9400000000000001,0.0060167204480671135
0.1,0.96,0.004930676265603655
0.1,0.98,0.004006476451272391
0.1,1.0,0.0032527257916198046
0.12,0.0,0.08706148644627822
0.12,0.02,0.09174399687822651
0.12,0.04,0.09326073832888922
0.12,0.06,0.09150951109630003
0.12,0.08,0.08674835338000857
0.12,0.1,0.07954101141733856
0.12,0.12,0.07065040233265514
0.12,0.14,0.06090742441028639
0.12,0.16,0.05108613251059974
0.12,0.18,0.041810808509650986
0.12,0.2,0.03350863121517635
0.12,0.22,0.026408099240519407
0.12,0.24,0.020572520093999482
0.12,0.26,0.015952408801930492
0.12,0.28,0.012440811506529228
0.12,0.3,0.009919716532660145
0.12,0.32,0.008291333794729048
0.12,0.34,0.007492930636820656
0.12,0.36,0.007496977605179039
0.12,0.38,0.008299618177372639
0.12,0.4,0.00990074335433339
0.12,0.42,0.012279185173674807
0.12,0.44,0.015367290662015963
0.12,0.46,0.019030252236105775
0.12,0.48,0.023056286631807737
0.12,0.5,0.027163080622399947
0.12,0.52,0.031023192527030258
0.12,0.54,0.034306457052167644
0.12,0.56,0.03673201768039678
0.12,0.58,0.03811825201960467
0.12,0.6,0.0384174435200348
0.12,0.62,0.03772466929800198
0.12,0.64,0.03625668755065059
0.12,0.66,0.03430481917163514
0.12,0.68,0.032173249425107533
0.12,0.7000000000000001,0.03011829138821676
0.12,0.72,0.028303560465748997
0.12,0.74,0.02678099280710031
0.12,0.76,0.02550000339654778
0.12,0.78,0.024339395465533303
0.12,0.8,0.02315126119148078
0.12,0.8200000000000001,0.021804401961983615
0.12,0.84,0.020216755690951733
0.12,0.86,0.018370820928005255
0.12,0.88,0.01631140213771086
0.12,0.9,0.01412952087592268
0.12,0.92,0.011938956800911055
0.12,0.9400000000000001,0.00985228578887487
0.12,0.96,0.007961852134674943
0.12,0.98,0.006328656286638878
0.12,1.0,0.004979557907004273
0.14,0.0,0.07953259033801699
0.14,0.02,0.08377657626440689
0.14,0.04,0.0850846622438324
0.14,0.06,0.08335835915232005
0.14,0.08,0.07883696615901144
0.14,0.1,0.07204827984040883
0.14,0.12,0.06370965060383853
0.14,0.14,0.05460474872992798
0.14,0.16,0.045465265195430066
0.14,0.18,0.036881981374919263
0.14,0.2,0.02925871605167842
0.14,0.22,0.022809884742112933
0.14,0.24,0.01759198612131373
0.14,0.26,0.013553847842952037
0.14,0.28,0.010590278821611888
0.14,0.3,0.008587416327859851
0.14,0.32,0.007453243033429942
0.14,0.34,0.007131468645821306
0.14,0.36,0.007600156592815317
0.14,0.38,0.00885810918557085
0.14,0.4,0.010902761810596759
0.14,0.42,0.01370393697611969
0.14,0.44,0.017178640645222086
0.14,0.46,0.02117290691825882
0.14,0.48,0.025456787801382726
0.14,0.5,0.029737126198781303
0.14,0.52,0.03368933642290751
0.14,0.54,0.037004443337010424
0.14,0.56,0.03944237666719815
0.14,0.58,0.040878809656440966
0.14,0.6,0.04133237829010001
0.14,0.62,0.04096274101352545
0.14,0.64,0.04003706349620016
0.14,0.66,0.03887118109715636
0.14,0.68,0.037759170797593715
0.14,0.7000000000000001,0.03690883179800003
0.14,0.72,0.03639927542266773
0.14,0.74,0.03617079990899355
0.14,0.76,0.03604838250242486
0.14,0.78,0.03579123016843813
0.14,0.8,0.03515453890466257
0.14,0.8200000000000001,0.03394757532720708
0.14,0.84,0.03207462506750969
0.14,0.86,0.029551099810065644
0.14,0.88,0.026494161166181408
0.14,0.9,0.023093481481639783
0.14,0.92,0.019571629346997063
0.14,0.9400000000000001,0.016144381418573467
0.14,0.96,0.012989340066344673
0.14,0.98,0.010227612158282719
0.14,1.0,0.007919290457805667
0.16,0.0,0.07047362161189405
0.16,0.02,0.07423240677210743
0.16,0.04,0.07535636378284696
0.16,0.06,0.07375127251068805
0.16,0.08,0.06962957868990574
0.16,0.1,0.06346757650611108
0.16,0.12,0.05591667275183866
0.16,0.14,0.04769148245380993
0.16,0.16,0.039461418012780025
0.16,0.18,0.031768416003497696
0.16,0.2,0.02498367422190471
0.16,0.22,0.019304604205291304
0.16,0.24,0.014783495217912706
0.16,0.26,0.011374067222123039
0.16,0.28,0.008981589188513446
0.16,0.3,0.00750531143788056
0.16,0.32,0.006866607073778132
0.16,0.34,0.007020653571305773
0.16,0.36,0.00795274459617665
0.16,0.38,0.009662329741208583
0.16,0.4,0.012139107274918756
0.16,0.42,0.015336451127348624
0.16,0.44,0.019148283905609145
0.16,0.46,0.02339587101183762
0.16,0.48,0.02783025986755487
0.16,0.5,0.032153661218990916
0.16,0.52,0.03605891145107316
0.16,0.54,0.03928097276334142
0.16,0.56,0.0416496362793218
0.16,0.58,0.043129915980927414
0.16,0.6,0.043837463629368516
0.16,0.62,0.04402115157216456
0.16,0.64,0.04401290584412748
0.16,0.66,0.044153862264568626
0.16,0.68,0.044713275789749894
0.16,0.7000000000000001,0.045819910704507805
0.16,0.72,0.0474235699143887
0.16,0.74,0.04929731027486845
0.16,0.76,0.05108065186753743
0.16,0.78,0.05235364004441927
0.16,0.8,0.05272395481547697
0.16,0.8200000000000001,0.05190650985928276
0.16,0.84,0.049777756453231466
0.16,0.86,0.04639416541429577
0.16,0.88,0.04197380396272247
0.16,0.9,0.036848777491692616
0.16,0.92,0.031402201790679436
0.16,0.9400000000000001,0.026005045418243083
0.16,0.96,0.020965750192287448
0.16,0.98,0.016500294452560387
0.16,1.0,0.012724218284578254
0.18,0.0,0.06051999817925566
0.18,0.02,0.06376388946657419
0.18,0.04,0.06472275323718776
0.18,0.06,0.06330848746673687
0.18,0.08,0.05970200978222006
0.18,0.1,0.05431747489769278
0.18,0.12,0.04772550075837849
0.18,0.14,0.04055512516900189
0.18,0.16,0.03339799223940057
0.18,0.18,0.026735024060363093
0.18,0.2,0.02089738252815496
0.18,0.22,0.01606322359242971
0.18,0.24,0.012283004289991739
0.18,0.26,0.009521127606500803
0.18,0.28,0.00770096305787615
0.18,0.3,0.006742758111861505
0.18,0.32,0.006587981769690916
0.18,0.34,0.007207709791538826
0.18,0.36,0.008595938890569556
0.18,0.38,0.010751083149319468
0.18,0.4,0.013650625973582488
0.18,0.42,0.017225197917664255
0.18,0.44,0.021339114431092876
0.18,0.46,0.025784183888105827
0.18,0.48,0.03029184242211473
0.18,0.5,0.03456513938409215
0.18,0.52,0.03832714751899195
0.18,0.54,0.04137706294876797
0.18,0.56,0.04364112994989928
0.18,0.58,0.04520412967462773
0.18,0.6,0.0463095268143903
0.18,0.62,0.0473225010103325
0.18,0.64,0.04865886487986855
0.18,0.66,0.05069217602461454
0.18,0.68,0.05365861779202149
0.18,0.7000000000000001,0.05758214851880536
0.18,0.72,0.06223968463666229
0.18,0.74,0.06717786837928179
0.18,0.76,0.0717810631327921
0.18,0.78,0.07537764205110228
0.18,0.8,0.07736184189752374
0.18,0.8200000000000001,0.07730429460346443
0.18,0.84,0.0750271350454127
0.18,0.86,0.07062858984901561
0.18,0.88,0.0644545805758465
0.18,0.9,0.05702746858362614
0.18,0.92,0.0489511082071959
0.18,0.9400000000000001,0.0408146173740803
0.18,0.96,0.03311441461656127
0.18,0.98,0.02620668276255837
0.18,1.0,0.02029324355368309
0.2,0.0,0.05027539612396301
0.2,0.02,0.05299071765385391
0.2,0.04,0.053795713197788406
0.2,0.06,0.052611046103312215
0.2,0.08,0.049584777161180545
0.2,0.1,0.045063587266921626
0.2,0.12,0.03952881896627903
0.2,0.14,0.03351382603787849
0.2,0.16,0.02752258023719451
0.2,0.18,0.021966958729812573
0.2,0.2,0.017133084987265314
0.2,0.22,0.013178329031592578
0.2,0.24,0.010152994201608811
0.2,0.26,0.00803624309065926
0.2,0.28,0.00677490524184881
0.2,0.3,0.0063156970547543914
0.2,0.32,0.006624742116175557
0.2,0.34,0.007691912120683804
0.2,0.36,0.009520745618926936
0.2,0.38,0.012107388538372978
0.2,0.4,0.015414192912361986
0.2,0.42,0.01934522822817794
0.2,0.44,0.02373161942232112
0.2,0.46,0.02833375461444016
0.2,0.48,0.03286457849687183
0.2,0.5,0.03703349488949419
0.2,0.52,0.04060464914458031
0.2,0.54,0.043457964096841356
0.2,0.56,0.04563790510192342
0.2,0.58,0.047374900226998334
0.2,0.6,0.04906824018647314
0.2,0.62,0.051226735421742935
0.2,0.64,0.054373050690622114
0.2,0.66,0.05892738488839839
0.2,0.68,0.06509361186708376
0.2,0.7000000000000001,0.07277392976466351
0.2,0.72,0.08153501568744663
0.2,0.74,0.09063947720424664
0.2,0.76,0.09914251093886027
0.2,0.78,0.10603820313449254
0.2,0.8,0.1104269055088109
0.2,0.8200000000000001,0.11166850633227654
0.2,0.84,0.1094886079592429
0.2,0.86,0.10401550801340284
0.2,0.88,0.0957426066961129
0.2,0.9,0.08542862694268337
0.2,0.92,0.07396168499208071
0.2,0.9400000000000001,0.06221906335708694
0.2,0.96,0.050951471398387425
0.2,0.98,0.040710475281103414
0.2,1.0,0.031824494997042485
0.22,0.0,0.040306750059026106
0.22,0.02,0.04249945918824312
0.22,0.04,0.04315726633406395
0.22,0.06,0.042212189880074684
0.22,0.08,0.039780894083566914
0.22,0.1,0.0361424353283142
0.22,0.12,0.0316870941163299
0.22,0.14,0.026849551897771735
0.22,0.16,0.02204266804173799
0.22,0.18,0.017606215430569307
0.22,0.2,0.013779275540189859
0.22,0.22,0.010697831759220747
0.22,0.24,0.008412796016144215
0.22,0.26,0.006919843303820025
0.22,0.28,0.006191436866154616
0.22,0.3,0.006202758114394653
0.22,0.32,0.006945930683235458
0.22,0.34,0.008430076798173968
0.22,0.36,0.010667878534285406
0.22,0.38,0.013652263234409484
0.22,0.4,0.017329448533814316
0.22,0.42,0.021576491116380415
0.22,0.44,0.026192031234644978
0.22,0.46,0.030907424825956247
0.22,0.48,0.0354215975514681
0.22,0.5,0.0394571615285769
0.22,0.52,0.04282883084500838
0.22,0.54,0.04550969680348817
0.22,0.56,0.04767819344206099
0.22,0.58,0.04972973260615626
0.22,0.6,0.05224223134486702
0.22,0.62,0.055893361104325516
0.22,0.64,0.06133783983515781
0.22,0.66,0.06906350509985423
0.22,0.68,0.07925303659581626
0.22,0.7000000000000001,0.09168181728652763
0.22,0.72,0.10567969944936868
0.22,0.74,0.12017456370304638
0.22,0.76,0.13381945004284815
0.22,0.78,0.14518576435898967
0.22,0.8,0.1529874841874369
0.22,0.8200000000000001,0.1562908002818878
0.22,0.84,0.15466427981589662
0.22,0.86,0.14823734072555403
0.22,0.88,0.1376565790707911
0.22,0.9,0.12395407012172727
0.22,0.92,0.10836181291189366
0.22,0.9400000000000001,0.09211617234016593
0.22,0.96,0.07629328443430171
0.22,0.98,0.06170299780811631
0.22,1.0,0.04885032399915314
0.24,0.0,0.031118357405815714
0.24,0.02,0.0328177669852553
0.24,0.04,0.033335827342435
0.24,0.06,0.03261763692512414
0.24,0.08,0.03075192028314492
0.24,0.1,0.02795451898243766
0.24,0.12,0.024529205622141146
0.24,0.14,0.02081604015431844
0.24,0.16,0.01713993618613684
0.24,0.18,0.013770733510418477
0.24,0.2,0.010901725353451118
0.24,0.22,0.008647994931994028
0.24,0.24,0.007060903249552495
0.24,0.26,0.0061518785444436815
0.24,0.28,0.005917652698889862
0.24,0.3,0.006359919527920267
0.24,0.32,0.007494403478124471
0.24,0.34,0.00934697035135946
0.24,0.36,0.01193738195522708
0.24,0.38,0.015254419293762797
0.24,0.4,0.019229058460848897
0.24,0.42,0.023714537256514637
0.24,0.44,0.028482604416164153
0.24,0.46,0.033243209184056446
0.24,0.48,0.03769016239357516
0.24,0.5,0.041568587926459316
0.24,0.52,0.044752857827850705
0.24,0.54,0.0473181517067715
0.24,0.56,0.04958653753857404
0.24,0.58,0.05213046571690977
0.24,0.6,0.055722721821168775
0.24,0.62,0.06123128202197021
0.24,0.64,0.06946874409292066
0.24,0.66,0.08101736809475801
0.24,0.68,0.09606025711738307
0.24,0.7000000000000001,0.11425447832639406
0.24,0.72,0.1346804812155869
0.24,0.74,0.15589219525063858
0.24,0.76,0.17607373204436555
0.24,0.78,0.19328459935517664
0.24,0.8,0.2057515888485432
0.24,0.8200000000000001,0.2121493803984449
0.24,0.84,0.21180971043359015
0.24,0.86,0.20481315664450422
0.24,0.88,0.19194522749572118
0.24,0.9,0.174531596712824
0.24,0.92,0.15419578876615408
0.24,0.9400000000000001,0.13259771253417543
0.24,0.96,0.11120926584774377
0.24,0.98,0.09116600560891738
0.24,1.0,0.07320869451931278
0.26,0.0,0.023105251264973793
0.26,0.02,0.024363829803319526
0.26,0.04,0.02475433470734667
0.26,0.06,0.024235358206971497
0.26,0.08,0.022872299350544117
0.26,0.1,0.02082566643956117
0.26,0.12,0.018322453115712595
0.26,0.14,0.015618107059473288
0.26,0.16,0.012958496939548014
0.26,0.18,0.010550334475576812
0.26,0.2,0.00854532637935032
0.26,0.22,0.007039175072695091
0.26,0.24,0.006082751100383451
0.26,0.26,0.005700233349222834
0.26,0.28,0.005908045663520839
0.26,0.3,0.006728817362414507
0.26,0.32,0.008195998142522186
0.26,0.34,0.0103468962232063
0.26,0.36,0.013204655881722743
0.26,0.38,0.016752886091603143
0.26,0.4,0.020909846295783584
0.26,0.42,0.02551143330573789
0.26,0.44,0.030312609861036562
0.26,0.46,0.03501450722159648
0.26,0.48,0.03931910173338459
0.26,0.5,0.043006026835133236
0.26,0.52,0.04601854316077208
0.26,0.54,0.04854006501819853
0.26,0.56,0.0510406196510665
0.26,0.58,0.05427494254052228
0.26,0.6,0.05922034214659865
0.26,0.62,0.06695211463353942
0.26,0.64,0.07846603315294756
0.26,0.66,0.09447000917348894
0.26,0.68,0.11517867652058736
0.26,0.7000000000000001,0.1401527324821547
0.26,0.72,0.1682259198680319
0.26,0.74,0.19755329746392772
0.26,0.76,0.22579370708683194
0.26,0.78,0.250409697379688
0.26,0.8,0.26903656261044245
0.26,0.8200000000000001,0.27984840892132595
0.26,0.84,0.2818425218337141
0.26,0.86,0.27497843625193324
0.26,0.88,0.26014233524972047
0.26,0.9,0.23895086963481638
0.26,0.92,0.21344747490893695
0.26,0.9400000000000001,0.18576641509021347
0.26,0.96,0.15783895344951324
0.26,0.98,0.13119449590635865
0.26,1.0,0.10687655883681602
0.28,0.0,0.016507050616737334
0.28,0.02,0.01739490272876789
0.28,0.04,0.017675774309458017
0.28,0.06,0.017320860977582706
0.28,0.08,0.01637724580909688
0.28,0.1,0.014960043875350333
0.28,0.12,0.013232541150179815
0.28,0.14,0.011379581822028787
0.28,0.16,0.009580828907791243
0.28,0.18,0.007989903450096472
0.28,0.2,0.00672320789853504
0.28,0.22,0.005859323779164436
0.28,0.24,0.005447151141961634
0.28,0.26,0.0055190427565911864
0.28,0.28,0.006104289396602103
0.28,0.3,0.007238360742754544
0.28,0.32,0.008964171733971169
0.28,0.34,0.011323297698597006
0.28,0.36,0.014337531939540788
0.28,0.38,0.01798433408857164
0.28,0.4,0.022173020337859065
0.28,0.42,0.026730997849837616
0.28,0.44,0.03140973454255261
0.28,0.46,0.035917576102146284
0.28,0.48,0.03998091386112152
0.28,0.5,0.043427607026806654
0.28,0.52,0.04627886952471367
0.28,0.54,0.048830148887638404
0.28,0.56,0.05169941274242207
0.28,0.58,0.05582330981109682
0.28,0.6,0.06238762504134027
0.28,0.62,0.0726876816443242
0.28,0.64,0.08792628701622728
0.28,0.66,0.10897082757992693
0.28,0.68,0.13610573590886793
0.28,0.7000000000000001,0.1688287004790332
0.28,0.72,0.20574389010455255
0.28,0.74,0.24459798708048033
0.28,0.76,0.28248205413956257
0.28,0.78,0.3161862350712795
0.28,0.8,0.3426531940486734
0.28,0.8200000000000001,0.35944278108830924
0.28,0.84,0.3651075861039767
0.28,0.86,0.3593943136277139
0.28,0.88,0.3432272141722152
0.28,0.9,0.3184851387437216
0.28,0.92,0.2876352481547321
0.28,0.9400000000000001,0.2533172035509117
0.28,0.96,0.21797281490482498
0.28,0.98,0.18358984532380032
0.28,1.0,0.1515868194082743
0.3,0.0,0.011387031608723555
0.3,0.02,0.011982550046820941
0.3,0.04,0.012175637375918653
0.3,0.06,0.011948249796144365
0.3,0.08,0.011333943042011426
0.3,0.1,0.010412941458844716
0.3,0.12,0.00929911407290577
0.3,0.14,0.008122317628004378
0.3,0.16,0.007010506609868738
0.3,0.18,0.0060756394119233365
0.3,0.2,0.005405994513830641
0.3,0.22,0.005065603727045917
0.3,0.24,0.005099677966226305
0.3,0.26,0.005543515778477142
0.3,0.28,0.006431577913703575
0.3,0.3,0.007803190185811279
0.3,0.32,0.009701749018927308
0.3,0.34,0.012165505871151176
0.3,0.36,0.015210154696045669
0.3,0.38,0.018806448239211387
0.3,0.4,0.02285935172108297
0.3,0.42,0.027197735719489635
0.3,0.44,0.031584047844421835
0.3,0.46,0.035750870402658314
0.3,0.48,0.03946573741953
0.3,0.5,0.0426181051010669
0.3,0.52,0.04531479102217169
0.3,0.54,0.04796446948542737
0.3,0.56,0.05132929006425068
0.3,0.58,0.05652284459726643
0.3,0.6,0.06493841633362787
0.3,0.62,0.07809957965018587
0.3,0.64,0.09743700755525771
0.3,0.66,0.12401094465161405
0.3,0.68,0.15821710991145294
0.3,0.7000000000000001,0.19953117298334616
0.3,0.72,0.24635702268858026
0.3,0.74,0.29603938896532306
0.3,0.76,0.34507697701064516
0.3,0.78,0.3895293565430442
0.3,0.8,0.4255588982919276
0.3,0.8200000000000001,0.450004147717247
0.3,0.84,0.4608603753858182
0.3,0.86,0.45755758622512743
0.3,0.88,0.44097485272123654
0.3,0.9,0.4131981520301305
0.3,0.92,0.37709434028611455
0.3,0.9400000000000001,0.33581457870899406
0.3,0.96,0.2923441871067753
0.3,0.98,0.24918466686657717
0.3,1.0,0.2082022739009546
0.32,0.0,0.007648427688822559
0.32,0.02,0.008028184654192912
0.32,0.04,0.008156068358170948
0.32,0.06,0.008022489725731745
0.32,0.08,0.007651608726698597
0.32,0.1,0.0070985202791176046
0.32,0.12,0.006441240361457309
0.32,0.14,0.005769610507638916
0.32,0.16,0.005173848371358997
0.32,0.18,0.004735283331407381
0.32,0.2,0.0045209941211794055
0.32,0.22,0.004582933480254071
0.32,0.24,0.004960992324318124
0.32,0.26,0.005688504364350017
0.32,0.28,0.006797983046931562
0.32,0.3,0.0083244692885709
0.32,0.32,0.010303914811549896
0.32,0.34,0.012764818563771011
0.32,0.36,0.01571312753526361
0.32,0.38,0.019113164877354878
0.32,0.4,0.02287049588687127
0.32,0.42,0.026825115022012718
0.32,0.44,0.030763879491161335
0.32,0.46,0.03445883348213771
0.32,0.48,0.03773292919025305
0.32,0.5,0.04054763739547023
0.32,0.52,0.04309971235532459
0.32,0.54,0.04590860871232881
0.32,0.56,0.04987283465459042
0.32,0.58,0.05627325212043619
0.32,0.6,0.06670413730005585
0.32,0.62,0.08291925672628424
0.32,0.64,0.10659151554107815
0.32,0.66,0.13900199909276653
0.32,0.68,0.1806967431329781
0.32,0.7000000000000001,0.23117306562294837
0.32,0.72,0.2886735895422098
0.32,0.74,0.35016516641813544
0.32,0.76,0.4115543565843548
0.32,0.78,0.4681411595332768
0.32,0.8,0.515249082839622
0.32,0.8200000000000001,0.5489120444973791
0.32,0.84,0.5664689097976886
0.32,0.86,0.5669294539447641
0.32,0.88,0.5510311952357818
0.32,0.9,0.5209882042569759
0.32,0.92,0.4800130885163372
0.32,0.9400000000000001,0.4317445205203991
0.32,0.96,0.3797191810481614
0.32,0.98,0.3269908758985402
0.32,1.0,0.2759387230469749
0.34,0.0,0.0050819175359368566
0.34,0.02,0.005312683741768572
0.34,0.04,0.0053956337494790235
0.34,0.06,0.005327303840710597
0.34,0.08,0.005125688696936507
0.34,0.1,0.004828876292855914
0.34,0.12,0.004490474247077002
0.34,0.14,0.004172999184959577
0.34,0.16,0.003940775651445655
0.34,0.18,0.0038538307841862354
0.34,0.2,0.003963873319141716
0.34,0.22,0.004312875834550033
0.34,0.24,0.004934166350561075
0.34,0.26,0.005855323009459303
0.34,0.28,0.007101555529433758
0.34,0.3,0.00869771983123978
0.34,0.32,0.010666877671084226
0.34,0.34,0.013023747427990853
0.34,0.36,0.015762819313787046
0.34,0.38,0.018843338816185332
0.34,0.4,0.022176284404185995
0.34,0.42,0.025620867279219767
0.34,0.44,0.028998772852199813
0.34,0.46,0.03213249577062547
0.34,0.48,0.03490963050894752
0.34,0.5,0.03736869607661536
0.34,0.52,0.0397953705660637
0.34,0.54,0.04281220417735979
0.34,0.56,0.04744076517774972
0.34,0.58,0.05511309163950572
0.34,0.6,0.06760976838057466
0.34,0.62,0.08690629284148793
0.34,0.64,0.11491995054205954
0.34,0.66,0.15316830392320419
0.34,0.68,0.20237730223775663
0.34,0.7000000000000001,0.2621070214687115
0.34,0.72,0.3304860900077713
0.34,0.74,0.4041492582451573
0.34,0.76,0.4784463957705018
0.34,0.78,0.5479345545141676
0.34,0.8,0.6070895863025313
0.34,0.8200000000000001,0.6511033322986789
0.34,0.84,0.6765932022404312
0.34,0.86,0.6820617259232392
0.34,0.88,0.6680055986879545
0.34,0.9,0.6366679690763049
0.34,0.92,0.5915218121577691
0.34,0.9400000000000001,0.5366335379405213
0.34,0.96,0.4760654046830646
0.34,0.98,0.4134348776249959
0.34,1.0,0.3516797069790416
0.36,0.0,0.003426223416794148
0.36,0.02,0.0035606509352888592
0.36,0.04,0.003614722982058589
0.36,0.06,0.0035890377494353265
0.36,0.08,0.003497693568301976
0.36,0.1,0.0033678513508384545
0.36,0.12,0.0032373662098186635
0.36,0.14,0.0031510321081626973
0.36,0.16,0.003156203689084244
0.36,0.18,0.0032985848130267555
0.36,0.2,0.0036188607840909126
0.36,0.22,0.0041506653101124474
0.36,0.24,0.004920125660005362
0.36,0.26,0.005946870989835243
0.36,0.28,0.00724587447379781
0.36,0.3,0.008828897500155157
0.36,0.32,0.01070386923736334
0.36,0.34,0.012870670101023251
0.36,0.36,0.015312858500091977
0.36,0.38,0.017986950714981062
0.36,0.4,0.020813499409272903
0.36,0.42,0.02367650804866046
0.36,0.44,0.02643858327311109
0.36,0.46,0.028977874197881837
0.36,0.48,0.031249163211067497
0.36,0.5,0.03336607995696253
0.36,0.52,0.035695335600598226
0.36,0.54,0.03894803329790981
0.36,0.56,0.04424800526986928
0.36,0.58,0.05315308671991182
0.36,0.6,0.06760316411102252
0.36,0.62,0.0897709289486528
0.36,0.64,0.1218009215784598
0.36,0.66,0.16544274399845238
0.36,0.68,0.22161533607095912
0.36,0.7000000000000001,0.2899754111782688
0.36,0.72,0.3685927520574066
0.36,0.74,0.45384290247702425
0.36,0.76,0.5406015683105093
0.36,0.78,0.6227627660535465
0.36,0.8,0.6940173909359265
0.36,0.8200000000000001,0.7487467217764817
0.36,0.84,0.7828372340758966
0.36,0.86,0.7942311768907704
0.36,0.88,0.7830940618501891
0.36,0.9,0.7515847493561333
0.36,0.92,0.703319628690878
0.36,0.9400000000000001,0.6426923066039418
0.36,0.96,0.5742223568970768
0.36,0.98,0.5020631626139616
0.36,1.0,0.429723231647801
0.38,0.0,0.0024225290228085095
0.38,0.02,0.002498474140238462
0.38,0.04,0.002534981852414715
0.38,0.06,0.0025350451472285567
0.38,0.08,0.002510265784989098
0.38,0.1,0.002480958825457928
0.38,0.12,0.002475094301060828
0.38,0.14,0.002526232594617065
0.38,0.16,0.0026707350868886777
0.38,0.18,0.002944609266594094
0.38,0.2,0.0033804115103837087
0.38,0.22,0.004004687074111345
0.38,0.24,0.004836418811287317
0.38,0.26,0.005886778768457006
0.38,0.28,0.007160052098521414
0.38,0.3,0.008654984629335467
0.38,0.32,0.010365245625222667
0.38,0.34,0.012277600766987386
0.38,0.36,0.01436713849061966
0.38,0.38,0.016590596172658123
0.38,0.4,0.0188811481680102
0.38,0.42,0.02115016670904066
0.38,0.44,0.02330249807400625
0.38,0.46,0.02527098828890222
0.38,0.48,0.027073168852040252
0.38,0.5,0.028888567334299918
0.38,0.52,0.03114970248752531
0.38,0.54,0.03463398054062408
0.38,0.56,0.040537666473795794
0.38,0.58,0.05050721164540229
0.38,0.6,0.06659877705302221
0.38,0.62,0.09113674837678964
0.38,0.64,0.12645072033164795
0.38,0.66,0.1744917271600616
0.38,0.68,0.23636281332900172
0.38,0.7000000000000001,0.31184035357924467
0.38,0.72,0.3989976852336118
0.38,0.74,0.4940544602980918
0.38,0.76,0.5915494806210931
0.38,0.78,0.6848687065879613
0.38,0.8,0.7670672502204429
0.38,0.8200000000000001,0.8318330618816927
0.38,0.84,0.8743846251402106
0.38,0.86,0.8921001638451351
0.38,0.88,0.8847449632342836
0.38,0.9,0.8542744035411813
0.38,0.92,0.8043037951490061
0.38,0.9400000000000001,0.7394118874410606
0.38,0.96,0.6644593291725225
0.38,0.98,0.5840586848010693
0.38,1.0,0.5022541562196281
0.4,0.0,0.001850581677624567
0.4,0.02,0.0018930007774486915
0.4,0.04,0.0019190531002154314
0.4,0.06,0.001932872488134435
0.4,0.08,0.0019442895040894614
0.4,0.1,0.0019692085370779633
0.4,0.12,0.0020292599224400933
0.4,0.14,0.0021506669991762906
0.4,0.16,0.0023623378832754454
0.4,0.18,0.0026932958447157145
0.4,0.2,0.0031697220324285067
0.4,0.22,0.0038120760321010585
0.4,0.24,0.00463289341069759
0.4,0.26,0.00563580335659439
0.4,0.28,0.006815966693603678
0.4,0.3,0.008161540964022778
0.4,0.32,0.009655163912626608
0.4,0.34,0.011274190772351138
0.4,0.36,0.012988898302009548
0.4,0.38,0.014759224530155119
0.4,0.4,0.016532597518494677
0.4,0.42,0.018247382251109955
0.4,0.44,0.019847635545432743
0.4,0.46,0.021314558175046912
0.4,0.48,0.022718033367679278
0.4,0.5,0.024288111335780068
0.4,0.52,0.02650156147231182
0.4,0.54,0.03017284189457365
0.4,0.56,0.03653205634706746
0.4,0.58,0.047265072336006554
0.4,0.6,0.06448459781249448
0.4,0.62,0.09059918211412768
0.4,0.64,0.12805481640858482
0.4,0.66,0.17894550886846727
0.4,0.68,0.24452551923903915
0.4,0.7000000000000001,0.32470055077658544
0.4,0.72,0.41761413536986214
0.4,0.74,0.5194603830806097
0.4,0.76,0.6246298648724906
0.4,0.78,0.7262280605010639
0.4,0.8,0.816909350712215
0.4,0.8200000000000001,0.8898736157896067
0.4,0.84,0.9398125905721261
0.4,0.86,0.9635954531163625
0.4,0.88,0.9605516043947455
0.4,0.9,0.9323208623307225
0.4,0.92,0.8823569593714464
0.4,0.9400000000000001,0.8152481230599927
0.4,0.96,0.7360345348277049
0.4,0.98,0.6496591360876122
0.4,1.0,0.560611426738826
0.42,0.0,0.001543956277860778
0.42,0.02,0.0015680016670325048
0.42,0.04,0.0015875830678919723
0.42,0.06,0.0016070936747418288
0.42,0.08,0.001634880427118689
0.42,0.1,0.001683716908284869
0.42,0.12,0.001770795322212134
0.42,0.14,0.001917075253536256
0.42,0.16,0.002145866487927789
0.42,0.18,0.002480634575191316
0.42,0.2,0.0029422162661301957
0.42,0.22,0.00354588202415876
0.42,0.24,0.004298885110331021
0.42,0.26,0.005199154577968001
0.42,0.28,0.00623551973523532
0.42,0.3,0.007389315404255396
0.42,0.32,0.008636606410636304
0.42,0.34,0.009949925547179697
0.42,0.36,0.011298688843207054
0.42,0.38,0.012648499143912346
0.42,0.4,0.013961208278267256
0.42,0.42,0.015199382373858514
0.42,0.44,0.016340044002107177
0.42,0.46,0.017402682073150356
0.42,0.48,0.01849523790967309
0.42,0.5,0.019879068478536596
0.42,0.52,0.02204978873038783
0.42,0.54,0.02582530500265197
0.42,0.56,0.0324251503620226
0.42,0.58,0.04351686127910608
0.42,0.6,0.061197464130440825
0.42,0.62,0.08787503427772975
0.42,0.64,0.12602207831984275
0.42,0.66,0.1777938544443567
0.42,0.68,0.2445413988949618
0.42,0.7000000000000001,0.3262946241502425
0.42,0.72,0.4213312821193538
0.42,0.74,0.5259643212609099
0.42,0.76,0.6346576375786822
0.42,0.78,0.7405145490582122
0.42,0.8,0.8360879951466149
0.42,0.8200000000000001,0.9143657485505998
0.42,0.84,0.9697229317739805
0.42,0.86,0.9986338848091509
0.42,0.88,1.0
0.42,0.9,0.9750578270426803
0.42,0.92,0.9269433407688078
0.42,0.9400000000000001,0.8600639690718103
0.42,0.96,0.7794467876238511
0.42,0.98,0.6901919800443715
0.42,1.0,0.5970902014973463
0.44,0.0,0.0013890546156663367
0.44,0.02,0.0014032468071703361
0.44,0.04,0.001418372453002191
0.44,0.06,0.0014385159541244784
0.44,0.08,0.001470612099382445
0.44,0.1,0.001524908431685953
0.44,0.12,0.0016150875056037846
0.44,0.14,0.0017578564384957455
0.44,0.16,0.00197183466519207
0.44,0.18,0.002275676176765533
0.44,0.2,0.002685561493948156
0.44,0.22,0.003212450796082992
0.44,0.24,0.0038597090816555844
0.44,0.26,0.004621770080072559
0.44,0.28,0.005484299331390226
0.44,0.3,0.006425854522995583
0.44,0.32,0.0074204814942331575
0.44,0.34,0.00844031422726428
0.44,0.36,0.009457372055572453
0.44,0.38,0.010444534121114414
0.44,0.4,0.011377024404534494
0.44,0.42,0.012237291331410573
0.44,0.44,0.013027392843888963
0.44,0.46,0.013793415583485213
0.44,0.48,0.014665745943328385
0.44,0.5,0.0159169944154351
0.44,0.52,0.018035869735949537
0.44,0.54,0.021810018562148176
0.44,0.56,0.0284035915585452
0.44,0.58,0.039406558117232496
0.44,0.6,0.05682455697450453
0.44,0.62,0.08297428338854347
0.44,0.64,0.12025537587662562
0.44,0.66,0.17079005254574062
0.44,0.68,0.2359570273527151
0.44,0.7000000000000001,0.315890374605909
0.44,0.72,0.40905345812130156
0.44,0.74,0.5120150985934158
0.44,0.76,0.6195349703065058
0.44,0.78,0.7250040548154056
0.44,0.8,0.8211964785971878
0.44,0.8200000000000001,0.9011986741082673
0.44,0.84,0.9593233595180848
0.44,0.86,0.9918135787763764
0.44,0.88,0.9971997369738814
0.44,0.9,0.9762701617649746
0.44,0.92,0.9317172594902888
0.44,0.9400000000000001,0.8675906869520715
0.44,0.96,0.7887056386127187
0.44,0.98,0.7001213569609992
0.44,1.0,0.6067450248515103
0.46,0.0,0.0013151245322437556
0.46,0.02,0.001323956206714286
0.46,0.04,0.001335615029152628
0.46,0.06,0.0013535611928395695
0.46,0.08,0.0013833391415835827
0.46,0.1,0.0014329742021953454
0.46,0.12,0.0015131192624680317
0.46,0.14,0.00163676979638068
0.46,0.16,0.0018183805610185735
0.46,0.18,0.002072308549267287
0.46,0.2,0.0024106836248507547
0.46,0.22,0.002841038707133093
0.46,0.24,0.0033642350812321904
0.46,0.26,0.003973287030812715
0.46,0.28,0.004653537050214334
0.46,0.3,0.0053842560707029405
0.46,0.32,0.006141264738917993
0.46,0.34,0.0068998226249948925
0.46,0.36,0.00763706771438278
0.46,0.38,0.008333865673193934
0.46,0.4,0.008977005207664233
0.46,0.42,0.009563993268654055
0.46,0.44,0.010113865478908742
0.46,0.46,0.010688026675619727
0.46,0.48,0.011424841686253155
0.46,0.5,0.012590226349453192
0.46,0.52,0.014643517708630614
0.46,0.54,0.01831304003292063
0.46,0.56,0.02466881706491575
0.46,0.58,0.03517134870023889
0.46,0.6,0.05166726684196629
0.46,0.62,0.07629880165367982
0.46,0.64,0.11129927570896869
0.46,0.66,0.15866545945215788
0.46,0.68,0.21973005587323544
0.46,0.7000000000000001,0.29469810376474603
0.46,0.72,0.38224730964882087
0.46,0.74,0.47930823649698684
0.46,0.76,0.5811226178158511
0.46,0.78,0.6816236245145039
0.46,0.8,0.77410211894669
0.46,0.8200000000000001,0.8520422419311889
0.46,0.84,0.909957059651009
0.46,0.86,0.9440515772390001
0.46,0.88,0.9525892171703912
0.46,0.9,0.935921215287298
0.46,0.92,0.8962252286511342
0.46,0.9400000000000001,0.8370590877011272
0.46,0.96,0.762851204633225
0.46,0.98,0.678423872276406
0.46,1.0,0.5885989726523047
0.48,0.0,0.001281753503138616
0.48,0.02,0.0012875256524973772
0.48,0.04,0.0012963137024258635
0.48,0.06,0.0013108310278016524
0.48,0.08,0.001335297770911446
0.48,0.1,0.0013757517387741958
0.48,0.12,0.0014401749949532886
0.48,0.14,0.0015382852121493024
0.48,0.16,0.0016808512676190171
0.48,0.18,0.0018784661823435776
0.48,0.2,0.0021398546256727025
0.48,0.22,0.0024699813250506565
0.48,0.24,0.002868397184390708
0.48,0.26,0.0033283254679007156
0.48,0.28,0.0038368804275404527
0.48,0.3,0.0043765184726043465
0.48,0.32,0.0049274371044388515
0.48,0.34,0.005470336273534988
0.48,0.36,0.005988944313179559
0.48,0.38,0.006472125365268001
0.48,0.4,0.0069162233681428365
0.48,0.42,0.007329389705806453
0.48,0.44,0.007740696952541474
0.48,0.46,0.008217525037634102
0.48,0.48,0.008894687867381816
0.48,0.5,0.01001770384657206
0.48,0.52,0.012000099161326504
0.48,0.54,0.015490247281008809
0.48,0.56,0.021436818323298412
0.48,0.58,0.031134026117151593
0.48,0.6,0.046220443119731267
0.48,0.62,0.06860167210856671
0.48,0.64,0.10027198033144999
0.48,0.66,0.14302662490037543
0.48,0.68,0.19808521350150862
0.48,0.7000000000000001,0.2656818270860492
0.48,0.72,0.3447089377315954
0.48,0.74,0.43251568369611065
0.48,0.76,0.5249457266274129
0.48,0.78,0.6166533860562736
0.48,0.8,0.7016690732795839
0.48,0.8200000000000001,0.7741169878091759
0.48,0.84,0.8289436842152776
0.48,0.86,0.8625125860309621
0.48,0.88,0.8729587296906279
0.48,0.9,0.8602650701638649
0.48,0.92,0.8260912731068972
0.48,0.9400000000000001,0.7734337954689741
0.48,0.96,0.7062096098089592
0.48,0.98,0.6288385535583256
0.48,1.0,0.5458665858530921
0.5,0.0,0.0012678736283424415
0.5,0.02,0.0012718577340500318
0.5,0.04,0.0012783453106491142
0.5,0.06,0.0012893116200737601
0.5,0.08,0.0013077884347449794
0.5,0.1,0.0013380919322216812
0.5,0.12,0.0013859179705855078
0.5,0.14,0.0014581903509322317
0.5,0.16,0.0015625555712350946
0.5,0.18,0.0017064736698029828
0.5,0.2,0.0018959644277197366
0.5,0.22,0.002134212483831862
0.5,0.24,0.002420366489892495
0.5,0.26,0.0027489216745118636
0.5,0.28,0.0031099978086239558
0.5,0.3,0.003490607060394945
0.5,0.32,0.0038767110776407186
0.5,0.34,0.00425562346303793
0.5,0.36,0.00461827907126091
0.5,0.38,0.004961184349912306
0.5,0.4,0.005288505774898745
0.5,0.42,0.005615646604496299
0.5,0.44,0.00597659976430304
0.5,0.46,0.006438070992362364
0.5,0.48,0.007123517903302801
0.5,0.5,0.00824946843030892
0.5,0.52,0.01017433107971299
0.5,0.54,0.01345599065596293
0.5,0.56,0.0189087029980669
0.5,0.58,0.027642810102536487
0.5,0.6,0.04106441184118886
0.5,0.62,0.06080941234900496
0.5,0.64,0.08859095444495294
0.5,0.66,0.12595388277492728
0.5,0.68,0.17395431933898886
0.5,0.7000000000000001,0.2328119732453881
0.5,0.72,0.3016082739385415
0.5,0.74,0.37811366981243216
0.5,0.76,0.4588138774675303
0.5,0.78,0.5391662886969684
0.5,0.8,0.6140628698007645
0.5,0.8200000000000001,0.678421616608976
0.5,0.84,0.7277938491964642
0.5,0.86,0.7588721060341509
0.5,0.88,0.7698137051124185
0.5,0.9,0.7603459753260945
0.5,0.92,0.7316712813845675
0.5,0.9400000000000001,0.6862255515663087
0.5,0.96,0.627354779308221
0.5,0.98,0.5589635198969727
0.5,1.0,0.4851695734351248
0.52,0.0,0.0012639749702907312
0.52,0.02,0.0012671396149182739
0.52,0.04,0.0012721037820855245
0.52,0.06,0.0012801797311125488
0.52,0.08,0.0012933912079901688
0.52,0.1,0.001314635139385884
0.52,0.12,0.0013477512890479365
0.52,0.14,0.001397419126880598
0.52,0.16,0.0014688080214151683
0.52,0.18,0.0015669482209916064
0.52,0.2,0.0016958694811301208
0.52,0.22,0.0018576581410313427
0.52,0.24,0.0020516785137725604
0.52,0.26,0.0022742445564844904
0.52,0.28,0.002518973044153008
0.52,0.3,0.002777891007097741
0.52,0.32,0.0030431491392065428
0.52,0.34,0.003309000760001502
0.52,0.36,0.0035736604608790756
0.52,0.38,0.0038408594174815583
0.52,0.4,0.004121407163334899
0.52,0.42,0.004435805692971119
0.52,0.44,0.004819798915142929
0.52,0.46,0.005335446109237814
0.52,0.48,0.0060905629553010794
0.52,0.5,0.007268777467927736
0.52,0.52,0.009170560187850433
0.52,0.54,0.01226206152993483
0.52,0.56,0.0172234367278038
0.52,0.58,0.024982287279975316
0.52,0.6,0.0367126175215727
0.52,0.62,0.053777943652662155
0.52,0.64,0.07760181445678464
0.52,0.66,0.10946190063746171
0.52,0.68,0.15022430274250861
0.52,0.7000000000000001,0.2000585138784903
0.52,0.72,0.2581929696936024
0.52,0.74,0.322777668185313
0.52,0.76,0.39090784342224283
0.52,0.78,0.4588311390605055
0.52,0.8,0.5223177807303186
0.52,0.8200000000000001,0.5771322357418368
0.52,0.84,0.6195197702615323
0.52,0.86,0.6466207436168986
0.52,0.88,0.6567485714977632
0.52,0.9,0.6495041434987666
0.52,0.92,0.6257358914215903
0.52,0.9400000000000001,0.5873788558982774
0.52,0.96,0.5372136076513853
0.52,0.98,0.47858060122280544
0.52,1.0,0.4150760320179053
0.54,0.0,0.0012677733804381678
0.54,0.02,0.0012713739562164427
0.54,0.04,0.00127608950857311
0.54,0.06,0.0012826392886584556
0.54,0.08,0.0012922048512633785
0.54,0.1,0.0013065525811576742
0.54,0.12,0.0013280933470801142
0.54,0.14,0.0013598242090413918
0.54,0.16,0.001405104624343534
0.54,0.18,0.0014672509243040456
0.54,0.2,0.0015489895960304997
0.54,0.22,0.0016518824279109414
0.54,0.24,0.001775901879973998
0.54,0.26,0.0019193612780735395
0.54,0.28,0.0020793629486597566
0.54,0.3,0.0022528094166838547
0.54,0.32,0.0024378536678470526
0.54,0.34,0.002635507563586045
0.54,0.36,0.0028510723623090513
0.54,0.38,0.0030951919487212797
0.54,0.4,0.0033847153975854255
0.54,0.42,0.0037441843230301623
0.54,0.44,0.004209535264226651
0.54,0.46,0.004836321777458153
0.54,0.48,0.00571509104316998
0.54,0.5,0.006996074471790177
0.54,0.52,0.008923632540926336
0.54,0.54,0.011877646083310482
0.54,0.56,0.016414398497871567
0.54,0.58,0.023294267112599146
0.54,0.6,0.03347939183594842
0.54,0.62,0.04808370671749272
0.54,0.64,0.06826255763817031
0.54,0.66,0.0950407076739041
0.54,0.68,0.12909469466967302
0.54,0.7000000000000001,0.17052424579558031
0.54,0.72,0.21866152471028336
0.54,0.74,0.2719699056043104
0.54,0.76,0.32807186757267115
0.54,0.78,0.3839196706992754
0.54,0.8,0.43608953632661474
0.54,0.8200000000000001,0.48115051008858467
0.54,0.84,0.5160428832760336
0.54,0.86,0.538402944003451
0.54,0.88,0.5467887462650244
0.54,0.9,0.540787391126813
0.54,0.92,0.5210080249031899
0.54,0.9400000000000001,0.48897933996001225
0.54,0.96,0.44697460405744627
0.54,0.98,0.39778522604611305
0.54,1.0,0.3444616029495473
0.56,0.0,0.001283085796318044
0.56,0.02,0.0012894655992322069
0.56,0.04,0.0012963191679935464
0.56,0.06,0.001303749264304953
0.56,0.08,0.0013121607532213116
0.56,0.1,0.0013223841568661611
0.56,0.12,0.001335752124715833
0.56,0.14,0.001354087877297463
0.56,0.16,0.0013795756543186163
0.56,0.18,0.0014145110523107894
0.56,0.2,0.0014609730107196849
0.56,0.22,0.001520511106715242
0.56,0.24,0.0015939855370663467
0.56,0.26,0.001681710740523539
0.56,0.28,0.001784016437781295
0.56,0.3,0.0019022434427203784
0.56,0.32,0.0020400506053233646
0.56,0.34,0.002204768086804369
0.56,0.36,0.0024084625828215867
0.56,0.38,0.00266846728545593
0.56,0.4,0.003007446186129942
0.56,0.42,0.0034536332991608647
0.56,0.44,0.004042646573290777
0.56,0.46,0.004823028766168809
0.56,0.48,0.005868073948882495
0.56,0.5,0.007296110348384005
0.56,0.52,0.009299786729367193
0.56,0.54,0.012181821154440943
0.56,0.56,0.016390358088659126
0.56,0.58,0.0225424658760835
0.56,0.6,0.03142102023070736
0.56,0.62,0.04393028133594712
0.56,0.64,0.06100059837081176
0.56,0.66,0.08344333789112424
0.56,0.68,0.11177174811433331
0.56,0.7000000000000001,0.14601821977965684
0.56,0.72,0.18558807341305164
0.56,0.74,0.2291898365437346
0.56,0.76,0.27486990898288494
0.56,0.78,0.3201577260702466
0.56,0.8,0.36230227332477877
0.56,0.8200000000000001,0.39856023281199
0.56,0.84,0.4264867934233845
0.56,0.86,0.44418438684059935
0.56,0.88,0.4504790790896529
0.56,0.9,0.4450122149795136
0.56,0.92,0.42824931584313486
0.56,0.9400000000000001,0.40141564707201577
0.56,0.96,0.3663693763866929
0.56,0.98,0.32542304001321704
0.56,1.0,0.28112629142699813
0.58,0.0,0.0013218042063965207
0.58,0.02,0.0013358440400416717
0.58,0.04,0.0013496467920224079
0.58,0.06,0.0013624535133864941
0.58,0.08,0.0013737324513172853
0.58,0.1,0.001383369811375647
0.58,0.12,0.001391811511255455
0.58,0.14,0.0014001128854638641
0.58,0.16,0.0014098730089546366
0.58,0.18,0.0014230641747419108
0.58,0.2,0.0014418100414104681
0.58,0.22,0.0014682088929533076
0.58,0.24,0.0015043282631372588
0.58,0.26,0.0015524982642614608
0.58,0.28,0.0016159886886848078
0.58,0.3,0.0017000619947741178
0.58,0.32,0.001813259286152192
0.58,0.34,0.0019686326243652593
0.58,0.36,0.0021845468776915595
0.58,0.38,0.0024847238150581766
0.58,0.4,0.0028974784191830583
0.58,0.42,0.0034546518062453404
0.58,0.44,0.0041915315031316866
0.58,0.46,0.005149874484565781
0.58,0.48,0.006386648361889708
0.58,0.5,0.007990799236727589
0.58,0.52,0.010108786832661053
0.58,0.54,0.012976607743220802
0.58,0.56,0.016951887224222206
0.58,0.58,0.022535375866826746
0.58,0.6,0.030368470087901677
0.58,0.62,0.04119402191902653
0.58,0.64,0.05577304127085824
0.58,0.66,0.07475991642469104
0.58,0.68,0.09855158567034344
0.58,0.7000000000000001,0.12713800207084563
0.58,0.72,0.15998778839806235
0.58,0.74,0.1960006739265595
0.58,0.76,0.23354635527839485
0.58,0.78,0.2705906690784202
0.58,0.8,0.3048901910840436
0.58,0.8200000000000001,0.33422209097230643
0.58,0.84,0.3566116545143331
0.58,0.86,0.37052558777573175
0.58,0.88,0.3750111829486749
0.58,0.9,0.369773830500697
0.58,0.92,0.3551935501280434
0.58,0.9400000000000001,0.3322840088152086
0.58,0.96,0.30259737045917295
0.58,0.98,0.26807937169071866
0.58,1.0,0.23088404745819266
0.6,0.0,0.001409172310738331
0.6,0.02,0.0014409566936591984
0.6,0.04,0.0014714791985969361
0.6,0.06,0.00149844617466783
0.6,0.08,0.0015198067024382064
0.6,0.1,0.001534129848337476
0.6,0.12,0.0015409043255671683
0.6,0.14,0.0015406901365597778
0.6,0.16,0.0015350903384753628
0.6,0.18,0.0015265661576833076
0.6,0.2,0.0015181772063086
0.6,0.22,0.001513375806460007
0.6,0.24,0.001516006731269916
0.6,0.26,0.0015306495798998979
0.6,0.28,0.001563381905131113
0.6,0.3,0.0016229335963572093
0.6,0.32,0.0017220545016013232
0.6,0.34,0.0018787563067446868
0.6,0.36,0.0021169749748628673
0.6,0.38,0.002466221197777605
0.6,0.4,0.0029600452504691135
0.6,0.42,0.003633708582181158
0.6,0.44,0.004522296901913709
0.6,0.46,0.0056614318201868
0.6,0.48,0.007093352386431029
0.6,0.5,0.008880925849983701
0.6,0.52,0.011130631974783544
0.6,0.54,0.014022571853584374
0.6,0.56,0.01784146823005755
0.6,0.58,0.022998530818709347
0.6,0.6,0.030031593939577904
0.6,0.62,0.0395718192746862
0.6,0.64,0.052270580801830606
0.6,0.66,0.06868962423825123
0.6,0.68,0.08916916731574334
0.6,0.7000000000000001,0.11369875657361825
0.6,0.72,0.14182051186151876
0.6,0.74,0.17259117065942167
0.6,0.76,0.20461803554090097
0.6,0.78,0.23616760576795018
0.6,0.8,0.2653295995422918
0.6,0.8200000000000001,0.2902085406923941
0.6,0.84,0.3091130324570546
0.6,0.86,0.3207185173398244
0.6,0.88,0.3241888215546573
0.6,0.9,0.3192502803769361
0.6,0.92,0.3062166717381929
0.6,0.9400000000000001,0.2859638000601284
0.6,0.96,0.2598524293722506
0.6,0.98,0.22960098815951355
0.6,1.0,0.19711667605822938
0.62,0.0,0.001592572923482873
0.62,0.02,0.0016619473456588288
0.62,0.04,0.0017283245435555851
0.62,0.06,0.0017864448196537731
0.62,0.08,0.0018314171686068163
0.62,0.1,0.0018595018253076627
0.62,0.12,0.0018687434839874883
0.62,0.14,0.0018593146919083012
0.62,0.16,0.0018335050242576432
0.62,0.18,0.0017953938202079868
0.62,0.2,0.00175034381718277
0.62,0.22,0.0017045223899035138
0.62,0.24,0.001664677379819665
0.62,0.26,0.001638357751983547
0.62,0.28,0.0016346761497648596
0.62,0.3,0.001665566936338473
0.62,0.32,0.0017473126676026446
0.62,0.34,0.0019019231348302113
0.62,0.36,0.002157811643720487
0.62,0.38,0.002549215041541463
0.62,0.4,0.0031140584605031307
0.62,0.42,0.0038905564776218226
0.62,0.44,0.00491375066678826
0.62,0.46,0.006214212151438464
0.62,0.48,0.007821880861887068
0.62,0.5,0.009777922196508469
0.62,0.52,0.012156051938475368
0.62,0.54,0.015091825812026593
0.62,0.56,0.018814309385016468
0.62,0.58,0.023670432583924452
0.62,0.6,0.030129814792514142
0.62,0.62,0.038758582019678876
0.62,0.64,0.050155673547491425
0.62,0.66,0.06485399134395484
0.62,0.68,0.08319947885957024
0.62,0.7000000000000001,0.10523054372035334
0.62,0.72,0.13058465677060938
0.62,0.74,0.1584561830899103
0.62,0.76,0.18761966341303227
0.62,0.78,0.21651870197580153
0.62,0.8,0.24340688942680413
0.62,0.8200000000000001,0.2665181506475855
0.62,0.84,0.2842417316020537
0.62,0.86,0.29528079732595025
0.62,0.88,0.2987799980364329
0.62,0.9,0.2944127258548912
0.62,0.92,0.2824213165833451
0.62,0.9400000000000001,0.26360413820052786
0.62,0.96,0.23924528069818482
0.62,0.98,0.210988118151877
0.62,1.0,0.18066370446932808
0.64,0.0,0.001953268639387763
0.64,0.02,0.002096892403695456
0.64,0.04,0.0022345045845458995
0.64,0.06,0.002355196687909763
0.64,0.08,0.0024487019235091096
0.64,0.1,0.0025069704736844804
0.64,0.12,0.0025254540209586106
0.64,0.14,0.002503816156319228
0.64,0.16,0.0024459312669573878
0.64,0.18,0.0023592275113290075
0.64,0.2,0.002253611735219787
0.64,0.22,0.0021403329076462216
0.64,0.24,0.0020311649865758156
0.64,0.26,0.0019382164643657932
0.64,0.28,0.0018745193939714079
0.64,0.3,0.0018553417876317577
0.64,0.32,0.0018999323620343992
0.64,0.34,0.0020331807559562363
0.64,0.36,0.0022865155078407224
0.64,0.38,0.002697354857167018
0.64,0.4,0.003306684028362911
0.64,0.42,0.0041549483264547386
0.64,0.44,0.005277416581851651
0.64,0.46,0.006701294793126332
0.64,0.48,0.008447746561103643
0.64,0.5,0.010542039887180952
0.64,0.52,0.013033755320113019
0.64,0.54,0.016026134702680793
0.64,0.56,0.019709577118486712
0.64,0.58,0.02439004474953018
0.64,0.6,0.03050030026966643
0.64,0.62,0.03858209004550521
0.64,0.64,0.049231630384818315
0.64,0.66,0.06300882336966483
0.64,0.68,0.08032078617910361
0.64,0.7000000000000001,0.10129958783859418
0.64,0.72,0.12569934648286263
0.64,0.74,0.15283683323376002
0.64,0.76,0.18159227450792617
0.64,0.78,0.2104752641158097
0.64,0.8,0.23774823270322068
0.64,0.8200000000000001,0.2615903767232118
0.64,0.84,0.28028030427729883
0.64,0.86,0.2923755613776179
0.64,0.88,0.29686958610449987
0.64,0.9,0.29330929291581964
0.64,0.92,0.2818586495779461
0.64,0.9400000000000001,0.2632964548855521
0.64,0.96,0.23894221584776484
0.64,0.98,0.21051383951131172
0.64,1.0,0.1799336764309687
0.66,0.0,0.0026187161947650904
0.66,0.02,0.002899753544159619
0.66,0.04,0.003169770447420134
0.66,0.06,0.003407622562286064
0.66,0.08,0.0035932729912459883
0.66,0.1,0.003710805754343005
0.66,0.12,0.003750900676709949
0.66,0.14,0.0037122239343595665
0.66,0.16,0.003601456131195702
0.66,0.18,0.003432034001522525
0.66,0.2,0.0032220137577224977
0.66,0.22,0.002991675790564494
0.66,0.24,0.0027615283678230317
0.66,0.26,0.0025512347913463963
0.66,0.28,0.002379730436831843
0.66,0.3,0.002266476975036371
0.66,0.32,0.002233479508537093
0.66,0.34,0.002307416709657578
0.66,0.36,0.0025210562676018797
0.66,0.38,0.0029131231633760754
0.66,0.4,0.003526056854055793
0.66,0.42,0.004401725389465285
0.66,0.44,0.005576164399214161
0.66,0.46,0.007075608162813795
0.66,0.48,0.008917088641172655
0.66,0.5,0.01111713364133494
0.66,0.52,0.013711035674614456
0.66,0.54,0.016782498045239028
0.66,0.56,0.02049944450812921
0.66,0.58,0.025147328862003205
0.66,0.6,0.031147882986259503
0.66,0.62,0.0390505268559394
0.66,0.64,0.04948680356572621
0.66,0.66,0.06308530833639785
0.66,0.68,0.0803543789881272
0.66,0.7000000000000001,0.10154981256268131
0.66,0.72,0.12655206187255447
0.66,0.74,0.15477927802154684
0.66,0.76,0.1851582477373589
0.66,0.78,0.21616572382003948
0.66,0.8,0.24594042172948863
0.66,0.8200000000000001,0.2724541044390074
0.66,0.84,0.2937210236671996
0.66,0.86,0.30801943439095913
0.66,0.88,0.3140966583597761
0.66,0.9,0.3113296693234299
0.66,0.92,0.29981646789486305
0.66,0.9400000000000001,0.2803804520060117
0.66,0.96,0.254481359687866
0.66,0.98,0.22404158744170263
0.66,1.0,0.19121301448773656
0.68,0.0,0.0037704016401581314
0.68,0.02,0.004289953756783638
0.68,0.04,0.0047907404713480595
0.68,0.06,0.005234160972760739
0.68,0.08,0.005583412582221221
0.68,0.1,0.005808942339226333
0.68,0.12,0.005892963398068244
0.68,0.14,0.005832043875198509
0.68,0.16,0.005637240898706032
0.68,0.18,0.00533187330634366
0.68,0.2,0.004947609968778992
0.68,0.22,0.004519923563615141
0.68,0.24,0.004084028830510147
0.68,0.26,0.0036722006742084907
0.68,0.28,0.003312944273595414
0.68,0.3,0.0030319930654463755
0.68,0.32,0.0028546518873338337
0.68,0.34,0.0028086539208438755
0.68,0.36,0.0029265061136384747
0.68,0.38,0.003246306447875257
0.68,0.4,0.0038102997710969646
0.68,0.42,0.00466107510204132
0.68,0.44,0.0058363150619091565
0.68,0.46,0.007364255640804412
0.68,0.48,0.009263155159891708
0.68,0.5,0.01154856505173217
0.68,0.52,0.01425145292611081
0.68,0.54,0.01744786154152198
0.68,0.56,0.02129688153609602
0.68,0.58,0.026079008897743294
0.68,0.6,0.0322228043179669
0.68,0.62,0.04030583641319358
0.68,0.64,0.05101762180303238
0.68,0.66,0.06507829841200838
0.68,0.68,0.08311643601570987
0.68,0.7000000000000001,0.10552069718418121
0.68,0.72,0.13229007084985003
0.68,0.74,0.16291307916636039
0.68,0.76,0.19630559514649473
0.68,0.78,0.23082927568298742
0.68,0.8,0.26439953736425015
0.68,0.8200000000000001,0.29467625181620843
0.68,0.84,0.31931510266018015
0.68,0.86,0.33624556646649684
0.68,0.88,0.3439346260084744
0.68,0.9,0.341594675215603
0.68,0.92,0.3293001565870898
0.68,0.9400000000000001,0.307990213502088
0.68,0.96,0.27935291136970136
0.68,0.98,0.24560763883061965
0.68,1.0,0.20922177104786133
0.7000000000000001,0.0,0.005639659629994232
0.7000000000000001,0.02,0.006547438179780521
0.7000000000000001,0.04,0.0074254556278992015
0.7000000000000001,0.06,0.008207190857592674
0.7000000000000001,0.08,0.008828814816099286
0.7000000000000001,0.1,0.009238509722013219
0.7000000000000001,0.12,0.00940427175835795
0.7000000000000001,0.14,0.009318494649194627
0.7000000000000001,0.16,0.008998394331473168
0.7000000000000001,0.18,0.008482366428678438
0.7000000000000001,0.2,0.007823347341120078
0.7000000000000001,0.22,0.007080884656476415
0.7000000000000001,0.24,0.0063137555328563405
0.7000000000000001,0.26,0.00557462170388644
0.7000000000000001,0.28,0.004907539811904283
0.7000000000000001,0.3,0.004348378775450007
0.7000000000000001,0.32,0.003927525046083185
0.7000000000000001,0.34,0.003673793770364243
0.7000000000000001,0.36,0.0036182443070003263
0.7000000000000001,0.38,0.00379662748059043
0.7000000000000001,0.4,0.004249494070131997
0.7000000000000001,0.42,0.0050196240492729185
0.7000000000000001,0.44,0.006147429445263223
0.7000000000000001,0.46,0.007666262565930482
0.7000000000000001,0.48,0.009600846090276208
0.7000000000000001,0.5,0.011972832020622895
0.7000000000000001,0.52,0.014817172087891312
0.7000000000000001,0.54,0.018211022562403104
0.7000000000000001,0.56,0.022313176763732474
0.7000000000000001,0.58,0.027407013760392906
0.7000000000000001,0.6,0.03393487816390973
0.7000000000000001,0.62,0.04250840844918388
0.7000000000000001,0.64,0.05387944512039121
0.7000000000000001,0.66,0.06886105860645457
0.7000000000000001,0.68,0.0881980215664467
0.7000000000000001,0.7000000000000001,0.1123991895644755
0.7000000000000001,0.72,0.1415577100521257
0.7000000000000001,0.74,0.17519488083839158
0.7000000000000001,0.76,0.21216626872025174
0.7000000000000001,0.78,0.2506623731312648
0.7000000000000001,0.8,0.2883210680508003
0.7000000000000001,0.8200000000000001,0.32244812755018604
0.7000000000000001,0.84,0.3503198924598884
0.7000000000000001,0.86,0.3695235734586319
0.7000000000000001,0.88,0.37828000437223464
0.7000000000000001,0.9,0.3756933760024057
0.7000000000000001,0.92,0.3618830635538341
0.7000000000000001,0.9400000000000001,0.3379725067486343
0.7000000000000001,0.96,0.3059357059360811
0.7000000000000001,0.98,0.2683282436217227
0.7000000000000001,1.0,0.22795110728494017
0.72,0.0,0.008483519957066568
0.72,0.02,0.009983506312611287
0.72,0.04,0.011439563813174987
0.72,0.06,0.012743357324630323
0.72,0.08,0.013790211398732544
0.72,0.1,0.014494168990679037
0.72,0.12,0.014800757872328981
0.72,0.14,0.01469470454758844
0.72,0.16,0.01420101298161171
0.72,0.18,0.013379446681106797
0.72,0.2,0.012314013999965618
0.72,0.22,0.011100092707270361
0.72,0.24,0.009832082567062972
0.72,0.26,0.008593966269670758
0.72,0.28,0.007454146632659487
0.72,0.3,0.006464771353153653
0.72,0.32,0.005664769963797556
0.72,0.34,0.0050851848002103255
0.72,0.36,0.004755105489532432
0.72,0.38,0.0047065621795416455
0.72,0.4,0.004977054582371285
0.72,0.42,0.005609011697000362
0.72,0.44,0.006646445885442998
0.72,0.46,0.008130376615663763
0.72,0.48,0.010096060333851919
0.72,0.5,0.012576223288365728
0.72,0.52,0.015614691003724736
0.72,0.54,0.01929335630752927
0.72,0.56,0.02377192599241342
0.72,0.58,0.029334549897002602
0.72,0.6,0.03643132327065364
0.72,0.62,0.04569763802894783
0.72,0.64,0.057932754695569105
0.72,0.66,0.07402280630865919
0.72,0.68,0.09480357461192289
0.72,0.7000000000000001,0.12087369034143673
0.72,0.72,0.15238610031006986
0.72,0.74,0.18885978954433894
0.72,0.76,0.22905969292690806
0.72,0.78,0.2709869139957648
0.72,0.8,0.3120033705044531
0.72,0.8200000000000001,0.34908812323805477
0.72,0.84,0.37919323855835746
0.72,0.86,0.3996425815866084
0.72,0.88,0.40850386232374286
0.72,0.9,0.40486609591395506
0.72,0.92,0.3889711920353559
0.72,0.9400000000000001,0.3621759626382464
0.72,0.96,0.3267532823903197
0.72,0.98,0.2855713048213174
0.72,1.0,0.24171095803398268
0.74,0.0,0.012536239751726267
0.74,0.02,0.014882012544126017
0.74,0.04,0.017167560905723696
0.74,0.06,0.019225990924350893
0.74,0.08,0.02089482139998245
0.74,0.1,0.022039002858694284
0.74,0.12,0.0225707149503398
0.74,0.14,0.022461707047262476
0.74,0.16,0.021745654401540648
0.74,0.18,0.020510409643766523
0.74,0.2,0.018882392502329523
0.74,0.22,0.017006976107510046
0.74,0.24,0.015029190021522651
0.74,0.26,0.013078379862755871
0.74,0.28,0.011259013017222609
0.74,0.3,0.009648138928642627
0.74,0.32,0.008298580872339999
0.74,0.34,0.007246019081078555
0.74,0.36,0.006517747748913877
0.74,0.38,0.006140929577775552
0.74,0.4,0.006148506311358001
0.74,0.42,0.006581527279877057
0.74,0.44,0.00748760776372046
0.74,0.46,0.008916598187586847
0.74,0.48,0.010916238073847773
0.74,0.5,0.01353218494887264
0.74,0.52,0.016817626790543327
0.74,0.54,0.020856827539737405
0.74,0.56,0.025803720994140213
0.74,0.58,0.031930982676703384
0.74,0.6,0.03967779889058235
0.74,0.62,0.04967786691213072
0.74,0.64,0.06274584578607956
0.74,0.66,0.07980333849324353
0.74,0.68,0.10173609737262335
0.74,0.7000000000000001,0.12919170791055756
0.74,0.72,0.16234781499877587
0.74,0.74,0.20069893389012666
0.74,0.76,0.24291830430848116
0.74,0.78,0.28684515703083
0.74,0.8,0.3296262509886893
0.74,0.8200000000000001,0.36800771789535697
0.74,0.84,0.39873740896063103
0.74,0.86,0.41900900545998476
0.74,0.88,0.42686544677296373
0.74,0.9,0.4214847531540279
0.74,0.92,0.40329465295493666
0.74,0.9400000000000001,0.3738974271373594
0.74,0.96,0.3358242719329098
0.74,0.98,0.29217036394225476
0.74,1.0,0.24618090874052653
0.76,0.0,0.01794044919823073
0.76,0.02,0.021415541794857985
0.76,0.04,0.02481418283413572
0.76,0.06,0.02789291618808017
0.76,0.08,0.030412770284875656
0.76,0.1,0.03217257931630683
0.76,0.12,0.03303811246482299
0.76,0.14,0.03296085024330039
0.76,0.16,0.031982569276011064
0.76,0.18,0.030225273714130738
0.76,0.2,0.02786940639042138
0.76,0.22,0.02512567713190377
0.76,0.24,0.02220664748824557
0.76,0.26,0.019303383630283232
0.76,0.28,0.016570528455732505
0.76,0.3,0.014120806745288107
0.76,0.32,0.012027955851287932
0.76,0.34,0.010335761330138802
0.76,0.36,0.009070311160550074
0.76,0.38,0.008252571292024263
0.76,0.4,0.007908711651522881
0.76,0.42,0.0080761998290384
0.76,0.44,0.008804630913161943
0.76,0.46,0.010151736255781297
0.76,0.48,0.012177013469804687
0.76,0.5,0.0149375833591208
0.76,0.52,0.018492406405044643
0.76,0.54,0.022920787262333608
0.76,0.56,0.028358158835831104
0.76,0.58,0.03504611343699325
0.76,0.6,0.04338536453339874
0.76,0.62,0.05397203396517803
0.76,0.64,0.06759274400283725
0.76,0.66,0.08515597699724128
0.76,0.68,0.10754824502978905
0.76,0.7000000000000001,0.13542318013813634
0.76,0.72,0.16895553504536406
0.76,0.74,0.20761310029037158
0.76,0.76,0.25000959549404134
0.76,0.78,0.29389467864752183
0.76,0.8,0.33631224676664684
0.76,0.8200000000000001,0.3739202626173662
0.76,0.84,0.4034246099366267
0.76,0.86,0.4220479570918047
0.76,0.88,0.42794194854038475
0.76,0.9,0.42046116995217925
0.76,0.92,0.4002472447257358
0.76,0.9400000000000001,0.3691125203546063
0.76,0.96,0.3297540144935139
0.76,0.98,0.2853595732017467
0.76,1.0,0.23918319873083072
0.78,0.0,0.02467263657066647
0.78,0.02,0.029554378000849115
0.78,0.04,0.034346654016322024
0.78,0.06,0.03871278530563365
0.78,0.08,0.04231936556917972
0.78,0.1,0.044881993871144624
0.78,0.12,0.04620599302473109
0.78,0.14,0.04621360248347998
0.78,0.16,0.04495209028990255
0.78,0.18,0.042581704273380545
0.78,0.2,0.03934701645444555
0.78,0.22,0.03553863205077464
0.78,0.24,0.03145355245468972
0.78,0.26,0.02736158912146993
0.78,0.28,0.02348273219969261
0.78,0.3,0.019977280947761102
0.78,0.32,0.01694778843490108
0.78,0.34,0.014450020763604455
0.78,0.36,0.012509260038338755
0.78,0.38,0.011138137050711337
0.78,0.4,0.010352454810824856
0.78,0.42,0.010182030850513942
0.78,0.44,0.01067457026724572
0.78,0.46,0.011892225749304257
0.78,0.48,0.013902892469117977
0.78,0.5,0.01677108050768378
0.78,0.52,0.02055550426742854
0.78,0.54,0.025321010803918156
0.78,0.56,0.031169850468187526
0.78,0.58,0.03829098170823952
0.78,0.6,0.04701686477731175
0.78,0.62,0.05786750123646224
0.78,0.64,0.07155516578868665
0.78,0.66,0.08892447017225241
0.78,0.68,0.11081375666687174
0.78,0.7000000000000001,0.13784481298535908
0.78,0.72,0.1701739106466245
0.78,0.74,0.20726014156512834
0.78,0.76,0.24771787283678187
0.78,0.78,0.2893122175622498
0.78,0.8,0.32912874173082085
0.78,0.8200000000000001,0.3639072313846536
0.78,0.84,0.39048590492857704
0.78,0.86,0.40627040151980875
0.78,0.88,0.40963151540136
0.78,0.9,0.4001503654575973
0.78,0.92,0.3786648604720355
0.78,0.9400000000000001,0.3471162689713622
0.78,0.96,0.30823672259215246
0.78,0.98,0.265147093170794
0.78,1.0,0.22094448824619958
0.8,0.0,0.032486128870013814
0.8,0.02,0.03899658165101087
0.8,0.04,0.0454111776010287
0.8,0.06,0.05128794328148937
0.8,0.08,0.05618506702093246
0.8,0.1,0.05972049326047186
0.8,0.12,0.06162607509153324
0.8,0.14,0.061785097422418965
0.8,0.16,0.06024549573455409
0.8,0.18,0.05720670370705444
0.8,0.2,0.05298408034935488
0.8,0.22,0.04795951123823496
0.8,0.24,0.042528827591128845
0.8,0.26,0.03705588197760673
0.8,0.28,0.03184014655732276
0.8,0.3,0.027100795307742072
0.8,0.32,0.022976623634185542
0.8,0.34,0.01953861520994808
0.8,0.36,0.016810642815540712
0.8,0.38,0.014793398765936367
0.8,0.4,0.013486805388941932
0.8,0.42,0.01290668594948676
0.8,0.44,0.013092529387964342
0.8,0.46,0.014105070402545307
0.8,0.48,0.01601527511741103
0.8,0.5,0.01888981299104763
0.8,0.52,0.022781186209861755
0.8,0.54,0.02773185103689835
0.8,0.56,0.033799376065476346
0.8,0.58,0.0411031753794421
0.8,0.6,0.04988338094628037
0.8,0.62,0.06055162680761518
0.8,0.64,0.07370610537112514
0.8,0.66,0.09008373298023921
0.8,0.68,0.11043355620209612
0.8,0.7000000000000001,0.13531710829466623
0.8,0.72,0.16486834879066078
0.8,0.74,0.1985695148626918
0.8,0.76,0.23511010837820065
0.8,0.78,0.27238751835034003
0.8,0.8,0.30767873626300657
0.8,0.8200000000000001,0.33797001174645247
0.8,0.84,0.3603876502032769
0.8,0.86,0.37264248711792325
0.8,0.88,0.3733931379167906
0.8,0.9,0.36245148453379167
0.8,0.92,0.34079203903524796
0.8,0.9400000000000001,0.3103727952413841
0.8,0.96,0.27381549863502663
0.8,0.98,0.2340177268572743
0.8,1.0,0.19377363380292015
0.8200000000000001,0.0,0.04089529636017419
0.8200000000000001,0.02,0.049148509548613106
0.8200000000000001,0.04,0.05730874361512233
0.8200000000000001,0.06,0.06482445190644522
0.8200000000000001,0.08,0.07113879342785319
0.8200000000000001,0.1,0.07576348029527512
0.8200000000000001,0.12,0.07834740193214901
0.8200000000000001,0.14,0.0787260103166129
0.8200000000000001,0.16,0.07694133031409871
0.8200000000000001,0.18,0.07322910834314862
0.8200000000000001,0.2,0.0679770593928864
0.8200000000000001,0.22,0.06166421294031009
0.8200000000000001,0.24,0.05479437313772849
0.8200000000000001,0.26,0.047836211236148035
0.8200000000000001,0.28,0.0411791952139946
0.8200000000000001,0.3,0.03510987812182281
0.8200000000000001,0.32,0.0298085303671458
0.8200000000000001,0.34,0.025362723456434803
0.8200000000000001,0.36,0.021792532065792455
0.8200000000000001,0.38,0.01908123637625171
0.8200000000000001,0.4,0.017205346179150767
0.8200000000000001,0.42,0.016158232763460085
0.8200000000000001,0.44,0.01596281104022461
0.8200000000000001,0.46,0.016670920104430744
0.8200000000000001,0.48,0.018350469691923933
0.8200000000000001,0.5,0.021065640260616934
0.8200000000000001,0.52,0.02485928843476195
0.8200000000000001,0.54,0.029748506221804895
0.8200000000000001,0.56,0.03574231799547295
0.8200000000000001,0.58,0.042883919509952906
0.8200000000000001,0.6,0.051309444582775796
0.8200000000000001,0.62,0.06130376836940851
0.8200000000000001,0.64,0.0733257027742548
0.8200000000000001,0.66,0.08797477406232052
0.8200000000000001,0.68,0.10588258052680477
0.8200000000000001,0.7000000000000001,0.12753291733716215
0.8200000000000001,0.72,0.15304136821107497
0.8200000000000001,0.74,0.18194825045473206
0.8200000000000001,0.76,0.2130891610885156
0.8200000000000001,0.78,0.2445983457587752
0.8200000000000001,0.8,0.274071372240181
0.8200000000000001,0.8200000000000001,0.2988722078353722
0.8200000000000001,0.84,0.3165283812466958
0.8200000000000001,0.86,0.32513016107876686
0.8200000000000001,0.88,0.32364516581370867
0.8200000000000001,0.9,0.3120801926232583
0.8200000000000001,0.92,0.2914605039643769
0.8200000000000001,0.9400000000000001,0.263640895446646
0.8200000000000001,0.96,0.2309993656282217
0.8200000000000001,0.98,0.196083799296963
0.8200000000000001,1.0,0.16128193372483468
0.84,0.0,0.049214928526587085
0.84,0.02,0.05917337156738776
0.84,0.04,0.06905187303254652
0.84,0.06,0.07819514550664061
0.84,0.08,0.08593472893180212
0.84,0.1,0.09167615096873832
0.84,0.12,0.09498191769213273
0.84,0.14,0.09563356951909008
0.84,0.16,0.09365999337311534
0.84,0.18,0.08932664675294322
0.84,0.2,0.08308914713565832
0.84,0.22,0.07552220876040201
0.84,0.24,0.06723910933211383
0.84,0.26,0.05881694415654918
0.84,0.28,0.05073949277860665
0.84,0.3,0.04336417542303566
0.84,0.32,0.03691410267437072
0.84,0.34,0.031491899212548975
0.84,0.36,0.02710926041957929
0.84,0.38,0.023724860381608964
0.84,0.4,0.021282840385933623
0.84,0.42,0.01974446463709725
0.84,0.44,0.01910681678565987
0.84,0.46,0.019404998100237512
0.84,0.48,0.02069831070210812
0.84,0.5,0.02304585861858525
0.84,0.52,0.026481572761490692
0.84,0.54,0.031001009924393634
0.84,0.56,0.03657061413026918
0.84,0.58,0.04316360941499165
0.84,0.6,0.05081615719116404
0.84,0.62,0.05968570410430706
0.84,0.64,0.07008494840045024
0.84,0.66,0.08246413627351276
0.84,0.68,0.09732430851651516
0.84,0.7000000000000001,0.11506397948295048
0.84,0.72,0.135786596439698
0.84,0.74,0.15911772469096175
0.84,0.76,0.18409032450306284
0.84,0.78,0.2091477839486116
0.84,0.8,0.2322875815049985
0.84,0.8200000000000001,0.25133051136022255
0.84,0.84,0.2642632191164536
0.84,0.86,0.2695779646947164
0.84,0.88,0.2665314450202493
0.84,0.9,0.25526500172704697
0.84,0.92,0.2367646042035911
0.84,0.9400000000000001,0.21267870998927027
0.84,0.96,0.1850433219537796
0.84,0.98,0.15597828279743864
0.84,1.0,0.12741542286779928
0.86,0.0,0.056651634293861296
0.86,0.02,0.06810435752995092
0.86,0.04,0.07949897509392621
0.86,0.06,0.0900931409054563
0.86,0.08,0.09912145961828894
0.86,0.1,0.10589362848612627
0.86,0.12,0.10989035363150784
0.86,0.14,0.1108378631563102
0.86,0.16,0.10874551835045078
0.86,0.18,0.10389896487279499
0.86,0.2,0.0968112040441854
0.86,0.22,0.08814296140872742
0.86,0.24,0.07860927582466935
0.86,0.26,0.06889014678091078
0.86,0.28,0.059559800497788834
0.86,0.3,0.051043318682178235
0.86,0.32,0.04360303209197344
0.86,0.34,0.03735176048973086
0.86,0.36,0.03228634368697353
0.86,0.38,0.02833285939080072
0.86,0.4,0.02539408752223008
0.86,0.42,0.023389980898572797
0.86,0.44,0.022283333400320886
0.86,0.46,0.02208584954220572
0.86,0.48,0.02284446917645211
0.86,0.5,0.02461344280241271
0.86,0.52,0.027422835309290527
0.86,0.54,0.03125691192063495
0.86,0.56,0.03605445974101481
0.86,0.58,0.04173676127613888
0.86,0.6,0.04825859942931458
0.86,0.62,0.055666176086349876
0.86,0.64,0.06413737348640891
0.86,0.66,0.07397863732577405
0.86,0.68,0.08556145198418057
0.86,0.7000000000000001,0.09919915814229234
0.86,0.72,0.11498710788326205
0.86,0.74,0.13264834860719388
0.86,0.76,0.1514352676695752
0.86,0.78,0.17012982653626052
0.86,0.8,0.18716148681231884
0.86,0.8200000000000001,0.20082906664816086
0.86,0.84,0.20958114233680483
0.86,0.86,0.2122901328512773
0.86,0.88,0.2084548247888217
0.86,0.9,0.19828500132833343
0.86,0.92,0.18265343294502878
0.86,0.9400000000000001,0.16293413547392538
0.86,0.96,0.14077106012689353
0.86,0.98,0.11783177585182708
0.86,1.0,0.09559549880935317
0.88,0.0,0.06242730886920999
0.88,0.02,0.074997672648386
0.88,0.04,0.08753724907496056
0.88,0.06,0.09924301008538244
0.88,0.08,0.10927793328844125
0.88,0.1,0.11687658247440234
0.88,0.12,0.12145117576489546
0.88,0.14,0.12267713662064739
0.88,0.16,0.12054016870599406
0.88,0.18,0.11533490289549206
0.88,0.2,0.10761591261904681
0.88,0.22,0.09811220446939942
0.88,0.24,0.08762323398317629
0.88,0.26,0.07691646484526736
0.88,0.28,0.066643653936157
0.88,0.3,0.057287015635120155
0.88,0.32,0.049139363674074406
0.88,0.34,0.04231603946763512
0.88,0.36,0.03679181371951681
0.88,0.38,0.03245307599137086
0.88,0.4,0.02915424330170985
0.88,0.42,0.026767309163073023
0.88,0.44,0.02521502609647777
0.88,0.46,0.024481666323646713
0.88,0.48,0.02460056853114726
0.88,0.5,0.02562394032446328
0.88,0.52,0.02758605107489627
0.88,0.54,0.03047402724460677
0.88,0.56,0.03421926842249232
0.88,0.58,0.038716441489999906
0.88,0.6,0.04386713627347214
0.88,0.62,0.04963434928525785
0.88,0.64,0.05608589199075043
0.88,0.66,0.0634033746018847
0.88,0.68,0.07184071753784083
0.88,0.7000000000000001,0.08163137056707713
0.88,0.72,0.09286243873630921
0.88,0.74,0.10535023280710377
0.88,0.76,0.11855872450365108
0.88,0.78,0.13159587676663773
0.88,0.8,0.14330333998820652
0.88,0.8200000000000001,0.15242808563150928
0.88,0.84,0.1578390448678459
0.88,0.86,0.15873663836195342
0.88,0.88,0.1548036630129311
0.88,0.9,0.14626211842715334
0.88,0.92,0.1338264655144854
0.88,0.9400000000000001,0.11857065466111615
0.88,0.96,0.10174561116989986
0.88,0.98,0.08459077878342056
0.88,1.0,0.06817766515992055
0.9,0.0,0.06590582485031812
0.9,0.02,0.0790891210903647
0.9,0.04,0.09227017640415325
0.9,0.06,0.10461848225103279
0.9,0.08,0.11525881201509754
0.9,0.1,0.12337987246873301
0.9,0.12,0.12834662945151235
0.9,0.14,0.12979426217687604
0.9,0.16,0.12768382335741807
0.9,0.18,0.12230733602909939
0.9,0.2,0.1142411936965702
0.9,0.22,0.10425805713202135
0.9,0.24,0.09321568438887166
0.9,0.26,0.0819442607914493
0.9,0.28,0.07115164931657246
0.9,0.3,0.061360028625229206
0.9,0.32,0.05287985231804774
0.9,0.34,0.045819933888709995
0.9,0.36,0.04012687754963454
0.9,0.38,0.03564333576593516
0.9,0.4,0.032172581753570385
0.9,0.42,0.029536620557738973
0.9,0.44,0.0276167488862664
0.9,0.46,0.026369335940281794
0.9,0.48,0.025815412407508474
0.9,0.5,0.026009426215673818
0.9,0.52,0.026998527502887285
0.9,0.54,0.028786992401865875
0.9,0.56,0.03131934921174026
0.9,0.58,0.03449004759085513
0.9,0.6,0.03817828803525935
0.9,0.62,0.04229655819354776
0.9,0.64,0.046833987364653114
0.9,0.66,0.05187403368010803
0.9,0.68,0.05757191170194007
0.9,0.7000000000000001,0.06408968609574625
0.9,0.72,0.07150254328193831
0.9,0.74,0.07970305605792863
0.9,0.76,0.08833595446950275
0.9,0.78,0.0967908598421674
0.9,0.8,0.10426521377381498
0.9,0.8200000000000001,0.10988875648499796
0.9,0.84,0.11288138103123867
0.9,0.86,0.11270488270518826
0.9,0.88,0.1091700629601245
0.9,0.9,0.10247340586114982
0.9,0.92,0.09315747193295859
0.9,0.9400000000000001,0.08200933937437371
0.9,0.96,0.0699254674405959
0.9,0.98,0.0577756982299952
0.9,1.0,0.0462939478198003
0.92,0.0,0.06669590961015484
0.92,0.02,0.07991965682895893
0.92,0.04,0.09316703327339017
0.92,0.06,0.10561607735090607
0.92,0.08,0.11639099478276133
0.92,0.1,0.12466920411842955
0.92,0.12,0.12979529868503678
0.92,0.14,0.13137974803401217
0.92,0.16,0.12936119416364983
0.92,0.18,0.12401812621386185
0.92,0.2,0.11592677110382607
0.92,0.22,0.10587395345232803
0.92,0.24,0.09474296067185788
0.92,0.26,0.0833947051627828
0.92,0.28,0.07256518550872143
0.92,0.3,0.06279465639895468
0.92,0.32,0.0543962038415512
0.92,0.34,0.04746368642802294
0.92,0.36,0.041912592315415956
0.92,0.38,0.037542805512249096
0.92,0.4,0.034109671933859526
0.92,0.42,0.03138920852018312
0.92,0.44,0.029225052313212638
0.92,0.46,0.02754894042639335
0.92,0.48,0.02637275975359615
0.92,0.5,0.02575733392270477
0.92,0.52,0.025769299358478447
0.92,0.54,0.026440716096434523
0.92,0.56,0.02774510964575419
0.92,0.58,0.029598291891582813
0.92,0.6,0.03188384846452699
0.92,0.62,0.03449410781172019
0.92,0.64,0.0373707601110042
0.92,0.66,0.04052767599027608
0.92,0.68,0.04404307098010376
0.92,0.7000000000000001,0.04801808484542542
0.92,0.72,0.052511137633865765
0.92,0.74,0.057467860477010066
0.92,0.76,0.06267092811960182
0.92,0.78,0.06773046432396654
0.92,0.8,0.07212443939926912
0.92,0.8200000000000001,0.07528312534514242
0.92,0.84,0.07669745764807372
0.92,0.86,0.07602308931380776
0.92,0.88,0.07315283480580949
0.92,0.9,0.06823961288939888
0.92,0.92,0.06166639141755026
0.92,0.9400000000000001,0.05397395274376837
0.92,0.96,0.0457669634026728
0.92,0.98,0.03762141762832388
0.92,1.0,0.030012351963522733
0.9400000000000001,0.0,0.0647122340688113
0.9400000000000001,0.02,0.0774069105583342
0.9400000000000001,0.04,0.09014583746710857
0.9400000000000001,0.06,0.10215011283923477
0.9400000000000001,0.08,0.11258068472435212
0.9400000000000001,0.1,0.12063935308687225
0.9400000000000001,0.12,0.12567953615886968
0.9400000000000001,0.14,0.12730542660976665
0.9400000000000001,0.16,0.12543808927618927
0.9400000000000001,0.18,0.12033297992906591
0.9400000000000001,0.2,0.1125438696607177
0.9400000000000001,0.22,0.1028401476491559
0.9400000000000001,0.24,0.09209438795711905
0.9400000000000001,0.26,0.08116225889156381
0.9400000000000001,0.28,0.07077647748914806
0.9400000000000001,0.3,0.0614715281615974
0.9400000000000001,0.32,0.053548306470653284
0.9400000000000001,0.34,0.047079828218265014
0.9400000000000001,0.36,0.041952153120430505
0.9400000000000001,0.38,0.03792945377547785
0.9400000000000001,0.4,0.03472901727697635
0.9400000000000001,0.42,0.03209113621177974
0.9400000000000001,0.44,0.02983059970769617
0.9400000000000001,0.46,0.027860891541951135
0.9400000000000001,0.48,0.026188703996339883
0.9400000000000001,0.5,0.02488366456154324
0.9400000000000001,0.52,0.02403436482614326
0.9400000000000001,0.54,0.023705010774032198
0.9400000000000001,0.56,0.023906126490958243
0.9400000000000001,0.58,0.024587796004652898
0.9400000000000001,0.6,0.02565628539742445
0.9400000000000001,0.62,0.027006871642253082
0.9400000000000001,0.64,0.028559908285487223
0.9400000000000001,0.66,0.030285620744258883
0.9400000000000001,0.68,0.03220661334696285
0.9400000000000001,0.7000000000000001,0.03437470338440327
0.9400000000000001,0.72,0.03682807872042865
0.9400000000000001,0.74,0.03954269111132042
0.9400000000000001,0.76,0.042395303519069984
0.9400000000000001,0.78,0.04515315312074369
0.9400000000000001,0.8,0.04749731255760711
0.9400000000000001,0.8200000000000001,0.04907610226020046
0.9400000000000001,0.84,0.049575047030305595
0.9400000000000001,0.86,0.04878435088794299
0.9400000000000001,0.88,0.04664556078655234
0.9400000000000001,0.9,0.04326557330316726
0.9400000000000001,0.92,0.03889591585768265
0.9400000000000001,0.9400000000000001,0.033884818035362765
0.9400000000000001,0.96,0.028615898858031123
0.9400000000000001,0.98,0.023448766396710036
0.9400000000000001,1.0,0.018673775513544585
0.96,0.0,0.060186913576491134
0.96,0.02,0.07185355594046385
0.96,0.04,0.08357887481571356
0.96,0.06,0.09465611528156219
0.96,0.08,0.10431559724009343
0.96,0.1,0.11181596602660986
0.96,0.12,0.11654727932094351
0.96,0.14,0.11812621000130917
0.96,0.16,0.11646259783538997
0.96,0.18,0.11178135827000521
0.96,0.2,0.1045933020734384
0.96,0.22,0.09561993453563827
0.96,0.24,0.0856873393579108
0.96,0.26,0.0756100642431428
0.96,0.28,0.06608640585489009
0.96,0.3,0.05762229765779106
0.96,0.32,0.050493931869882575
0.96,0.34,0.04475131542777732
0.96,0.36,0.040257723268898475
0.96,0.38,0.036754378068221134
0.96,0.4,0.033936143447306576
0.96,0.42,0.031522935042807954
0.96,0.44,0.02931323120296929
0.96,0.46,0.02721049229865697
0.96,0.48,0.025219821541233683
0.96,0.5,0.02341941111286247
0.96,0.52,0.021917332139602196
0.96,0.54,0.020807295260926718
0.96,0.56,0.02013616938707117
0.96,0.58,0.019891529741856012
0.96,0.6,0.020010705890285033
0.96,0.62,0.020405837320290103
0.96,0.64,0.020994494615561063
0.96,0.66,0.02172403645748632
0.96,0.68,0.02258047477014315
0.96,0.7000000000000001,0.023578359710811455
0.96,0.72,0.024735170059894503
0.96,0.74,0.026039533535172472
0.96,0.76,0.027425255155793287
0.96,0.78,0.028761604314803343
0.96,0.8,0.02986506869688239
0.96,0.8200000000000001,0.030530637298106598
0.96,0.84,0.030574142355899777
0.96,0.86,0.029873552428013664
0.96,0.88,0.028397548311622205
0.96,0.9,0.026213890465254717
0.96,0.92,0.023476338597022087
0.96,0.9400000000000001,0.020394945831208985
0.96,0.96,0.017198462147238285
0.96,0.98,0.014098387883329603
0.96,1.0,0.01126217491812139
0.98,0.0,0.05363121077321753
0.98,0.02,0.06389424355547542
0.98,0.04,0.07422449142052297
0.98,0.06,0.08400813493799245
0.98,0.08,0.09256937285939693
0.98,0.1,0.09924930499459182
0.98,0.12,0.1034977137712844
0.98,0.14,0.1049603520351757
0.98,0.16,0.10354257000817546
0.98,0.18,0.09943371385292599
0.98,0.2,0.09308500533845329
0.98,0.22,0.08514415292805937
0.98,0.24,0.07635957495250913
0.98,0.26,0.06747315221717497
0.98,0.28,0.05912160803712511
0.98,0.3,0.05176330290354315
0.98,0.32,0.045640927561436756
0.98,0.34,0.04078311207402496
0.98,0.36,0.03704086189289557
0.98,0.38,0.03414898982390675
0.98,0.4,0.03179896899230921
0.98,0.42,0.029708360840267983
0.98,0.44,0.027673498565400256
0.98,0.46,0.025596372078801853
0.98,0.48,0.023482945725549566
0.98,0.5,0.02141701440625066
0.98,0.52,0.019519351428333147
0.98,0.54,0.017904722812409554
0.98,0.56,0.016648556067424956
0.98,0.58,0.015771004729524665
0.98,0.6,0.015240205313500661
0.98,0.62,0.014990578407370121
0.98,0.64,0.014947880128931525
0.98,0.66,0.015051509631073356
0.98,0.68,0.015266500656752599
0.98,0.7000000000000001,0.015581874429308423
0.98,0.72,0.015997117109102343
0.98,0.74,0.016502761730709928
0.98,0.76,0.01706302581056275
0.98,0.78,0.017607585420968994
0.98,0.8,0.01803623936304734
0.98,0.8200000000000001,0.018235663132072148
0.98,0.84,0.018103301276628368
0.98,0.86,0.017571128094652468
0.98,0.88,0.016622228422501377
0.98,0.9,0.01529566774998609
0.98,0.92,0.0136788875079219
0.98,0.9400000000000001,0.011890486840750872
0.98,0.96,0.010058557987312576
0.98,0.98,0.008300173905201175
0.98,1.0,0.00670636494826869
1.0,0.0,0.0457531169539631
1.0,0.02,0.05439076165100571
1.0,0.04,0.06309915123746855
1.0,0.06,0.07136842560638536
1.0,0.08,0.07863102618688864
1.0,0.1,0.08432687071956149
1.0,0.12,0.08798143408382662
1.0,0.14,0.08928209599800382
1.0,0.16,0.08813591628473619
1.0,0.18,0.08469451050099301
1.0,0.2,0.07933853209504164
1.0,0.22,0.07262344669893255
1.0,0.24,0.06519703812456831
1.0,0.26,0.057704944124962534
1.0,0.28,0.050702178313093274
1.0,0.3,0.04458616832649269
1.0,0.32,0.039561502992860195
1.0,0.34,0.03563990158157901
1.0,0.36,0.03267230186774117
1.0,0.38,0.03040443545074069
1.0,0.4,0.028543537420544364
1.0,0.42,0.026822466338644012
1.0,0.44,0.02504882690908484
1.0,0.46,0.023130606984264567
1.0,0.48,0.021075631532750497
1.0,0.5,0.018968423850223078
1.0,0.52,0.016933168796045714
1.0,0.54,0.015093977281832415
1.0,0.56,0.01354293314608185
1.0,0.58,0.012322870167310993
1.0,0.6,0.011426747810102854
1.0,0.62,0.010810522154789165
1.0,0.64,0.010413007033714282
1.0,0.66,0.010175220525356863
1.0,0.68,0.010053127127496822
1.0,0.7000000000000001,0.010020800918395705
1.0,0.72,0.010064696276985783
1.0,0.74,0.010172712279899092
1.0,0.76,0.010323179029430496
1.0,0.78,0.010478449039163115
1.0,0.8,0.010585752059099618
1.0,0.8200000000000001,0.010585179060049884
1.0,0.84,0.010422117079579364
1.0,0.86,0.010060018947084488
1.0,0.88,0.009489464270825929
1.0,0.9,0.008730886302258234
1.0,0.92,0.00783047902146686
1.0,0.9400000000000001,0.006850851540667116
1.0,0.96,0.005859290786266153
1.0,0.98,0.0049167225485978105
1.0,1.0,0.0040697400210465435
