,X,Y,f_L
0,0.0,0.0,0.6767195849021153
1,0.0,0.02,0.696078656916668
2,0.0,0.04,0.7131369791616698
3,0.0,0.06,0.7277548353386308
4,0.0,0.08,0.7398183617303469
5,0.0,0.1,0.7492411220023091
6,0.0,0.12,0.7559651393302438
7,0.0,0.14,0.7599613678821003
8,0.0,0.16,0.7612296020164885
9,0.0,0.18,0.7597978377277954
10,0.0,0.2,0.7557211162558987
11,0.0,0.22,0.7490798938104997
12,0.0,0.24,0.7399779935283217
13,0.0,0.26,0.7285402056673084
14,0.0,0.28,0.7149096093350144
15,0.0,0.3,0.6992446935584874
16,0.0,0.32,0.6817163571661832
17,0.0,0.34,0.6625048658304046
18,0.0,0.36,0.6417968408912907
19,0.0,0.38,0.6197823485354684
20,0.0,0.4,0.596652149906258
21,0.0,0.42,0.5725951632149864
22,0.0,0.44,0.5477961783826193
23,0.0,0.46,0.5224338536611082
24,0.0,0.48,0.49667901254874447
25,0.0,0.5,0.4706932485752919
26,0.0,0.52,0.44462783559026425
27,0.0,0.54,0.4186229323728078
28,0.0,0.56,0.39280706294613765
29,0.0,0.58,0.36729684808960966
30,0.0,0.6,0.34219695927666294
31,0.0,0.62,0.3176002636231321
32,0.0,0.64,0.2935881273283883
33,0.0,0.66,0.27023084538767683
34,0.0,0.68,0.24758816685356813
35,0.0,0.7000000000000001,0.22570988739788728
36,0.0,0.72,0.20463648412349397
37,0.0,0.74,0.1843997712440117
38,0.0,0.76,0.16502355914476055
39,0.0,0.78,0.14652430323681112
40,0.0,0.8,0.12891173272616344
41,0.0,0.8200000000000001,0.11218945278685875
42,0.0,0.84,0.09635551653677166
43,0.0,0.86,0.08140296559628565
44,0.0,0.88,0.0673203398317741
45,0.0,0.9,0.054092158153029604
46,0.0,0.92,0.04169937298286694
47,0.0,0.9400000000000001,0.030119801308859582
48,0.0,0.96,0.019328535139690007
49,0.0,0.98,0.009298333810068246
50,0.0,1.0,0.0
51,0.02,0.0,0.696078656916668
52,0.02,0.02,0.716353658106638
53,0.02,0.04,0.7343184975828262
54,0.02,0.06,0.7498292330468487
55,0.02,0.08,0.7627677119452101
56,0.02,0.1,0.7730431628854205
57,0.02,0.12,0.7805932446681366
58,0.02,0.14,0.7853845355561491
59,0.02,0.16,0.7874124617870115
60,0.02,0.18,0.7867006805110497
61,0.02,0.2,0.783299947681511
62,0.02,0.22,0.7772865153626304
63,0.02,0.24,0.7687601149480369
64,0.02,0.26,0.7578415924827135
65,0.02,0.28,0.7446702693540147
66,0.02,0.3,0.7294011058812755
67,0.02,0.32,0.7122017467378474
68,0.02,0.34,0.6932495257593336
69,0.02,0.36,0.6727285037216836
70,0.02,0.38,0.6508266064118908
71,0.02,0.4,0.6277329221476852
72,0.02,0.42,0.6036352082794435
73,0.02,0.44,0.5787176456146154
74,0.02,0.46,0.5531588686416092
75,0.02,0.48,0.5271302883828857
76,0.02,0.5,0.5007947141264711
77,0.02,0.52,0.4743052705658017
78,0.02,0.54,0.44780459834265623
79,0.02,0.56,0.42142431887741216
80,0.02,0.58,0.39528473883730214
81,0.02,0.6,0.3694947657006209
82,0.02,0.62,0.3441520036026061
83,0.02,0.64,0.31934299790119713
84,0.02,0.66,0.29514359751883507
85,0.02,0.68,0.27161940589173816
86,0.02,0.7000000000000001,0.24882629404951925
87,0.02,0.72,0.2268109526976583
88,0.02,0.74,0.20561146392414334
89,0.02,0.76,0.1852578770533993
90,0.02,0.78,0.1657727770041585
91,0.02,0.8,0.14717183708594211
92,0.02,0.8200000000000001,0.12946435134434894
93,0.02,0.84,0.11265374423487569
94,0.02,0.86,0.09673805750873482
95,0.02,0.88,0.08171041571373526
96,0.02,0.9,0.06755947266728936
97,0.02,0.92,0.054269841696341456
98,0.02,0.9400000000000001,0.04182251243338648
99,0.02,0.96,0.03019525659752854
100,0.02,0.98,0.019363024571729344
101,0.02,1.0,0.009298333810068246
102,0.04,0.0,0.7131369791616698
103,0.04,0.02,0.7343184975828262
104,0.04,0.04,0.7531929749371642
105,0.04,0.06,0.76961260060806
106,0.04,0.08,0.7834551335989844
107,0.04,0.1,0.794625503134328
108,0.04,0.12,0.8030568703378673
109,0.04,0.14,0.8087111343704437
110,0.04,0.16,0.8115788827575153
111,0.04,0.18,0.8116788017258285
112,0.04,0.2,0.8090565775769534
113,0.04,0.22,0.8037833338799485
114,0.04,0.24,0.7959536610647735
115,0.04,0.26,0.7856833044366438
116,0.04,0.28,0.773106583417261
117,0.04,0.3,0.7583736187845576
118,0.04,0.32,0.7416474457909519
119,0.04,0.34,0.7231010893814298
120,0.04,0.36,0.702914673516282
121,0.04,0.38,0.6812726301424249
122,0.04,0.4,0.6583610650497133
123,0.04,0.42,0.634365328153271
124,0.04,0.44,0.6094678251536683
125,0.04,0.46,0.5838460965466773
126,0.04,0.48,0.5576711790696113
127,0.04,0.5,0.5311062543282847
128,0.04,0.52,0.5043055799340407
129,0.04,0.54,0.477413690305705
130,0.04,0.56,0.45056484758300636
131,0.04,0.58,0.4238827179919665
132,0.04,0.6,0.39748024554517386
133,0.04,0.62,0.37145969311227856
134,0.04,0.64,0.34591282054505795
135,0.04,0.66,0.3209211705115147
136,0.04,0.68,0.29655643476244586
137,0.04,0.7000000000000001,0.2728808764693514
138,0.04,0.72,0.24994778776862134
139,0.04,0.74,0.227801965460353
140,0.04,0.76,0.20648019169430074
141,0.04,0.78,0.18601171021230134
142,0.04,0.8,0.16641869212540908
143,0.04,0.8200000000000001,0.14771668814749844
144,0.04,0.84,0.12991506659362548
145,0.04,0.86,0.1130174382347548
146,0.04,0.88,0.09702207027666987
147,0.04,0.9,0.08192229233317623
148,0.04,0.92,0.06770689735553663
149,0.04,0.9400000000000001,0.05436054014725778
150,0.04,0.96,0.04186413543589695
151,0.04,0.98,0.030195256597528496
152,0.04,1.0,0.019328535139690028
153,0.06,0.0,0.7277548353386308
154,0.06,0.02,0.7498292330468487
155,0.06,0.04,0.76961260060806
156,0.06,0.06,0.7869536484577482
157,0.06,0.08,0.8017262762999863
158,0.06,0.1,0.8138311751977393
159,0.06,0.12,0.823196897433927
160,0.06,0.14,0.8297803784538271
161,0.06,0.16,0.8335669114204166
162,0.06,0.18,0.8345695908214601
163,0.06,0.2,0.8328282565436407
164,0.06,0.22,0.8284079833063779
165,0.06,0.24,0.82139717183339
166,0.06,0.26,0.8119053072389077
167,0.06,0.28,0.8000604565388266
168,0.06,0.3,0.7860065808126876
169,0.06,0.32,0.7699007383186622
170,0.06,0.34,0.7519102529070405
171,0.06,0.36,0.7322099176126396
172,0.06,0.38,0.7109792966603754
173,0.06,0.4,0.6884001807003286
174,0.06,0.42,0.6646542403664003
175,0.06,0.44,0.6399209127251791
176,0.06,0.46,0.614375544352998
177,0.06,0.48,0.5881878041326417
178,0.06,0.5,0.5615203688360769
179,0.06,0.52,0.5345278755316812
180,0.06,0.54,0.5073561271211161
181,0.06,0.56,0.4801415310815785
182,0.06,0.58,0.45301074688089177
183,0.06,0.6,0.4260805145721396
184,0.06,0.62,0.3994576357031296
185,0.06,0.64,0.3732390777616603
186,0.06,0.66,0.34751217472796414
187,0.06,0.68,0.32235489868431483
188,0.06,0.7000000000000001,0.29783618057531913
189,0.06,0.72,0.2740162618478921
190,0.06,0.74,0.25094706256097316
191,0.06,0.76,0.2286725553960482
192,0.06,0.78,0.2072291386073466
193,0.06,0.8,0.18664600415294305
194,0.06,0.8200000000000001,0.16694549991889554
195,0.06,0.84,0.14814348701007116
196,0.06,0.86,0.13024969450247564
197,0.06,0.88,0.11326807484483185
198,0.06,0.9,0.09719716331096954
199,0.06,0.92,0.08203044461790954
200,0.06,0.9400000000000001,0.0677567291368473
201,0.06,0.96,0.05436054014725782
202,0.06,0.98,0.04182251243338652
203,0.06,1.0,0.030119801308859582
204,0.08,0.0,0.7398183617303469
205,0.08,0.02,0.7627677119452101
206,0.08,0.04,0.7834551335989844
207,0.08,0.06,0.8017262762999863
208,0.08,0.08,0.8174514375555662
209,0.08,0.1,0.8305271584815759
210,0.08,0.12,0.8408772972231899
211,0.08,0.14,0.8484535654924628
212,0.08,0.16,0.8532355296288279
213,0.08,0.18,0.8552300932189665
214,0.08,0.2,0.8544704929610883
215,0.08,0.22,0.8510148525661768
216,0.08,0.24,0.8449443505739487
217,0.08,0.26,0.8363610666435448
218,0.08,0.28,0.8253855768952353
219,0.08,0.3,0.8121543720944268
220,0.08,0.32,0.7968171728788687
221,0.08,0.34,0.7795342139575443
222,0.08,0.36,0.7604735644955544
223,0.08,0.38,0.7398085450842089
224,0.08,0.4,0.7177152931995319
225,0.08,0.42,0.6943705193499282
226,0.08,0.44,0.6699494857069503
227,0.08,0.46,0.6446242284046806
228,0.08,0.48,0.6185620343607592
229,0.08,0.5,0.5919241738448304
230,0.08,0.52,0.564864881460084
231,0.08,0.54,0.5375305709908563
232,0.08,0.56,0.5100592638936805
233,0.08,0.58,0.48258020716675065
234,0.08,0.6,0.45521365392811175
235,0.08,0.62,0.42807077918650743
236,0.08,0.64,0.4012537038486122
237,0.08,0.66,0.3748556017625133
238,0.08,0.68,0.34896086729898135
239,0.08,0.7000000000000001,0.3236453243455136
240,0.08,0.72,0.29897646135410577
241,0.08,0.74,0.27501368097396406
242,0.08,0.76,0.2518085565717848
243,0.08,0.78,0.22940509138822887
244,0.08,0.8,0.20783997903779872
245,0.08,0.8200000000000001,0.18714286641770458
246,0.08,0.84,0.167336621787045
247,0.08,0.86,0.14843761179666518
248,0.08,0.88,0.13045599162196064
249,0.08,0.9,0.11339601214196798
250,0.08,0.92,0.09725634741302189
251,0.08,0.9400000000000001,0.08203044461790952
252,0.08,0.96,0.06770689735553664
253,0.08,0.98,0.054269841696341546
254,0.08,1.0,0.04169937298286696
255,0.1,0.0,0.7492411220023091
256,0.1,0.02,0.7730431628854205
257,0.1,0.04,0.794625503134328
258,0.1,0.06,0.8138311751977393
259,0.1,0.08,0.8305271584815759
260,0.1,0.1,0.8446059607268753
261,0.1,0.12,0.855986690257511
262,0.1,0.14,0.8646156057585724
263,0.1,0.16,0.8704661459351366
264,0.1,0.18,0.8735384566594179
265,0.1,0.2,0.8738584474402384
266,0.1,0.22,0.8714764216950659
267,0.1,0.24,0.8664653359052059
268,0.1,0.26,0.8589187509254548
269,0.1,0.28,0.8489485442559862
270,0.1,0.3,0.8366824548502915
271,0.1,0.32,0.8222615320435249
272,0.1,0.34,0.805837557581793
273,0.1,0.36,0.7875705047710532
274,0.1,0.38,0.7676260917982336
275,0.1,0.4,0.7461734777365788
276,0.1,0.42,0.7233831401119406
277,0.1,0.44,0.6994249626797238
278,0.1,0.46,0.6744665517424081
279,0.1,0.48,0.648671789393947
280,0.1,0.5,0.6221996229263376
281,0.1,0.52,0.5952030816203175
282,0.1,0.54,0.5678285055267966
283,0.1,0.56,0.5402149657957547
284,0.1,0.58,0.5124938526974921
285,0.1,0.6,0.4847886056882555
286,0.1,0.62,0.45721455959614715
287,0.1,0.64,0.42987888207100283
288,0.1,0.66,0.40288057962585466
289,0.1,0.68,0.376310552632712
290,0.1,0.7000000000000001,0.350251683237963
291,0.1,0.72,0.3247789440481982
292,0.1,0.74,0.2999595193368419
293,0.1,0.76,0.27585293419661194
294,0.1,0.78,0.2525111903142165
295,0.1,0.8,0.22997890972192758
296,0.1,0.8200000000000001,0.20829348988796734
297,0.1,0.84,0.18748527479880633
298,0.1,0.86,0.16757774726592098
299,0.1,0.88,0.14858774760565974
300,0.1,0.9,0.1305257231782245
301,0.1,0.92,0.11339601214196798
302,0.1,0.9400000000000001,0.09719716331096954
303,0.1,0.96,0.08192229233317626
304,0.1,0.98,0.06755947266728936
305,0.1,1.0,0.054092158153029604
306,0.12,0.0,0.7559651393302438
307,0.12,0.02,0.7805932446681366
308,0.12,0.04,0.8030568703378673
309,0.12,0.06,0.823196897433927
310,0.12,0.08,0.8408772972231899
311,0.12,0.1,0.855986690257511
312,0.12,0.12,0.8684394126563298
313,0.12,0.14,0.8781760776284699
314,0.12,0.16,0.8851636355891028
315,0.12,0.18,0.8893949510212765
316,0.12,0.2,0.8908879279422213
317,0.12,0.22,0.8896842279311364
318,0.12,0.24,0.8858476347089321
319,0.12,0.26,0.879462126887688
320,0.12,0.28,0.8706297255046586
321,0.12,0.3,0.8594681852274935
322,0.12,0.32,0.846108597699153
323,0.12,0.34,0.8306929725427123
324,0.12,0.36,0.8133718563400998
325,0.12,0.38,0.7943020428013394
326,0.12,0.4,0.7736444187900533
327,0.12,0.42,0.7515619813504449
328,0.12,0.44,0.7282180508924025
329,0.12,0.46,0.7037746957272631
330,0.12,0.48,0.6783913736648497
331,0.12,0.5,0.6522237877832311
332,0.12,0.52,0.6254229460916817
333,0.12,0.54,0.5981344088621008
334,0.12,0.56,0.5704977030475273
335,0.12,0.58,0.5426458804852125
336,0.12,0.6,0.5147051954516176
337,0.12,0.62,0.4867948774714258
338,0.12,0.64,0.459026976887808
339,0.12,0.66,0.4315062633309269
340,0.12,0.68,0.404330160597015
341,0.12,0.7000000000000001,0.3775887052783772
342,0.12,0.72,0.3513645204765328
343,0.12,0.74,0.3257327998184219
344,0.12,0.76,0.30076130054572864
345,0.12,0.78,0.2765103474717435
346,0.12,0.8,0.25303285196266295
347,0.12,0.8200000000000001,0.23037435171988777
348,0.12,0.84,0.20857307799036587
349,0.12,0.86,0.18766005693770246
350,0.12,0.88,0.16765925133606446
351,0.12,0.9,0.14858774760565974
352,0.12,0.92,0.13045599162196062
353,0.12,0.9400000000000001,0.11326807484483173
354,0.12,0.96,0.09702207027666983
355,0.12,0.98,0.08171041571373527
356,0.12,1.0,0.06732033983177413
357,0.14,0.0,0.7599613678821003
358,0.14,0.02,0.7853845355561491
359,0.14,0.04,0.8087111343704437
360,0.14,0.06,0.8297803784538271
361,0.14,0.08,0.8484535654924628
362,0.14,0.1,0.8646156057585724
363,0.14,0.12,0.8781760776284699
364,0.14,0.14,0.8890697992098193
365,0.14,0.16,0.8972569204955556
366,0.14,0.18,0.902722554700906
367,0.14,0.2,0.9054759805470182
368,0.14,0.22,0.9055494587167776
369,0.14,0.24,0.9029967150981408
370,0.14,0.26,0.8978911504265542
371,0.14,0.28,0.8903238403402941
372,0.14,0.3,0.8804013915987895
373,0.14,0.32,0.8682437193410099
374,0.14,0.34,0.8539818069580418
375,0.14,0.36,0.8377555047092893
376,0.14,0.38,0.8197114160037963
377,0.14,0.4,0.8000009117421703
378,0.14,0.42,0.7787783037560341
379,0.14,0.44,0.7561991986890684
380,0.14,0.46,0.7324190441201409
381,0.14,0.48,0.7075918697784135
382,0.14,0.5,0.6818692187246701
383,0.14,0.52,0.6553992566753785
384,0.14,0.54,0.6283260424385113
385,0.14,0.56,0.6007889388286523
386,0.14,0.58,0.5729221414527139
387,0.14,0.6,0.5448543023353725
388,0.14,0.62,0.5167082263337787
389,0.14,0.64,0.4886006204577587
390,0.14,0.66,0.4606418793004843
391,0.14,0.68,0.4329358935029708
392,0.14,0.7000000000000001,0.40557987222228503
393,0.14,0.72,0.3786641746561654
394,0.14,0.74,0.35227214953006164
395,0.14,0.76,0.32647998485028557
396,0.14,0.78,0.30135657299261365
397,0.14,0.8,0.2769633982087734
398,0.14,0.8200000000000001,0.2533544548313241
399,0.14,0.84,0.23057620483455302
400,0.14,0.86,0.2086675830108034
401,0.14,0.88,0.18766005693770246
402,0.14,0.9,0.16757774726592098
403,0.14,0.92,0.14843761179666504
404,0.14,0.9400000000000001,0.13024969450247562
405,0.14,0.96,0.11301743823475484
406,0.14,0.98,0.09673805750873482
407,0.14,1.0,0.08140296559628565
408,0.16,0.0,0.7612296020164885
409,0.16,0.02,0.7874124617870115
410,0.16,0.04,0.8115788827575153
411,0.16,0.06,0.8335669114204166
412,0.16,0.08,0.8532355296288279
413,0.16,0.1,0.8704661459351366
414,0.16,0.12,0.8851636355891028
415,0.16,0.14,0.8972569204955556
416,0.16,0.16,0.9066990946569053
417,0.16,0.18,0.9134671142254446
418,0.16,0.2,0.9175610837101915
419,0.16,0.22,0.9190031806315121
420,0.16,0.24,0.9178362695905288
421,0.16,0.26,0.9141222630233478
422,0.16,0.28,0.9079402896673655
423,0.16,0.3,0.8993847329309019
424,0.16,0.32,0.8885632000076629
425,0.16,0.34,0.8755944789130633
426,0.16,0.36,0.8606065349443671
427,0.16,0.38,0.843734590770549
428,0.16,0.4,0.825119325891814
429,0.16,0.42,0.804905222058482
430,0.16,0.44,0.7832390718970363
431,0.16,0.46,0.7602686589297494
432,0.16,0.48,0.7361416088204371
433,0.16,0.5,0.7110044043932678
434,0.16,0.52,0.6850015510320719
435,0.16,0.54,0.6582748746588992
436,0.16,0.56,0.6309629316992519
437,0.16,0.58,0.6032005092574548
438,0.16,0.6,0.5751181940494569
439,0.16,0.62,0.5468419902948218
440,0.16,0.64,0.5184929695157987
441,0.16,0.66,0.49018693874701963
442,0.16,0.68,0.4620341177189996
443,0.16,0.7000000000000001,0.43413881983325675
444,0.16,0.72,0.4065991359028261
445,0.16,0.74,0.379506623427139
446,0.16,0.76,0.35294600738750387
447,0.16,0.78,0.326994901025831
448,0.16,0.8,0.30172355670154305
449,0.16,0.8200000000000001,0.27719465766741097
450,0.16,0.84,0.25346316148019404
451,0.16,0.86,0.23057620483455296
452,0.16,0.88,0.20857307799036587
453,0.16,0.9,0.18748527479880633
454,0.16,0.92,0.16733662178704486
455,0.16,0.9400000000000001,0.14814348701007116
456,0.16,0.96,0.12991506659362548
457,0.16,0.98,0.11265374423487569
458,0.16,1.0,0.09635551653677166
459,0.18,0.0,0.7597978377277954
460,0.18,0.02,0.7867006805110497
461,0.18,0.04,0.8116788017258285
462,0.18,0.06,0.8345695908214601
463,0.18,0.08,0.8552300932189665
464,0.18,0.1,0.8735384566594179
465,0.18,0.12,0.8893949510212765
466,0.18,0.14,0.902722554700906
467,0.18,0.16,0.9134671142254446
468,0.18,0.18,0.9215970966488959
469,0.18,0.2,0.9271029659376506
470,0.18,0.22,0.9299962245140535
471,0.18,0.24,0.9303081690191748
472,0.18,0.26,0.9280884149101198
473,0.18,0.28,0.9234032475753541
474,0.18,0.3,0.9163338582121254
475,0.18,0.32,0.9069745208663365
476,0.18,0.34,0.8954307630060988
477,0.18,0.36,0.881817576105446
478,0.18,0.38,0.8662577053541726
479,0.18,0.4,0.8488800492390282
480,0.18,0.42,0.8298181908445225
481,0.18,0.44,0.8092090737830842
482,0.18,0.46,0.7871918271426903
483,0.18,0.48,0.763906736143156
484,0.18,0.5,0.7394943486569069
485,0.18,0.52,0.7140947026267445
486,0.18,0.54,0.6878466558566084
487,0.18,0.56,0.6608872977172081
488,0.18,0.58,0.6333514219557934
489,0.18,0.6,0.6053710408994719
490,0.18,0.62,0.5770749236906723
491,0.18,0.64,0.5485881445301052
492,0.18,0.66,0.5200316309269694
493,0.18,0.68,0.4915217063503347
494,0.18,0.7000000000000001,0.4631696261242604
495,0.18,0.72,0.4350811096180252
496,0.18,0.74,0.4073558754951382
497,0.18,0.76,0.38008718979389366
498,0.18,0.78,0.35336143877041004
499,0.18,0.8,0.3272577396579476
500,0.18,0.8200000000000001,0.301847602762928
501,0.18,0.84,0.2771946576674111
502,0.18,0.86,0.25335445483132424
503,0.18,0.88,0.23037435171988785
504,0.18,0.9,0.20829348988796742
505,0.18,0.92,0.18714286641770458
506,0.18,0.9400000000000001,0.1669454999188956
507,0.18,0.96,0.14771668814749855
508,0.18,0.98,0.12946435134434903
509,0.18,1.0,0.11218945278685884
510,0.2,0.0,0.7557211162558987
511,0.2,0.02,0.783299947681511
512,0.2,0.04,0.8090565775769534
513,0.2,0.06,0.8328282565436407
514,0.2,0.08,0.8544704929610883
515,0.2,0.1,0.8738584474402384
516,0.2,0.12,0.8908879279422213
517,0.2,0.14,0.9054759805470182
518,0.2,0.16,0.9175610837101915
519,0.2,0.18,0.9271029659376506
520,0.2,0.2,0.934082077629874
521,0.2,0.22,0.9384987569586678
522,0.2,0.24,0.94037213669344
523,0.2,0.26,0.9397388436512792
524,0.2,0.28,0.9366515447870903
525,0.2,0.3,0.9311773938724626
526,0.2,0.32,0.9233964303622092
527,0.2,0.34,0.9133999776546866
528,0.2,0.36,0.9012890818509403
529,0.2,0.38,0.8871730247175986
530,0.2,0.4,0.8711679363177564
531,0.2,0.42,0.8533955241733487
532,0.2,0.44,0.8339819273363869
533,0.2,0.46,0.813056695817238
534,0.2,0.48,0.7907518888321128
535,0.2,0.5,0.7672012795997717
536,0.2,0.52,0.7425396501600764
537,0.2,0.54,0.7169021570273116
538,0.2,0.56,0.6904237474521558
539,0.2,0.58,0.6632386065749848
540,0.2,0.6,0.6354796176509513
541,0.2,0.62,0.6072778205836308
542,0.2,0.64,0.5787618579349729
543,0.2,0.66,0.5500574020677801
544,0.2,0.68,0.5212865617936941
545,0.2,0.7000000000000001,0.49256727152417606
546,0.2,0.72,0.46401267016092074
547,0.2,0.74,0.43573048056569846
548,0.2,0.76,0.4078224032232966
549,0.2,0.78,0.3803835395240785
550,0.2,0.8,0.3535018608806328
551,0.2,0.8200000000000001,0.3272577396579476
552,0.2,0.84,0.30172355670154316
553,0.2,0.86,0.2769633982087735
554,0.2,0.88,0.25303285196266306
555,0.2,0.9,0.22997890972192767
556,0.2,0.92,0.20783997903779872
557,0.2,0.9400000000000001,0.18664600415294305
558,0.2,0.96,0.1664186921254092
559,0.2,0.98,0.1471718370859422
560,0.2,1.0,0.1289117327261635
561,0.22,0.0,0.7490798938104997
562,0.22,0.02,0.7772865153626304
563,0.22,0.04,0.8037833338799485
564,0.22,0.06,0.8284079833063779
565,0.22,0.08,0.8510148525661768
566,0.22,0.1,0.8714764216950659
567,0.22,0.12,0.8896842279311364
568,0.22,0.14,0.9055494587167776
569,0.22,0.16,0.9190031806315121
570,0.22,0.18,0.9299962245140535
571,0.22,0.2,0.9384987569586678
572,0.22,0.22,0.9444995765760625
573,0.22,0.24,0.9480051795757803
574,0.22,0.26,0.9490386431478828
575,0.22,0.28,0.9476383767083149
576,0.22,0.3,0.9438567903586417
577,0.22,0.32,0.9377589270487945
578,0.22,0.34,0.9294211001802087
579,0.22,0.36,0.9189295720954961
580,0.22,0.38,0.9063793014869601
581,0.22,0.4,0.8918727796798349
582,0.22,0.42,0.8755189674821597
583,0.22,0.44,0.8574323363043628
584,0.22,0.46,0.8377320099618758
585,0.22,0.48,0.8165409973459243
586,0.22,0.5,0.7939855012634276
587,0.22,0.52,0.7701942853960858
588,0.22,0.54,0.7452980796007228
589,0.22,0.56,0.7194290036568657
590,0.22,0.58,0.692719990957714
591,0.22,0.6,0.6653041963477393
592,0.22,0.62,0.6373143760770084
593,0.22,0.64,0.6088822323629718
594,0.22,0.66,0.5801377199913933
595,0.22,0.68,0.5512083174098822
596,0.22,0.7000000000000001,0.522218269545668
597,0.22,0.72,0.49328781382312337
598,0.22,0.74,0.4645324043246357
599,0.22,0.76,0.4360619515501589
600,0.22,0.78,0.4079800966734329
601,0.22,0.8,0.38038353952407833
602,0.22,0.8200000000000001,0.35336143877041
603,0.22,0.84,0.326994901025831
604,0.22,0.86,0.30135657299261354
605,0.22,0.88,0.2765103474717435
606,0.22,0.9,0.2525111903142165
607,0.22,0.92,0.2294050913882288
608,0.22,0.9400000000000001,0.2072291386073465
609,0.22,0.96,0.18601171021230145
610,0.22,0.98,0.16577277700415854
611,0.22,1.0,0.14652430323681112
612,0.24,0.0,0.7399779935283217
613,0.24,0.02,0.7687601149480369
614,0.24,0.04,0.7959536610647735
615,0.24,0.06,0.82139717183339
616,0.24,0.08,0.8449443505739487
617,0.24,0.1,0.8664653359052059
618,0.24,0.12,0.8858476347089321
619,0.24,0.14,0.9029967150981408
620,0.24,0.16,0.9178362695905288
621,0.24,0.18,0.9303081690191748
622,0.24,0.2,0.94037213669344
623,0.24,0.22,0.9480051795757803
624,0.24,0.24,0.9532008184809102
625,0.24,0.26,0.955968162357774
626,0.24,0.28,0.9563308725253249
627,0.24,0.3,0.9543260613627375
628,0.24,0.32,0.9500031665801836
629,0.24,0.34,0.9434228370963774
630,0.24,0.36,0.934655860086649
631,0.24,0.38,0.9237821513646498
632,0.24,0.4,0.9108898233818031
633,0.24,0.42,0.8960743372391848
634,0.24,0.44,0.8794377376551694
635,0.24,0.46,0.8610879632225624
636,0.24,0.48,0.8411382188577122
637,0.24,0.5,0.8197063933435165
638,0.24,0.52,0.7969145024545724
639,0.24,0.54,0.7728881373806895
640,0.24,0.56,0.7477558989888917
641,0.24,0.58,0.7216488007448
642,0.24,0.6,0.6946996266320494
643,0.24,0.62,0.667042234879525
644,0.24,0.64,0.6388108034034665
645,0.24,0.66,0.6101390182460076
646,0.24,0.68,0.5811592115951174
647,0.24,0.7000000000000001,0.5520014608764393
648,0.24,0.72,0.5227926646285364
649,0.24,0.74,0.4936556141782721
650,0.24,0.76,0.4647080823572223
651,0.24,0.78,0.43606195155015887
652,0.24,0.8,0.4078224032232966
653,0.24,0.8200000000000001,0.38008718979389355
654,0.24,0.84,0.35294600738750387
655,0.24,0.86,0.32647998485028557
656,0.24,0.88,0.30076130054572864
657,0.24,0.9,0.27585293419661194
658,0.24,0.92,0.25180855657178475
659,0.24,0.9400000000000001,0.22867255539604817
660,0.24,0.96,0.20648019169430082
661,0.24,0.98,0.1852578770533993
662,0.24,1.0,0.1650235591447606
663,0.26,0.0,0.7285402056673084
664,0.26,0.02,0.7578415924827135
665,0.26,0.04,0.7856833044366438
666,0.26,0.06,0.8119053072389077
667,0.26,0.08,0.8363610666435448
668,0.26,0.1,0.8589187509254548
669,0.26,0.12,0.879462126887688
670,0.26,0.14,0.8978911504265542
671,0.26,0.16,0.9141222630233478
672,0.26,0.18,0.9280884149101198
673,0.26,0.2,0.9397388436512792
674,0.26,0.22,0.9490386431478828
675,0.26,0.24,0.955968162357774
676,0.26,0.26,0.9605222751915586
677,0.26,0.28,0.9627095630671665
678,0.26,0.3,0.9625514495760928
679,0.26,0.32,0.9600813228336464
680,0.26,0.34,0.9553436756514521
681,0.26,0.36,0.9483932870585681
682,0.26,0.38,0.9392944613377938
683,0.26,0.4,0.9281203330942257
684,0.26,0.42,0.9149522393927078
685,0.26,0.44,0.8998791531220749
686,0.26,0.46,0.8829971658483828
687,0.26,0.48,0.864409003815718
688,0.26,0.5,0.844223557662257
689,0.26,0.52,0.8225554049627628
690,0.26,0.54,0.799524304905738
691,0.26,0.56,0.7752546461829292
692,0.26,0.58,0.7498748323381275
693,0.26,0.6,0.7235165931411722
694,0.26,0.62,0.6963142157122441
695,0.26,0.64,0.668403694773454
696,0.26,0.66,0.6399218071864601
697,0.26,0.68,0.6110051214905522
698,0.26,0.7000000000000001,0.5817889581579504
699,0.26,0.72,0.5524063204511097
700,0.26,0.74,0.5229868188810958
701,0.26,0.76,0.4936556141782721
702,0.26,0.78,0.4645324043246357
703,0.26,0.8,0.43573048056569835
704,0.26,0.8200000000000001,0.4073558754951382
705,0.26,0.84,0.379506623427139
706,0.26,0.86,0.35227214953006164
707,0.26,0.88,0.3257327998184219
708,0.26,0.9,0.29995951933684184
709,0.26,0.92,0.27501368097396406
710,0.26,0.9400000000000001,0.25094706256097316
711,0.26,0.96,0.22780196546035303
712,0.26,0.98,0.20561146392414334
713,0.26,1.0,0.1843997712440117
714,0.28,0.0,0.7149096093350144
715,0.28,0.02,0.7446702693540147
716,0.28,0.04,0.773106583417261
717,0.28,0.06,0.8000604565388266
718,0.28,0.08,0.8253855768952353
719,0.28,0.1,0.8489485442559862
720,0.28,0.12,0.8706297255046586
721,0.28,0.14,0.8903238403402941
722,0.28,0.16,0.9079402896673655
723,0.28,0.18,0.9234032475753541
724,0.28,0.2,0.9366515447870903
725,0.28,0.22,0.9476383767083149
726,0.28,0.24,0.9563308725253249
727,0.28,0.26,0.9627095630671665
728,0.28,0.28,0.9667677843815653
729,0.28,0.3,0.9685110512903092
730,0.28,0.32,0.9679564308155617
731,0.28,0.34,0.9651319396196042
732,0.28,0.36,0.9600759828637199
733,0.28,0.38,0.9528368446014229
734,0.28,0.4,0.9434722324317327
735,0.28,0.42,0.9320488720977729
736,0.28,0.44,0.9186421414393671
737,0.28,0.46,0.9033357279529615
738,0.28,0.48,0.8862212904579847
739,0.28,0.5,0.8673981032033095
740,0.28,0.52,0.8469726602570672
741,0.28,0.54,0.8250582191905538
742,0.28,0.56,0.8017742657756501
743,0.28,0.58,0.7772458854591663
744,0.28,0.6,0.7516030324770163
745,0.28,0.62,0.7249796932919117
746,0.28,0.64,0.697512947213841
747,0.28,0.66,0.6693419332175405
748,0.28,0.68,0.640606737743974
749,0.28,0.7000000000000001,0.6114472233371815
750,0.28,0.72,0.5820018220505141
751,0.28,0.74,0.5524063204511097
752,0.28,0.76,0.5227926646285364
753,0.28,0.78,0.49328781382312337
754,0.28,0.8,0.46401267016092057
755,0.28,0.8200000000000001,0.43508110961802515
756,0.28,0.84,0.4065991359028261
757,0.28,0.86,0.3786641746561653
758,0.28,0.88,0.3513645204765328
759,0.28,0.9,0.3247789440481981
760,0.28,0.92,0.2989764613541057
761,0.28,0.9400000000000001,0.2740162618478921
762,0.28,0.96,0.24994778776862148
763,0.28,0.98,0.22681095269765839
764,0.28,1.0,0.20463648412349397
765,0.3,0.0,0.6992446935584874
766,0.3,0.02,0.7294011058812755
767,0.3,0.04,0.7583736187845576
768,0.3,0.06,0.7860065808126876
769,0.3,0.08,0.8121543720944268
770,0.3,0.1,0.8366824548502915
771,0.3,0.12,0.8594681852274935
772,0.3,0.14,0.8804013915987895
773,0.3,0.16,0.8993847329309019
774,0.3,0.18,0.9163338582121254
775,0.3,0.2,0.9311773938724626
776,0.3,0.22,0.9438567903586417
777,0.3,0.24,0.9543260613627375
778,0.3,0.26,0.9625514495760928
779,0.3,0.28,0.9685110512903092
780,0.3,0.3,0.9721944288435529
781,0.3,0.32,0.9736022350621412
782,0.3,0.34,0.972745867807499
783,0.3,0.36,0.9696471659041513
784,0.3,0.38,0.9643381505320815
785,0.3,0.4,0.9568608090662116
786,0.3,0.42,0.9472669117724549
787,0.3,0.44,0.93561784611906
788,0.3,0.46,0.9219844490657263
789,0.3,0.48,0.9064468148006984
790,0.3,0.5,0.8890940541613388
791,0.3,0.52,0.8700239824468361
792,0.3,0.54,0.8493427144590365
793,0.3,0.56,0.8271641492368673
794,0.3,0.58,0.8036093318428672
795,0.3,0.6,0.7788056854084964
796,0.3,0.62,0.7528861130905065
797,0.3,0.64,0.7259879762498553
798,0.3,0.66,0.6982519616512952
799,0.3,0.68,0.669820856430589
800,0.3,0.7000000000000001,0.6408382546639746
801,0.3,0.72,0.6114472233371815
802,0.3,0.74,0.5817889581579505
803,0.3,0.76,0.5520014608764394
804,0.3,0.78,0.522218269545668
805,0.3,0.8,0.49256727152417595
806,0.3,0.8200000000000001,0.4631696261242604
807,0.3,0.84,0.43413881983325686
808,0.3,0.86,0.40557987222228503
809,0.3,0.88,0.3775887052783772
810,0.3,0.9,0.350251683237963
811,0.3,0.92,0.3236453243455136
812,0.3,0.9400000000000001,0.29783618057531913
813,0.3,0.96,0.2728808764693515
814,0.3,0.98,0.24882629404951928
815,0.3,1.0,0.22570988739788722
816,0.32,0.0,0.6817163571661832
817,0.32,0.02,0.7122017467378474
818,0.32,0.04,0.7416474457909519
819,0.32,0.06,0.7699007383186622
820,0.32,0.08,0.7968171728788687
821,0.32,0.1,0.8222615320435249
822,0.32,0.12,0.846108597699153
823,0.32,0.14,0.8682437193410099
824,0.32,0.16,0.8885632000076629
825,0.32,0.18,0.9069745208663365
826,0.32,0.2,0.9233964303622092
827,0.32,0.22,0.9377589270487945
828,0.32,0.24,0.9500031665801836
829,0.32,0.26,0.9600813228336464
830,0.32,0.28,0.9679564308155617
831,0.32,0.3,0.9736022350621412
832,0.32,0.32,0.9770030619500922
833,0.32,0.34,0.9781537280302769
834,0.32,0.36,0.9770594895951485
835,0.32,0.38,0.9737360316258781
836,0.32,0.4,0.968209487480458
837,0.32,0.42,0.9605164746010194
838,0.32,0.44,0.9507041265114115
839,0.32,0.46,0.938830097749873
840,0.32,0.48,0.9249625163543954
841,0.32,0.5,0.9091798582090893
842,0.32,0.52,0.8915707189825265
843,0.32,0.54,0.8722334624535947
844,0.32,0.56,0.8512757285401523
845,0.32,0.58,0.8288137900503714
846,0.32,0.6,0.804971753730435
847,0.32,0.62,0.7798806082057609
848,0.32,0.64,0.7536771285068226
849,0.32,0.66,0.7265026536401543
850,0.32,0.68,0.6985017597432601
851,0.32,0.7000000000000001,0.669820856430589
852,0.32,0.72,0.640606737743974
853,0.32,0.74,0.6110051214905523
854,0.32,0.76,0.5811592115951174
855,0.32,0.78,0.5512083174098822
856,0.32,0.8,0.521286561793694
857,0.32,0.8200000000000001,0.4915217063503347
858,0.32,0.84,0.4620341177189997
859,0.32,0.86,0.4329358935029709
860,0.32,0.88,0.4043301605970151
861,0.32,0.9,0.376310552632712
862,0.32,0.92,0.34896086729898135
863,0.32,0.9400000000000001,0.32235489868431483
864,0.32,0.96,0.296556434762446
865,0.32,0.98,0.2716194058917382
866,0.32,1.0,0.24758816685356816
867,0.34,0.0,0.6625048658304046
868,0.34,0.02,0.6932495257593336
869,0.34,0.04,0.7231010893814298
870,0.34,0.06,0.7519102529070405
871,0.34,0.08,0.7795342139575443
872,0.34,0.1,0.805837557581793
873,0.34,0.12,0.8306929725427123
874,0.34,0.14,0.8539818069580418
875,0.34,0.16,0.8755944789130633
876,0.34,0.18,0.8954307630060988
877,0.34,0.2,0.9133999776546866
878,0.34,0.22,0.9294211001802087
879,0.34,0.24,0.9434228370963774
880,0.34,0.26,0.9553436756514521
881,0.34,0.28,0.9651319396196042
882,0.34,0.3,0.972745867807499
883,0.34,0.32,0.9781537280302769
884,0.34,0.34,0.9813339727799248
885,0.34,0.36,0.982275435871096
886,0.34,0.38,0.980977562441464
887,0.34,0.4,0.9774506582400465
888,0.34,0.42,0.9717161385631011
889,0.34,0.44,0.9638067528450895
890,0.34,0.46,0.9537667580589954
891,0.34,0.48,0.9416520129117955
892,0.34,0.5,0.9275299654210778
893,0.34,0.52,0.9114795088054862
894,0.34,0.54,0.8935906845890433
895,0.34,0.56,0.8739642171869485
896,0.34,0.58,0.8527108707075858
897,0.34,0.6,0.8299506259109543
898,0.34,0.62,0.8058116828083601
899,0.34,0.64,0.780429301859373
900,0.34,0.66,0.7539445037185859
901,0.34,0.68,0.7265026536401543
902,0.34,0.7000000000000001,0.6982519616512952
903,0.34,0.72,0.6693419332175405
904,0.34,0.74,0.6399218071864601
905,0.34,0.76,0.6101390182460076
906,0.34,0.78,0.5801377199913934
907,0.34,0.8,0.55005740206778
908,0.34,0.8200000000000001,0.5200316309269692
909,0.34,0.84,0.49018693874701974
910,0.34,0.86,0.4606418793004844
911,0.34,0.88,0.4315062633309269
912,0.34,0.9,0.4028805796258548
913,0.34,0.92,0.3748556017625133
914,0.34,0.9400000000000001,0.34751217472796414
915,0.34,0.96,0.3209211705115147
916,0.34,0.98,0.29514359751883507
917,0.34,1.0,0.27023084538767683
918,0.36,0.0,0.6417968408912907
919,0.36,0.02,0.6727285037216836
920,0.36,0.04,0.702914673516282
921,0.36,0.06,0.7322099176126396
922,0.36,0.08,0.7604735644955544
923,0.36,0.1,0.7875705047710532
924,0.36,0.12,0.8133718563400998
925,0.36,0.14,0.8377555047092893
926,0.36,0.16,0.8606065349443671
927,0.36,0.18,0.881817576105446
928,0.36,0.2,0.9012890818509403
929,0.36,0.22,0.9189295720954961
930,0.36,0.24,0.934655860086649
931,0.36,0.26,0.9483932870585681
932,0.36,0.28,0.9600759828637199
933,0.36,0.3,0.9696471659041513
934,0.36,0.32,0.9770594895951485
935,0.36,0.34,0.982275435871096
936,0.36,0.36,0.9852677493040428
937,0.36,0.38,0.986019898683846
938,0.36,0.4,0.9845265468289295
939,0.36,0.42,0.9807940043468139
940,0.36,0.44,0.9748406393719546
941,0.36,0.46,0.9666972132233553
942,0.36,0.48,0.9564071115991433
943,0.36,0.5,0.9440264424086604
944,0.36,0.52,0.9296239745767839
945,0.36,0.54,0.9132808969794456
946,0.36,0.56,0.8950903828307673
947,0.36,0.58,0.8751569520117926
948,0.36,0.6,0.8535956316237037
949,0.36,0.62,0.8305309230480952
950,0.36,0.64,0.8060955915798509
951,0.36,0.66,0.780429301859373
952,0.36,0.68,0.7536771285068226
953,0.36,0.7000000000000001,0.7259879762498553
954,0.36,0.72,0.697512947213841
955,0.36,0.74,0.668403694773454
956,0.36,0.76,0.6388108034034665
957,0.36,0.78,0.6088822323629718
958,0.36,0.8,0.5787618579349728
959,0.36,0.8200000000000001,0.5485881445301052
960,0.36,0.84,0.5184929695157987
961,0.36,0.86,0.48860062045775865
962,0.36,0.88,0.45902697688780814
963,0.36,0.9,0.42987888207100294
964,0.36,0.92,0.4012537038486122
965,0.36,0.9400000000000001,0.37323907776166027
966,0.36,0.96,0.34591282054505806
967,0.36,0.98,0.31934299790119713
968,0.36,1.0,0.2935881273283883
969,0.38,0.0,0.6197823485354684
970,0.38,0.02,0.6508266064118908
971,0.38,0.04,0.6812726301424249
972,0.38,0.06,0.7109792966603754
973,0.38,0.08,0.7398085450842089
974,0.38,0.1,0.7676260917982336
975,0.38,0.12,0.7943020428013394
976,0.38,0.14,0.8197114160037963
977,0.38,0.16,0.843734590770549
978,0.38,0.18,0.8662577053541726
979,0.38,0.2,0.8871730247175986
980,0.38,0.22,0.9063793014869601
981,0.38,0.24,0.9237821513646498
982,0.38,0.26,0.9392944613377938
983,0.38,0.28,0.9528368446014229
984,0.38,0.3,0.9643381505320815
985,0.38,0.32,0.9737360316258781
986,0.38,0.34,0.980977562441464
987,0.38,0.36,0.986019898683846
988,0.38,0.38,0.9888309580588268
989,0.38,0.4,0.9893900988324134
990,0.38,0.42,0.9876887675141094
991,0.38,0.44,0.9837310840511997
992,0.38,0.46,0.9775343315917578
993,0.38,0.48,0.9691293183675082
994,0.38,0.5,0.9585605815780108
995,0.38,0.52,0.9458864072321231
996,0.38,0.54,0.9311786455270394
997,0.38,0.56,0.9145223082358976
998,0.38,0.58,0.8960149423764057
999,0.38,0.6,0.8757657827394497
1000,0.38,0.62,0.8538946942366786
1001,0.38,0.64,0.8305309230480954
1002,0.38,0.66,0.8058116828083601
1003,0.38,0.68,0.7798806082057608
1004,0.38,0.7000000000000001,0.7528861130905063
1005,0.38,0.72,0.7249796932919117
1006,0.38,0.74,0.6963142157122438
1007,0.38,0.76,0.667042234879525
1008,0.38,0.78,0.6373143760770084
1009,0.38,0.8,0.6072778205836306
1010,0.38,0.8200000000000001,0.577074923690672
1011,0.38,0.84,0.5468419902948218
1012,0.38,0.86,0.5167082263337787
1013,0.38,0.88,0.4867948774714259
1014,0.38,0.9,0.45721455959614715
1015,0.38,0.92,0.4280707791865073
1016,0.38,0.9400000000000001,0.3994576357031295
1017,0.38,0.96,0.3714596931122786
1018,0.38,0.98,0.3441520036026061
1019,0.38,1.0,0.3176002636231321
1020,0.4,0.0,0.596652149906258
1021,0.4,0.02,0.6277329221476852
1022,0.4,0.04,0.6583610650497133
1023,0.4,0.06,0.6884001807003286
1024,0.4,0.08,0.7177152931995319
1025,0.4,0.1,0.7461734777365788
1026,0.4,0.12,0.7736444187900533
1027,0.4,0.14,0.8000009117421703
1028,0.4,0.16,0.825119325891814
1029,0.4,0.18,0.8488800492390282
1030,0.4,0.2,0.8711679363177564
1031,0.4,0.22,0.8918727796798349
1032,0.4,0.24,0.9108898233818031
1033,0.4,0.26,0.9281203330942257
1034,0.4,0.28,0.9434722324317327
1035,0.4,0.3,0.9568608090662116
1036,0.4,0.32,0.968209487480458
1037,0.4,0.34,0.9774506582400465
1038,0.4,0.36,0.9845265468289295
1039,0.4,0.38,0.9893900988324134
1040,0.4,0.4,0.9920058529582771
1041,0.4,0.42,0.9923507694121175
1042,0.4,0.44,0.9904149787645066
1043,0.4,0.46,0.9862024158540968
1044,0.4,0.48,0.9797313045499059
1045,0.4,0.5,0.971034462327798
1046,0.4,0.52,0.9601593984739487
1047,0.4,0.54,0.9471681860856925
1048,0.4,0.56,0.9321370955854542
1049,0.4,0.58,0.9151559858169027
1050,0.4,0.6,0.8963274575299714
1051,0.4,0.62,0.8757657827394497
1052,0.4,0.64,0.8535956316237036
1053,0.4,0.66,0.829950625910954
1054,0.4,0.68,0.804971753730435
1055,0.4,0.7000000000000001,0.7788056854084962
1056,0.4,0.72,0.7516030324770163
1057,0.4,0.74,0.7235165931411722
1058,0.4,0.76,0.6946996266320494
1059,0.4,0.78,0.6653041963477391
1060,0.4,0.8,0.6354796176509513
1061,0.4,0.8200000000000001,0.6053710408994718
1062,0.4,0.84,0.5751181940494569
1063,0.4,0.86,0.5448543023353725
1064,0.4,0.88,0.5147051954516176
1065,0.4,0.9,0.4847886056882555
1066,0.4,0.92,0.45521365392811175
1067,0.4,0.9400000000000001,0.42608051457213947
1068,0.4,0.96,0.3974802455451739
1069,0.4,0.98,0.3694947657006209
1070,0.4,1.0,0.342196959276663
1071,0.42,0.0,0.5725951632149864
1072,0.42,0.02,0.6036352082794435
1073,0.42,0.04,0.634365328153271
1074,0.42,0.06,0.6646542403664003
1075,0.42,0.08,0.6943705193499282
1076,0.42,0.1,0.7233831401119406
1077,0.42,0.12,0.7515619813504449
1078,0.42,0.14,0.7787783037560341
1079,0.42,0.16,0.804905222058482
1080,0.42,0.18,0.8298181908445225
1081,0.42,0.2,0.8533955241733487
1082,0.42,0.22,0.8755189674821597
1083,0.42,0.24,0.8960743372391848
1084,0.42,0.26,0.9149522393927078
1085,0.42,0.28,0.9320488720977729
1086,0.42,0.3,0.9472669117724549
1087,0.42,0.32,0.9605164746010194
1088,0.42,0.34,0.9717161385631011
1089,0.42,0.36,0.9807940043468139
1090,0.42,0.38,0.9876887675141094
1091,0.42,0.4,0.9923507694121175
1092,0.42,0.42,0.9947429908924748
1093,0.42,0.44,0.994841951163365
1094,0.42,0.46,0.9926384742148362
1095,0.42,0.48,0.9881382872819757
1096,0.42,0.5,0.9813624196895991
1097,0.42,0.52,0.9723473759971861
1098,0.42,0.54,0.9611450643777558
1099,0.42,0.56,0.9478224692807997
1100,0.42,0.58,0.9324610662465153
1101,0.42,0.6,0.9151559858169026
1102,0.42,0.62,0.8960149423764054
1103,0.42,0.64,0.8751569520117923
1104,0.42,0.66,0.8527108707075853
1105,0.42,0.68,0.8288137900503714
1106,0.42,0.7000000000000001,0.8036093318428671
1107,0.42,0.72,0.7772458854591663
1108,0.42,0.74,0.7498748323381272
1109,0.42,0.76,0.7216488007448
1110,0.42,0.78,0.692719990957714
1111,0.42,0.8,0.6632386065749846
1112,0.42,0.8200000000000001,0.6333514219557933
1113,0.42,0.84,0.6032005092574546
1114,0.42,0.86,0.5729221414527138
1115,0.42,0.88,0.5426458804852123
1116,0.42,0.9,0.512493852697492
1117,0.42,0.92,0.48258020716675043
1118,0.42,0.9400000000000001,0.4530107468808916
1119,0.42,0.96,0.4238827179919665
1120,0.42,0.98,0.39528473883730214
1121,0.42,1.0,0.36729684808960966
1122,0.44,0.0,0.5477961783826193
1123,0.44,0.02,0.5787176456146154
1124,0.44,0.04,0.6094678251536683
1125,0.44,0.06,0.6399209127251791
1126,0.44,0.08,0.6699494857069503
1127,0.44,0.1,0.6994249626797238
1128,0.44,0.12,0.7282180508924025
1129,0.44,0.14,0.7561991986890684
1130,0.44,0.16,0.7832390718970363
1131,0.44,0.18,0.8092090737830842
1132,0.44,0.2,0.8339819273363869
1133,0.44,0.22,0.8574323363043628
1134,0.44,0.24,0.8794377376551694
1135,0.44,0.26,0.8998791531220749
1136,0.44,0.28,0.9186421414393671
1137,0.44,0.3,0.93561784611906
1138,0.44,0.32,0.9507041265114115
1139,0.44,0.34,0.9638067528450895
1140,0.44,0.36,0.9748406393719546
1141,0.44,0.38,0.9837310840511997
1142,0.44,0.4,0.9904149787645066
1143,0.44,0.42,0.994841951163365
1144,0.44,0.44,0.9969753981363104
1145,0.44,0.46,0.996793371676078
1146,0.44,0.48,0.9942892806476696
1147,0.44,0.5,0.9894723765229028
1148,0.44,0.52,0.982367997365482
1149,0.44,0.54,0.973017551939093
1150,0.44,0.56,0.9614782344074703
1151,0.44,0.58,0.9478224692807997
1152,0.44,0.6,0.9321370955854542
1153,0.44,0.62,0.9145223082358976
1154,0.44,0.64,0.8950903828307675
1155,0.44,0.66,0.8739642171869486
1156,0.44,0.68,0.8512757285401523
1157,0.44,0.7000000000000001,0.8271641492368673
1158,0.44,0.72,0.8017742657756504
1159,0.44,0.74,0.7752546461829292
1160,0.44,0.76,0.7477558989888918
1161,0.44,0.78,0.7194290036568657
1162,0.44,0.8,0.6904237474521558
1163,0.44,0.8200000000000001,0.6608872977172082
1164,0.44,0.84,0.630962931699252
1165,0.44,0.86,0.6007889388286525
1166,0.44,0.88,0.5704977030475274
1167,0.44,0.9,0.5402149657957547
1168,0.44,0.92,0.5100592638936805
1169,0.44,0.9400000000000001,0.4801415310815785
1170,0.44,0.96,0.4505648475830065
1171,0.44,0.98,0.4214243188774123
1172,0.44,1.0,0.39280706294613765
1173,0.46,0.0,0.5224338536611082
1174,0.46,0.02,0.5531588686416092
1175,0.46,0.04,0.5838460965466773
1176,0.46,0.06,0.614375544352998
1177,0.46,0.08,0.6446242284046806
1178,0.46,0.1,0.6744665517424081
1179,0.46,0.12,0.7037746957272631
1180,0.46,0.14,0.7324190441201409
1181,0.46,0.16,0.7602686589297494
1182,0.46,0.18,0.7871918271426903
1183,0.46,0.2,0.813056695817238
1184,0.46,0.22,0.8377320099618758
1185,0.46,0.24,0.8610879632225624
1186,0.46,0.26,0.8829971658483828
1187,0.46,0.28,0.9033357279529615
1188,0.46,0.3,0.9219844490657263
1189,0.46,0.32,0.938830097749873
1190,0.46,0.34,0.9537667580589954
1191,0.46,0.36,0.9666972132233553
1192,0.46,0.38,0.9775343315917578
1193,0.46,0.4,0.9862024158540968
1194,0.46,0.42,0.9926384742148362
1195,0.46,0.44,0.996793371676078
1196,0.46,0.46,0.9986328210189528
1197,0.46,0.48,0.9981381764358584
1198,0.46,0.5,0.9953069979477331
1199,0.46,0.52,0.9901533615217434
1200,0.46,0.54,0.9827078978762532
1201,0.46,0.56,0.9730175519390929
1202,0.46,0.58,0.9611450643777562
1203,0.46,0.6,0.9471681860856926
1204,0.46,0.62,0.9311786455270394
1205,0.46,0.64,0.9132808969794456
1206,0.46,0.66,0.8935906845890433
1207,0.46,0.68,0.8722334624535947
1208,0.46,0.7000000000000001,0.8493427144590365
1209,0.46,0.72,0.8250582191905538
1210,0.46,0.74,0.7995243049057382
1211,0.46,0.76,0.7728881373806897
1212,0.46,0.78,0.7452980796007228
1213,0.46,0.8,0.7169021570273115
1214,0.46,0.8200000000000001,0.6878466558566083
1215,0.46,0.84,0.6582748746588992
1216,0.46,0.86,0.6283260424385114
1217,0.46,0.88,0.5981344088621009
1218,0.46,0.9,0.5678285055267966
1219,0.46,0.92,0.5375305709908563
1220,0.46,0.9400000000000001,0.5073561271211161
1221,0.46,0.96,0.47741369030570524
1222,0.46,0.98,0.44780459834265635
1223,0.46,1.0,0.41862293237280784
1224,0.48,0.0,0.49667901254874447
1225,0.48,0.02,0.5271302883828857
1226,0.48,0.04,0.5576711790696113
1227,0.48,0.06,0.5881878041326417
1228,0.48,0.08,0.6185620343607592
1229,0.48,0.1,0.648671789393947
1230,0.48,0.12,0.6783913736648497
1231,0.48,0.14,0.7075918697784135
1232,0.48,0.16,0.7361416088204371
1233,0.48,0.18,0.763906736143156
1234,0.48,0.2,0.7907518888321128
1235,0.48,0.22,0.8165409973459243
1236,0.48,0.24,0.8411382188577122
1237,0.48,0.26,0.864409003815718
1238,0.48,0.28,0.8862212904579847
1239,0.48,0.3,0.9064468148006984
1240,0.48,0.32,0.9249625163543954
1241,0.48,0.34,0.9416520129117955
1242,0.48,0.36,0.9564071115991433
1243,0.48,0.38,0.9691293183675082
1244,0.48,0.4,0.9797313045499059
1245,0.48,0.42,0.9881382872819757
1246,0.48,0.44,0.9942892806476696
1247,0.48,0.46,0.9981381764358584
1248,0.48,0.48,0.9996546173408214
1249,0.48,0.5,0.9988246311644368
1250,0.48,0.52,0.9956510018356562
1251,0.48,0.54,0.9901533615217432
1252,0.48,0.56,0.982367997365482
1253,0.48,0.58,0.9723473759971861
1254,0.48,0.6,0.9601593984739487
1255,0.48,0.62,0.9458864072321231
1256,0.48,0.64,0.9296239745767839
1257,0.48,0.66,0.9114795088054862
1258,0.48,0.68,0.8915707189825263
1259,0.48,0.7000000000000001,0.8700239824468361
1260,0.48,0.72,0.846972660257067
1261,0.48,0.74,0.8225554049627628
1262,0.48,0.76,0.7969145024545724
1263,0.48,0.78,0.7701942853960858
1264,0.48,0.8,0.7425396501600764
1265,0.48,0.8200000000000001,0.7140947026267442
1266,0.48,0.84,0.6850015510320719
1267,0.48,0.86,0.6553992566753783
1268,0.48,0.88,0.6254229460916817
1269,0.48,0.9,0.5952030816203175
1270,0.48,0.92,0.564864881460084
1271,0.48,0.9400000000000001,0.5345278755316812
1272,0.48,0.96,0.5043055799340408
1273,0.48,0.98,0.4743052705658017
1274,0.48,1.0,0.4446278355902642
1275,0.5,0.0,0.4706932485752919
1276,0.5,0.02,0.5007947141264711
1277,0.5,0.04,0.5311062543282847
1278,0.5,0.06,0.5615203688360769
1279,0.5,0.08,0.5919241738448304
1280,0.5,0.1,0.6221996229263376
1281,0.5,0.12,0.6522237877832311
1282,0.5,0.14,0.6818692187246701
1283,0.5,0.16,0.7110044043932678
1284,0.5,0.18,0.7394943486569069
1285,0.5,0.2,0.7672012795997717
1286,0.5,0.22,0.7939855012634276
1287,0.5,0.24,0.8197063933435165
1288,0.5,0.26,0.844223557662257
1289,0.5,0.28,0.8673981032033095
1290,0.5,0.3,0.8890940541613388
1291,0.5,0.32,0.9091798582090893
1292,0.5,0.34,0.9275299654210778
1293,0.5,0.36,0.9440264424086604
1294,0.5,0.38,0.9585605815780108
1295,0.5,0.4,0.971034462327798
1296,0.5,0.42,0.9813624196895991
1297,0.5,0.44,0.9894723765229028
1298,0.5,0.46,0.9953069979477331
1299,0.5,0.48,0.9988246311644368
1300,0.5,0.5,1.0
1301,0.5,0.52,0.9988246311644368
1302,0.5,0.54,0.9953069979477331
1303,0.5,0.56,0.9894723765229028
1304,0.5,0.58,0.9813624196895991
1305,0.5,0.6,0.971034462327798
1306,0.5,0.62,0.9585605815780108
1307,0.5,0.64,0.9440264424086604
1308,0.5,0.66,0.9275299654210777
1309,0.5,0.68,0.9091798582090893
1310,0.5,0.7000000000000001,0.8890940541613388
1311,0.5,0.72,0.8673981032033095
1312,0.5,0.74,0.844223557662257
1313,0.5,0.76,0.8197063933435165
1314,0.5,0.78,0.7939855012634275
1315,0.5,0.8,0.7672012795997714
1316,0.5,0.8200000000000001,0.7394943486569069
1317,0.5,0.84,0.7110044043932678
1318,0.5,0.86,0.6818692187246701
1319,0.5,0.88,0.6522237877832311
1320,0.5,0.9,0.6221996229263376
1321,0.5,0.92,0.5919241738448303
1322,0.5,0.9400000000000001,0.5615203688360767
1323,0.5,0.96,0.5311062543282848
1324,0.5,0.98,0.5007947141264711
1325,0.5,1.0,0.4706932485752919
1326,0.52,0.0,0.44462783559026425
1327,0.52,0.02,0.4743052705658017
1328,0.52,0.04,0.5043055799340407
1329,0.52,0.06,0.5345278755316812
1330,0.52,0.08,0.564864881460084
1331,0.52,0.1,0.5952030816203175
1332,0.52,0.12,0.6254229460916817
1333,0.52,0.14,0.6553992566753785
1334,0.52,0.16,0.6850015510320719
1335,0.52,0.18,0.7140947026267445
1336,0.52,0.2,0.7425396501600764
1337,0.52,0.22,0.7701942853960858
1338,0.52,0.24,0.7969145024545724
1339,0.52,0.26,0.8225554049627628
1340,0.52,0.28,0.8469726602570672
1341,0.52,0.3,0.8700239824468361
1342,0.52,0.32,0.8915707189825265
1343,0.52,0.34,0.9114795088054862
1344,0.52,0.36,0.9296239745767839
1345,0.52,0.38,0.9458864072321231
1346,0.52,0.4,0.9601593984739487
1347,0.52,0.42,0.9723473759971861
1348,0.52,0.44,0.982367997365482
1349,0.52,0.46,0.9901533615217434
1350,0.52,0.48,0.9956510018356562
1351,0.52,0.5,0.9988246311644368
1352,0.52,0.52,0.9996546173408214
1353,0.52,0.54,0.9981381764358582
1354,0.52,0.56,0.9942892806476695
1355,0.52,0.58,0.9881382872819755
1356,0.52,0.6,0.9797313045499059
1357,0.52,0.62,0.9691293183675082
1358,0.52,0.64,0.9564071115991433
1359,0.52,0.66,0.9416520129117953
1360,0.52,0.68,0.9249625163543954
1361,0.52,0.7000000000000001,0.9064468148006986
1362,0.52,0.72,0.8862212904579847
1363,0.52,0.74,0.864409003815718
1364,0.52,0.76,0.8411382188577124
1365,0.52,0.78,0.8165409973459243
1366,0.52,0.8,0.7907518888321128
1367,0.52,0.8200000000000001,0.763906736143156
1368,0.52,0.84,0.7361416088204369
1369,0.52,0.86,0.7075918697784135
1370,0.52,0.88,0.6783913736648497
1371,0.52,0.9,0.648671789393947
1372,0.52,0.92,0.6185620343607592
1373,0.52,0.9400000000000001,0.5881878041326416
1374,0.52,0.96,0.5576711790696113
1375,0.52,0.98,0.5271302883828857
1376,0.52,1.0,0.4966790125487446
1377,0.54,0.0,0.4186229323728078
1378,0.54,0.02,0.44780459834265623
1379,0.54,0.04,0.477413690305705
1380,0.54,0.06,0.5073561271211161
1381,0.54,0.08,0.5375305709908563
1382,0.54,0.1,0.5678285055267966
1383,0.54,0.12,0.5981344088621008
1384,0.54,0.14,0.6283260424385113
1385,0.54,0.16,0.6582748746588992
1386,0.54,0.18,0.6878466558566084
1387,0.54,0.2,0.7169021570273116
1388,0.54,0.22,0.7452980796007228
1389,0.54,0.24,0.7728881373806895
1390,0.54,0.26,0.799524304905738
1391,0.54,0.28,0.8250582191905538
1392,0.54,0.3,0.8493427144590365
1393,0.54,0.32,0.8722334624535947
1394,0.54,0.34,0.8935906845890433
1395,0.54,0.36,0.9132808969794456
1396,0.54,0.38,0.9311786455270394
1397,0.54,0.4,0.9471681860856925
1398,0.54,0.42,0.9611450643777558
1399,0.54,0.44,0.973017551939093
1400,0.54,0.46,0.9827078978762532
1401,0.54,0.48,0.9901533615217432
1402,0.54,0.5,0.9953069979477331
1403,0.54,0.52,0.9981381764358582
1404,0.54,0.54,0.9986328210189528
1405,0.54,0.56,0.996793371676078
1406,0.54,0.58,0.9926384742148362
1407,0.54,0.6,0.9862024158540968
1408,0.54,0.62,0.9775343315917581
1409,0.54,0.64,0.9666972132233553
1410,0.54,0.66,0.9537667580589954
1411,0.54,0.68,0.938830097749873
1412,0.54,0.7000000000000001,0.9219844490657262
1413,0.54,0.72,0.9033357279529614
1414,0.54,0.74,0.8829971658483827
1415,0.54,0.76,0.8610879632225625
1416,0.54,0.78,0.8377320099618758
1417,0.54,0.8,0.813056695817238
1418,0.54,0.8200000000000001,0.78719182714269
1419,0.54,0.84,0.7602686589297494
1420,0.54,0.86,0.7324190441201409
1421,0.54,0.88,0.7037746957272631
1422,0.54,0.9,0.6744665517424081
1423,0.54,0.92,0.6446242284046806
1424,0.54,0.9400000000000001,0.6143755443529979
1425,0.54,0.96,0.5838460965466773
1426,0.54,0.98,0.5531588686416093
1427,0.54,1.0,0.5224338536611083
1428,0.56,0.0,0.39280706294613765
1429,0.56,0.02,0.42142431887741216
1430,0.56,0.04,0.45056484758300636
1431,0.56,0.06,0.4801415310815785
1432,0.56,0.08,0.5100592638936805
1433,0.56,0.1,0.5402149657957547
1434,0.56,0.12,0.5704977030475273
1435,0.56,0.14,0.6007889388286523
1436,0.56,0.16,0.6309629316992519
1437,0.56,0.18,0.6608872977172081
1438,0.56,0.2,0.6904237474521558
1439,0.56,0.22,0.7194290036568657
1440,0.56,0.24,0.7477558989888917
1441,0.56,0.26,0.7752546461829292
1442,0.56,0.28,0.8017742657756501
1443,0.56,0.3,0.8271641492368673
1444,0.56,0.32,0.8512757285401523
1445,0.56,0.34,0.8739642171869485
1446,0.56,0.36,0.8950903828307673
1447,0.56,0.38,0.9145223082358976
1448,0.56,0.4,0.9321370955854542
1449,0.56,0.42,0.9478224692807997
1450,0.56,0.44,0.9614782344074703
1451,0.56,0.46,0.9730175519390929
1452,0.56,0.48,0.982367997365482
1453,0.56,0.5,0.9894723765229028
1454,0.56,0.52,0.9942892806476695
1455,0.56,0.54,0.996793371676078
1456,0.56,0.56,0.9969753981363103
1457,0.56,0.58,0.994841951163365
1458,0.56,0.6,0.9904149787645066
1459,0.56,0.62,0.9837310840511997
1460,0.56,0.64,0.9748406393719544
1461,0.56,0.66,0.9638067528450895
1462,0.56,0.68,0.9507041265114113
1463,0.56,0.7000000000000001,0.9356178461190597
1464,0.56,0.72,0.9186421414393672
1465,0.56,0.74,0.8998791531220749
1466,0.56,0.76,0.8794377376551693
1467,0.56,0.78,0.8574323363043628
1468,0.56,0.8,0.8339819273363867
1469,0.56,0.8200000000000001,0.8092090737830842
1470,0.56,0.84,0.7832390718970365
1471,0.56,0.86,0.7561991986890684
1472,0.56,0.88,0.7282180508924023
1473,0.56,0.9,0.6994249626797235
1474,0.56,0.92,0.6699494857069502
1475,0.56,0.9400000000000001,0.6399209127251789
1476,0.56,0.96,0.6094678251536683
1477,0.56,0.98,0.5787176456146155
1478,0.56,1.0,0.5477961783826193
1479,0.58,0.0,0.36729684808960966
1480,0.58,0.02,0.39528473883730214
1481,0.58,0.04,0.4238827179919665
1482,0.58,0.06,0.45301074688089177
1483,0.58,0.08,0.48258020716675065
1484,0.58,0.1,0.5124938526974921
1485,0.58,0.12,0.5426458804852125
1486,0.58,0.14,0.5729221414527139
1487,0.58,0.16,0.6032005092574548
1488,0.58,0.18,0.6333514219557934
1489,0.58,0.2,0.6632386065749848
1490,0.58,0.22,0.692719990957714
1491,0.58,0.24,0.7216488007448
1492,0.58,0.26,0.7498748323381275
1493,0.58,0.28,0.7772458854591663
1494,0.58,0.3,0.8036093318428672
1495,0.58,0.32,0.8288137900503714
1496,0.58,0.34,0.8527108707075858
1497,0.58,0.36,0.8751569520117926
1498,0.58,0.38,0.8960149423764057
1499,0.58,0.4,0.9151559858169027
1500,0.58,0.42,0.9324610662465153
1501,0.58,0.44,0.9478224692807997
1502,0.58,0.46,0.9611450643777562
1503,0.58,0.48,0.9723473759971861
1504,0.58,0.5,0.9813624196895991
1505,0.58,0.52,0.9881382872819755
1506,0.58,0.54,0.9926384742148362
1507,0.58,0.56,0.994841951163365
1508,0.58,0.58,0.9947429908924748
1509,0.58,0.6,0.9923507694121174
1510,0.58,0.62,0.9876887675141094
1511,0.58,0.64,0.980794004346814
1512,0.58,0.66,0.9717161385631011
1513,0.58,0.68,0.9605164746010193
1514,0.58,0.7000000000000001,0.9472669117724547
1515,0.58,0.72,0.9320488720977725
1516,0.58,0.74,0.9149522393927078
1517,0.58,0.76,0.8960743372391848
1518,0.58,0.78,0.8755189674821597
1519,0.58,0.8,0.8533955241733484
1520,0.58,0.8200000000000001,0.8298181908445222
1521,0.58,0.84,0.8049052220584818
1522,0.58,0.86,0.7787783037560336
1523,0.58,0.88,0.7515619813504448
1524,0.58,0.9,0.7233831401119403
1525,0.58,0.92,0.6943705193499281
1526,0.58,0.9400000000000001,0.6646542403663999
1527,0.58,0.96,0.6343653281532707
1528,0.58,0.98,0.6036352082794434
1529,0.58,1.0,0.5725951632149862
1530,0.6,0.0,0.34219695927666294
1531,0.6,0.02,0.3694947657006209
1532,0.6,0.04,0.39748024554517386
1533,0.6,0.06,0.4260805145721396
1534,0.6,0.08,0.45521365392811175
1535,0.6,0.1,0.4847886056882555
1536,0.6,0.12,0.5147051954516176
1537,0.6,0.14,0.5448543023353725
1538,0.6,0.16,0.5751181940494569
1539,0.6,0.18,0.6053710408994719
1540,0.6,0.2,0.6354796176509513
1541,0.6,0.22,0.6653041963477393
1542,0.6,0.24,0.6946996266320494
1543,0.6,0.26,0.7235165931411722
1544,0.6,0.28,0.7516030324770163
1545,0.6,0.3,0.7788056854084964
1546,0.6,0.32,0.804971753730435
1547,0.6,0.34,0.8299506259109543
1548,0.6,0.36,0.8535956316237037
1549,0.6,0.38,0.8757657827394497
1550,0.6,0.4,0.8963274575299714
1551,0.6,0.42,0.9151559858169026
1552,0.6,0.44,0.9321370955854542
1553,0.6,0.46,0.9471681860856926
1554,0.6,0.48,0.9601593984739487
1555,0.6,0.5,0.971034462327798
1556,0.6,0.52,0.9797313045499059
1557,0.6,0.54,0.9862024158540968
1558,0.6,0.56,0.9904149787645066
1559,0.6,0.58,0.9923507694121174
1560,0.6,0.6,0.9920058529582773
1561,0.6,0.62,0.9893900988324131
1562,0.6,0.64,0.9845265468289293
1563,0.6,0.66,0.9774506582400465
1564,0.6,0.68,0.9682094874804579
1565,0.6,0.7000000000000001,0.9568608090662116
1566,0.6,0.72,0.9434722324317327
1567,0.6,0.74,0.9281203330942257
1568,0.6,0.76,0.9108898233818031
1569,0.6,0.78,0.8918727796798349
1570,0.6,0.8,0.8711679363177561
1571,0.6,0.8200000000000001,0.8488800492390282
1572,0.6,0.84,0.825119325891814
1573,0.6,0.86,0.80000091174217
1574,0.6,0.88,0.7736444187900534
1575,0.6,0.9,0.7461734777365788
1576,0.6,0.92,0.7177152931995318
1577,0.6,0.9400000000000001,0.6884001807003284
1578,0.6,0.96,0.6583610650497135
1579,0.6,0.98,0.6277329221476852
1580,0.6,1.0,0.596652149906258
1581,0.62,0.0,0.3176002636231321
1582,0.62,0.02,0.3441520036026061
1583,0.62,0.04,0.37145969311227856
1584,0.62,0.06,0.3994576357031296
1585,0.62,0.08,0.42807077918650743
1586,0.62,0.1,0.45721455959614715
1587,0.62,0.12,0.4867948774714258
1588,0.62,0.14,0.5167082263337787
1589,0.62,0.16,0.5468419902948218
1590,0.62,0.18,0.5770749236906723
1591,0.62,0.2,0.6072778205836308
1592,0.62,0.22,0.6373143760770084
1593,0.62,0.24,0.667042234879525
1594,0.62,0.26,0.6963142157122441
1595,0.62,0.28,0.7249796932919117
1596,0.62,0.3,0.7528861130905065
1597,0.62,0.32,0.7798806082057609
1598,0.62,0.34,0.8058116828083601
1599,0.62,0.36,0.8305309230480952
1600,0.62,0.38,0.8538946942366786
1601,0.62,0.4,0.8757657827394497
1602,0.62,0.42,0.8960149423764054
1603,0.62,0.44,0.9145223082358976
1604,0.62,0.46,0.9311786455270394
1605,0.62,0.48,0.9458864072321231
1606,0.62,0.5,0.9585605815780108
1607,0.62,0.52,0.9691293183675082
1608,0.62,0.54,0.9775343315917581
1609,0.62,0.56,0.9837310840511997
1610,0.62,0.58,0.9876887675141094
1611,0.62,0.6,0.9893900988324131
1612,0.62,0.62,0.9888309580588268
1613,0.62,0.64,0.986019898683846
1614,0.62,0.66,0.9809775624414638
1615,0.62,0.68,0.9737360316258781
1616,0.62,0.7000000000000001,0.9643381505320815
1617,0.62,0.72,0.9528368446014227
1618,0.62,0.74,0.9392944613377938
1619,0.62,0.76,0.9237821513646498
1620,0.62,0.78,0.9063793014869601
1621,0.62,0.8,0.8871730247175985
1622,0.62,0.8200000000000001,0.8662577053541722
1623,0.62,0.84,0.843734590770549
1624,0.62,0.86,0.8197114160037962
1625,0.62,0.88,0.7943020428013394
1626,0.62,0.9,0.7676260917982336
1627,0.62,0.92,0.7398085450842089
1628,0.62,0.9400000000000001,0.7109792966603753
1629,0.62,0.96,0.6812726301424252
1630,0.62,0.98,0.6508266064118908
1631,0.62,1.0,0.6197823485354684
1632,0.64,0.0,0.2935881273283883
1633,0.64,0.02,0.31934299790119713
1634,0.64,0.04,0.34591282054505795
1635,0.64,0.06,0.3732390777616603
1636,0.64,0.08,0.4012537038486122
1637,0.64,0.1,0.42987888207100283
1638,0.64,0.12,0.459026976887808
1639,0.64,0.14,0.4886006204577587
1640,0.64,0.16,0.5184929695157987
1641,0.64,0.18,0.5485881445301052
1642,0.64,0.2,0.5787618579349729
1643,0.64,0.22,0.6088822323629718
1644,0.64,0.24,0.6388108034034665
1645,0.64,0.26,0.668403694773454
1646,0.64,0.28,0.697512947213841
1647,0.64,0.3,0.7259879762498553
1648,0.64,0.32,0.7536771285068226
1649,0.64,0.34,0.780429301859373
1650,0.64,0.36,0.8060955915798509
1651,0.64,0.38,0.8305309230480954
1652,0.64,0.4,0.8535956316237036
1653,0.64,0.42,0.8751569520117923
1654,0.64,0.44,0.8950903828307675
1655,0.64,0.46,0.9132808969794456
1656,0.64,0.48,0.9296239745767839
1657,0.64,0.5,0.9440264424086604
1658,0.64,0.52,0.9564071115991433
1659,0.64,0.54,0.9666972132233553
1660,0.64,0.56,0.9748406393719544
1661,0.64,0.58,0.980794004346814
1662,0.64,0.6,0.9845265468289293
1663,0.64,0.62,0.986019898683846
1664,0.64,0.64,0.9852677493040426
1665,0.64,0.66,0.982275435871096
1666,0.64,0.68,0.9770594895951485
1667,0.64,0.7000000000000001,0.9696471659041513
1668,0.64,0.72,0.9600759828637199
1669,0.64,0.74,0.9483932870585681
1670,0.64,0.76,0.934655860086649
1671,0.64,0.78,0.9189295720954961
1672,0.64,0.8,0.9012890818509401
1673,0.64,0.8200000000000001,0.881817576105446
1674,0.64,0.84,0.8606065349443669
1675,0.64,0.86,0.8377555047092893
1676,0.64,0.88,0.8133718563400998
1677,0.64,0.9,0.7875705047710532
1678,0.64,0.92,0.7604735644955544
1679,0.64,0.9400000000000001,0.7322099176126395
1680,0.64,0.96,0.702914673516282
1681,0.64,0.98,0.6727285037216836
1682,0.64,1.0,0.6417968408912907
1683,0.66,0.0,0.27023084538767683
1684,0.66,0.02,0.29514359751883507
1685,0.66,0.04,0.3209211705115147
1686,0.66,0.06,0.34751217472796414
1687,0.66,0.08,0.3748556017625133
1688,0.66,0.1,0.40288057962585466
1689,0.66,0.12,0.4315062633309269
1690,0.66,0.14,0.4606418793004843
1691,0.66,0.16,0.49018693874701963
1692,0.66,0.18,0.5200316309269694
1693,0.66,0.2,0.5500574020677801
1694,0.66,0.22,0.5801377199913933
1695,0.66,0.24,0.6101390182460076
1696,0.66,0.26,0.6399218071864601
1697,0.66,0.28,0.6693419332175405
1698,0.66,0.3,0.6982519616512952
1699,0.66,0.32,0.7265026536401543
1700,0.66,0.34,0.7539445037185859
1701,0.66,0.36,0.780429301859373
1702,0.66,0.38,0.8058116828083601
1703,0.66,0.4,0.829950625910954
1704,0.66,0.42,0.8527108707075853
1705,0.66,0.44,0.8739642171869486
1706,0.66,0.46,0.8935906845890433
1707,0.66,0.48,0.9114795088054862
1708,0.66,0.5,0.9275299654210777
1709,0.66,0.52,0.9416520129117953
1710,0.66,0.54,0.9537667580589954
1711,0.66,0.56,0.9638067528450895
1712,0.66,0.58,0.9717161385631011
1713,0.66,0.6,0.9774506582400465
1714,0.66,0.62,0.9809775624414638
1715,0.66,0.64,0.982275435871096
1716,0.66,0.66,0.9813339727799247
1717,0.66,0.68,0.9781537280302769
1718,0.66,0.7000000000000001,0.9727458678074988
1719,0.66,0.72,0.9651319396196042
1720,0.66,0.74,0.9553436756514521
1721,0.66,0.76,0.9434228370963772
1722,0.66,0.78,0.9294211001802087
1723,0.66,0.8,0.9133999776546866
1724,0.66,0.8200000000000001,0.8954307630060988
1725,0.66,0.84,0.8755944789130633
1726,0.66,0.86,0.8539818069580418
1727,0.66,0.88,0.8306929725427123
1728,0.66,0.9,0.8058375575817928
1729,0.66,0.92,0.7795342139575443
1730,0.66,0.9400000000000001,0.7519102529070404
1731,0.66,0.96,0.72310108938143
1732,0.66,0.98,0.693249525759334
1733,0.66,1.0,0.6625048658304047
1734,0.68,0.0,0.24758816685356813
1735,0.68,0.02,0.27161940589173816
1736,0.68,0.04,0.29655643476244586
1737,0.68,0.06,0.32235489868431483
1738,0.68,0.08,0.34896086729898135
1739,0.68,0.1,0.376310552632712
1740,0.68,0.12,0.404330160597015
1741,0.68,0.14,0.4329358935029708
1742,0.68,0.16,0.4620341177189996
1743,0.68,0.18,0.4915217063503347
1744,0.68,0.2,0.5212865617936941
1745,0.68,0.22,0.5512083174098822
1746,0.68,0.24,0.5811592115951174
1747,0.68,0.26,0.6110051214905522
1748,0.68,0.28,0.640606737743974
1749,0.68,0.3,0.669820856430589
1750,0.68,0.32,0.6985017597432601
1751,0.68,0.34,0.7265026536401543
1752,0.68,0.36,0.7536771285068226
1753,0.68,0.38,0.7798806082057608
1754,0.68,0.4,0.804971753730435
1755,0.68,0.42,0.8288137900503714
1756,0.68,0.44,0.8512757285401523
1757,0.68,0.46,0.8722334624535947
1758,0.68,0.48,0.8915707189825263
1759,0.68,0.5,0.9091798582090893
1760,0.68,0.52,0.9249625163543954
1761,0.68,0.54,0.938830097749873
1762,0.68,0.56,0.9507041265114113
1763,0.68,0.58,0.9605164746010193
1764,0.68,0.6,0.9682094874804579
1765,0.68,0.62,0.9737360316258781
1766,0.68,0.64,0.9770594895951485
1767,0.68,0.66,0.9781537280302769
1768,0.68,0.68,0.9770030619500921
1769,0.68,0.7000000000000001,0.973602235062141
1770,0.68,0.72,0.9679564308155617
1771,0.68,0.74,0.9600813228336462
1772,0.68,0.76,0.9500031665801834
1773,0.68,0.78,0.9377589270487943
1774,0.68,0.8,0.9233964303622092
1775,0.68,0.8200000000000001,0.9069745208663361
1776,0.68,0.84,0.8885632000076628
1777,0.68,0.86,0.8682437193410096
1778,0.68,0.88,0.8461085976991533
1779,0.68,0.9,0.8222615320435249
1780,0.68,0.92,0.7968171728788687
1781,0.68,0.9400000000000001,0.7699007383186622
1782,0.68,0.96,0.7416474457909519
1783,0.68,0.98,0.7122017467378472
1784,0.68,1.0,0.6817163571661832
1785,0.7000000000000001,0.0,0.22570988739788728
1786,0.7000000000000001,0.02,0.24882629404951925
1787,0.7000000000000001,0.04,0.2728808764693514
1788,0.7000000000000001,0.06,0.29783618057531913
1789,0.7000000000000001,0.08,0.3236453243455136
1790,0.7000000000000001,0.1,0.350251683237963
1791,0.7000000000000001,0.12,0.3775887052783772
1792,0.7000000000000001,0.14,0.40557987222228503
1793,0.7000000000000001,0.16,0.43413881983325675
1794,0.7000000000000001,0.18,0.4631696261242604
1795,0.7000000000000001,0.2,0.49256727152417606
1796,0.7000000000000001,0.22,0.522218269545668
1797,0.7000000000000001,0.24,0.5520014608764393
1798,0.7000000000000001,0.26,0.5817889581579504
1799,0.7000000000000001,0.28,0.6114472233371815
1800,0.7000000000000001,0.3,0.6408382546639746
1801,0.7000000000000001,0.32,0.669820856430589
1802,0.7000000000000001,0.34,0.6982519616512952
1803,0.7000000000000001,0.36,0.7259879762498553
1804,0.7000000000000001,0.38,0.7528861130905063
1805,0.7000000000000001,0.4,0.7788056854084962
1806,0.7000000000000001,0.42,0.8036093318428671
1807,0.7000000000000001,0.44,0.8271641492368673
1808,0.7000000000000001,0.46,0.8493427144590365
1809,0.7000000000000001,0.48,0.8700239824468361
1810,0.7000000000000001,0.5,0.8890940541613388
1811,0.7000000000000001,0.52,0.9064468148006986
1812,0.7000000000000001,0.54,0.9219844490657262
1813,0.7000000000000001,0.56,0.9356178461190597
1814,0.7000000000000001,0.58,0.9472669117724547
1815,0.7000000000000001,0.6,0.9568608090662116
1816,0.7000000000000001,0.62,0.9643381505320815
1817,0.7000000000000001,0.64,0.9696471659041513
1818,0.7000000000000001,0.66,0.9727458678074988
1819,0.7000000000000001,0.68,0.973602235062141
1820,0.7000000000000001,0.7000000000000001,0.9721944288435528
1821,0.7000000000000001,0.72,0.9685110512903091
1822,0.7000000000000001,0.74,0.9625514495760927
1823,0.7000000000000001,0.76,0.9543260613627375
1824,0.7000000000000001,0.78,0.9438567903586417
1825,0.7000000000000001,0.8,0.9311773938724626
1826,0.7000000000000001,0.8200000000000001,0.9163338582121252
1827,0.7000000000000001,0.84,0.8993847329309019
1828,0.7000000000000001,0.86,0.8804013915987895
1829,0.7000000000000001,0.88,0.8594681852274935
1830,0.7000000000000001,0.9,0.8366824548502916
1831,0.7000000000000001,0.92,0.8121543720944265
1832,0.7000000000000001,0.9400000000000001,0.7860065808126876
1833,0.7000000000000001,0.96,0.7583736187845578
1834,0.7000000000000001,0.98,0.7294011058812754
1835,0.7000000000000001,1.0,0.6992446935584876
1836,0.72,0.0,0.20463648412349397
1837,0.72,0.02,0.2268109526976583
1838,0.72,0.04,0.24994778776862134
1839,0.72,0.06,0.2740162618478921
1840,0.72,0.08,0.29897646135410577
1841,0.72,0.1,0.3247789440481982
1842,0.72,0.12,0.3513645204765328
1843,0.72,0.14,0.3786641746561654
1844,0.72,0.16,0.4065991359028261
1845,0.72,0.18,0.4350811096180252
1846,0.72,0.2,0.46401267016092074
1847,0.72,0.22,0.49328781382312337
1848,0.72,0.24,0.5227926646285364
1849,0.72,0.26,0.5524063204511097
1850,0.72,0.28,0.5820018220505141
1851,0.72,0.3,0.6114472233371815
1852,0.72,0.32,0.640606737743974
1853,0.72,0.34,0.6693419332175405
1854,0.72,0.36,0.697512947213841
1855,0.72,0.38,0.7249796932919117
1856,0.72,0.4,0.7516030324770163
1857,0.72,0.42,0.7772458854591663
1858,0.72,0.44,0.8017742657756504
1859,0.72,0.46,0.8250582191905538
1860,0.72,0.48,0.846972660257067
1861,0.72,0.5,0.8673981032033095
1862,0.72,0.52,0.8862212904579847
1863,0.72,0.54,0.9033357279529614
1864,0.72,0.56,0.9186421414393672
1865,0.72,0.58,0.9320488720977725
1866,0.72,0.6,0.9434722324317327
1867,0.72,0.62,0.9528368446014227
1868,0.72,0.64,0.9600759828637199
1869,0.72,0.66,0.9651319396196042
1870,0.72,0.68,0.9679564308155617
1871,0.72,0.7000000000000001,0.9685110512903091
1872,0.72,0.72,0.9667677843815653
1873,0.72,0.74,0.9627095630671665
1874,0.72,0.76,0.9563308725253249
1875,0.72,0.78,0.9476383767083149
1876,0.72,0.8,0.9366515447870903
1877,0.72,0.8200000000000001,0.923403247575354
1878,0.72,0.84,0.9079402896673655
1879,0.72,0.86,0.8903238403402941
1880,0.72,0.88,0.8706297255046583
1881,0.72,0.9,0.8489485442559862
1882,0.72,0.92,0.8253855768952352
1883,0.72,0.9400000000000001,0.8000604565388266
1884,0.72,0.96,0.7731065834172611
1885,0.72,0.98,0.7446702693540147
1886,0.72,1.0,0.7149096093350144
1887,0.74,0.0,0.1843997712440117
1888,0.74,0.02,0.20561146392414334
1889,0.74,0.04,0.227801965460353
1890,0.74,0.06,0.25094706256097316
1891,0.74,0.08,0.27501368097396406
1892,0.74,0.1,0.2999595193368419
1893,0.74,0.12,0.3257327998184219
1894,0.74,0.14,0.35227214953006164
1895,0.74,0.16,0.379506623427139
1896,0.74,0.18,0.4073558754951382
1897,0.74,0.2,0.43573048056569846
1898,0.74,0.22,0.4645324043246357
1899,0.74,0.24,0.4936556141782721
1900,0.74,0.26,0.5229868188810958
1901,0.74,0.28,0.5524063204511097
1902,0.74,0.3,0.5817889581579505
1903,0.74,0.32,0.6110051214905523
1904,0.74,0.34,0.6399218071864601
1905,0.74,0.36,0.668403694773454
1906,0.74,0.38,0.6963142157122438
1907,0.74,0.4,0.7235165931411722
1908,0.74,0.42,0.7498748323381272
1909,0.74,0.44,0.7752546461829292
1910,0.74,0.46,0.7995243049057382
1911,0.74,0.48,0.8225554049627628
1912,0.74,0.5,0.844223557662257
1913,0.74,0.52,0.864409003815718
1914,0.74,0.54,0.8829971658483827
1915,0.74,0.56,0.8998791531220749
1916,0.74,0.58,0.9149522393927078
1917,0.74,0.6,0.9281203330942257
1918,0.74,0.62,0.9392944613377938
1919,0.74,0.64,0.9483932870585681
1920,0.74,0.66,0.9553436756514521
1921,0.74,0.68,0.9600813228336462
1922,0.74,0.7000000000000001,0.9625514495760927
1923,0.74,0.72,0.9627095630671665
1924,0.74,0.74,0.9605222751915586
1925,0.74,0.76,0.955968162357774
1926,0.74,0.78,0.9490386431478828
1927,0.74,0.8,0.9397388436512792
1928,0.74,0.8200000000000001,0.9280884149101198
1929,0.74,0.84,0.9141222630233476
1930,0.74,0.86,0.8978911504265542
1931,0.74,0.88,0.879462126887688
1932,0.74,0.9,0.8589187509254548
1933,0.74,0.92,0.8363610666435448
1934,0.74,0.9400000000000001,0.8119053072389076
1935,0.74,0.96,0.7856833044366437
1936,0.74,0.98,0.7578415924827135
1937,0.74,1.0,0.7285402056673084
1938,0.76,0.0,0.16502355914476055
1939,0.76,0.02,0.1852578770533993
1940,0.76,0.04,0.20648019169430074
1941,0.76,0.06,0.2286725553960482
1942,0.76,0.08,0.2518085565717848
1943,0.76,0.1,0.27585293419661194
1944,0.76,0.12,0.30076130054572864
1945,0.76,0.14,0.32647998485028557
1946,0.76,0.16,0.35294600738750387
1947,0.76,0.18,0.38008718979389366
1948,0.76,0.2,0.4078224032232966
1949,0.76,0.22,0.4360619515501589
1950,0.76,0.24,0.4647080823572223
1951,0.76,0.26,0.4936556141782721
1952,0.76,0.28,0.5227926646285364
1953,0.76,0.3,0.5520014608764394
1954,0.76,0.32,0.5811592115951174
1955,0.76,0.34,0.6101390182460076
1956,0.76,0.36,0.6388108034034665
1957,0.76,0.38,0.667042234879525
1958,0.76,0.4,0.6946996266320494
1959,0.76,0.42,0.7216488007448
1960,0.76,0.44,0.7477558989888918
1961,0.76,0.46,0.7728881373806897
1962,0.76,0.48,0.7969145024545724
1963,0.76,0.5,0.8197063933435165
1964,0.76,0.52,0.8411382188577124
1965,0.76,0.54,0.8610879632225625
1966,0.76,0.56,0.8794377376551693
1967,0.76,0.58,0.8960743372391848
1968,0.76,0.6,0.9108898233818031
1969,0.76,0.62,0.9237821513646498
1970,0.76,0.64,0.934655860086649
1971,0.76,0.66,0.9434228370963772
1972,0.76,0.68,0.9500031665801834
1973,0.76,0.7000000000000001,0.9543260613627375
1974,0.76,0.72,0.9563308725253249
1975,0.76,0.74,0.955968162357774
1976,0.76,0.76,0.95320081848091
1977,0.76,0.78,0.9480051795757806
1978,0.76,0.8,0.9403721366934399
1979,0.76,0.8200000000000001,0.9303081690191748
1980,0.76,0.84,0.9178362695905287
1981,0.76,0.86,0.9029967150981408
1982,0.76,0.88,0.8858476347089321
1983,0.76,0.9,0.8664653359052059
1984,0.76,0.92,0.8449443505739487
1985,0.76,0.9400000000000001,0.82139717183339
1986,0.76,0.96,0.7959536610647735
1987,0.76,0.98,0.7687601149480369
1988,0.76,1.0,0.7399779935283217
1989,0.78,0.0,0.14652430323681112
1990,0.78,0.02,0.1657727770041585
1991,0.78,0.04,0.18601171021230134
1992,0.78,0.06,0.2072291386073466
1993,0.78,0.08,0.22940509138822887
1994,0.78,0.1,0.2525111903142165
1995,0.78,0.12,0.2765103474717435
1996,0.78,0.14,0.30135657299261365
1997,0.78,0.16,0.326994901025831
1998,0.78,0.18,0.35336143877041004
1999,0.78,0.2,0.3803835395240785
2000,0.78,0.22,0.4079800966734329
2001,0.78,0.24,0.43606195155015887
2002,0.78,0.26,0.4645324043246357
2003,0.78,0.28,0.49328781382312337
2004,0.78,0.3,0.522218269545668
2005,0.78,0.32,0.5512083174098822
2006,0.78,0.34,0.5801377199913934
2007,0.78,0.36,0.6088822323629718
2008,0.78,0.38,0.6373143760770084
2009,0.78,0.4,0.6653041963477391
2010,0.78,0.42,0.692719990957714
2011,0.78,0.44,0.7194290036568657
2012,0.78,0.46,0.7452980796007228
2013,0.78,0.48,0.7701942853960858
2014,0.78,0.5,0.7939855012634275
2015,0.78,0.52,0.8165409973459243
2016,0.78,0.54,0.8377320099618758
2017,0.78,0.56,0.8574323363043628
2018,0.78,0.58,0.8755189674821597
2019,0.78,0.6,0.8918727796798349
2020,0.78,0.62,0.9063793014869601
2021,0.78,0.64,0.9189295720954961
2022,0.78,0.66,0.9294211001802087
2023,0.78,0.68,0.9377589270487943
2024,0.78,0.7000000000000001,0.9438567903586417
2025,0.78,0.72,0.9476383767083149
2026,0.78,0.74,0.9490386431478828
2027,0.78,0.76,0.9480051795757806
2028,0.78,0.78,0.9444995765760625
2029,0.78,0.8,0.9384987569586678
2030,0.78,0.8200000000000001,0.9299962245140535
2031,0.78,0.84,0.9190031806315119
2032,0.78,0.86,0.9055494587167776
2033,0.78,0.88,0.8896842279311364
2034,0.78,0.9,0.8714764216950659
2035,0.78,0.92,0.8510148525661768
2036,0.78,0.9400000000000001,0.8284079833063779
2037,0.78,0.96,0.8037833338799486
2038,0.78,0.98,0.7772865153626304
2039,0.78,1.0,0.7490798938104997
2040,0.8,0.0,0.12891173272616344
2041,0.8,0.02,0.14717183708594211
2042,0.8,0.04,0.16641869212540908
2043,0.8,0.06,0.18664600415294305
2044,0.8,0.08,0.20783997903779872
2045,0.8,0.1,0.22997890972192758
2046,0.8,0.12,0.25303285196266295
2047,0.8,0.14,0.2769633982087734
2048,0.8,0.16,0.30172355670154305
2049,0.8,0.18,0.3272577396579476
2050,0.8,0.2,0.3535018608806328
2051,0.8,0.22,0.38038353952407833
2052,0.8,0.24,0.4078224032232966
2053,0.8,0.26,0.43573048056569835
2054,0.8,0.28,0.46401267016092057
2055,0.8,0.3,0.49256727152417595
2056,0.8,0.32,0.521286561793694
2057,0.8,0.34,0.55005740206778
2058,0.8,0.36,0.5787618579349728
2059,0.8,0.38,0.6072778205836306
2060,0.8,0.4,0.6354796176509513
2061,0.8,0.42,0.6632386065749846
2062,0.8,0.44,0.6904237474521558
2063,0.8,0.46,0.7169021570273115
2064,0.8,0.48,0.7425396501600764
2065,0.8,0.5,0.7672012795997714
2066,0.8,0.52,0.7907518888321128
2067,0.8,0.54,0.813056695817238
2068,0.8,0.56,0.8339819273363867
2069,0.8,0.58,0.8533955241733484
2070,0.8,0.6,0.8711679363177561
2071,0.8,0.62,0.8871730247175985
2072,0.8,0.64,0.9012890818509401
2073,0.8,0.66,0.9133999776546866
2074,0.8,0.68,0.9233964303622092
2075,0.8,0.7000000000000001,0.9311773938724626
2076,0.8,0.72,0.9366515447870903
2077,0.8,0.74,0.9397388436512792
2078,0.8,0.76,0.9403721366934399
2079,0.8,0.78,0.9384987569586678
2080,0.8,0.8,0.934082077629874
2081,0.8,0.8200000000000001,0.9271029659376504
2082,0.8,0.84,0.9175610837101916
2083,0.8,0.86,0.9054759805470182
2084,0.8,0.88,0.8908879279422213
2085,0.8,0.9,0.8738584474402382
2086,0.8,0.92,0.8544704929610883
2087,0.8,0.9400000000000001,0.8328282565436405
2088,0.8,0.96,0.8090565775769535
2089,0.8,0.98,0.783299947681511
2090,0.8,1.0,0.7557211162558987
2091,0.8200000000000001,0.0,0.11218945278685875
2092,0.8200000000000001,0.02,0.12946435134434894
2093,0.8200000000000001,0.04,0.14771668814749844
2094,0.8200000000000001,0.06,0.16694549991889554
2095,0.8200000000000001,0.08,0.18714286641770458
2096,0.8200000000000001,0.1,0.20829348988796734
2097,0.8200000000000001,0.12,0.23037435171988777
2098,0.8200000000000001,0.14,0.2533544548313241
2099,0.8200000000000001,0.16,0.27719465766741097
2100,0.8200000000000001,0.18,0.301847602762928
2101,0.8200000000000001,0.2,0.3272577396579476
2102,0.8200000000000001,0.22,0.35336143877041
2103,0.8200000000000001,0.24,0.38008718979389355
2104,0.8200000000000001,0.26,0.4073558754951382
2105,0.8200000000000001,0.28,0.43508110961802515
2106,0.8200000000000001,0.3,0.4631696261242604
2107,0.8200000000000001,0.32,0.4915217063503347
2108,0.8200000000000001,0.34,0.5200316309269692
2109,0.8200000000000001,0.36,0.5485881445301052
2110,0.8200000000000001,0.38,0.577074923690672
2111,0.8200000000000001,0.4,0.6053710408994718
2112,0.8200000000000001,0.42,0.6333514219557933
2113,0.8200000000000001,0.44,0.6608872977172082
2114,0.8200000000000001,0.46,0.6878466558566083
2115,0.8200000000000001,0.48,0.7140947026267442
2116,0.8200000000000001,0.5,0.7394943486569069
2117,0.8200000000000001,0.52,0.763906736143156
2118,0.8200000000000001,0.54,0.78719182714269
2119,0.8200000000000001,0.56,0.8092090737830842
2120,0.8200000000000001,0.58,0.8298181908445222
2121,0.8200000000000001,0.6,0.8488800492390282
2122,0.8200000000000001,0.62,0.8662577053541722
2123,0.8200000000000001,0.64,0.881817576105446
2124,0.8200000000000001,0.66,0.8954307630060988
2125,0.8200000000000001,0.68,0.9069745208663361
2126,0.8200000000000001,0.7000000000000001,0.9163338582121252
2127,0.8200000000000001,0.72,0.923403247575354
2128,0.8200000000000001,0.74,0.9280884149101198
2129,0.8200000000000001,0.76,0.9303081690191748
2130,0.8200000000000001,0.78,0.9299962245140535
2131,0.8200000000000001,0.8,0.9271029659376504
2132,0.8200000000000001,0.8200000000000001,0.9215970966488959
2133,0.8200000000000001,0.84,0.9134671142254446
2134,0.8200000000000001,0.86,0.9027225547009059
2135,0.8200000000000001,0.88,0.8893949510212765
2136,0.8200000000000001,0.9,0.8735384566594178
2137,0.8200000000000001,0.92,0.8552300932189666
2138,0.8200000000000001,0.9400000000000001,0.83456959082146
2139,0.8200000000000001,0.96,0.8116788017258287
2140,0.8200000000000001,0.98,0.7867006805110497
2141,0.8200000000000001,1.0,0.7597978377277954
2142,0.84,0.0,0.09635551653677166
2143,0.84,0.02,0.11265374423487569
2144,0.84,0.04,0.12991506659362548
2145,0.84,0.06,0.14814348701007116
2146,0.84,0.08,0.167336621787045
2147,0.84,0.1,0.18748527479880633
2148,0.84,0.12,0.20857307799036587
2149,0.84,0.14,0.23057620483455302
2150,0.84,0.16,0.25346316148019404
2151,0.84,0.18,0.2771946576674111
2152,0.84,0.2,0.30172355670154316
2153,0.84,0.22,0.326994901025831
2154,0.84,0.24,0.35294600738750387
2155,0.84,0.26,0.379506623427139
2156,0.84,0.28,0.4065991359028261
2157,0.84,0.3,0.43413881983325686
2158,0.84,0.32,0.4620341177189997
2159,0.84,0.34,0.49018693874701974
2160,0.84,0.36,0.5184929695157987
2161,0.84,0.38,0.5468419902948218
2162,0.84,0.4,0.5751181940494569
2163,0.84,0.42,0.6032005092574546
2164,0.84,0.44,0.630962931699252
2165,0.84,0.46,0.6582748746588992
2166,0.84,0.48,0.6850015510320719
2167,0.84,0.5,0.7110044043932678
2168,0.84,0.52,0.7361416088204369
2169,0.84,0.54,0.7602686589297494
2170,0.84,0.56,0.7832390718970365
2171,0.84,0.58,0.8049052220584818
2172,0.84,0.6,0.825119325891814
2173,0.84,0.62,0.843734590770549
2174,0.84,0.64,0.8606065349443669
2175,0.84,0.66,0.8755944789130633
2176,0.84,0.68,0.8885632000076628
2177,0.84,0.7000000000000001,0.8993847329309019
2178,0.84,0.72,0.9079402896673655
2179,0.84,0.74,0.9141222630233476
2180,0.84,0.76,0.9178362695905287
2181,0.84,0.78,0.9190031806315119
2182,0.84,0.8,0.9175610837101916
2183,0.84,0.8200000000000001,0.9134671142254446
2184,0.84,0.84,0.9066990946569051
2185,0.84,0.86,0.8972569204955556
2186,0.84,0.88,0.8851636355891027
2187,0.84,0.9,0.8704661459351366
2188,0.84,0.92,0.8532355296288276
2189,0.84,0.9400000000000001,0.8335669114204165
2190,0.84,0.96,0.8115788827575153
2191,0.84,0.98,0.7874124617870116
2192,0.84,1.0,0.7612296020164885
2193,0.86,0.0,0.08140296559628565
2194,0.86,0.02,0.09673805750873482
2195,0.86,0.04,0.1130174382347548
2196,0.86,0.06,0.13024969450247564
2197,0.86,0.08,0.14843761179666518
2198,0.86,0.1,0.16757774726592098
2199,0.86,0.12,0.18766005693770246
2200,0.86,0.14,0.2086675830108034
2201,0.86,0.16,0.23057620483455296
2202,0.86,0.18,0.25335445483132424
2203,0.86,0.2,0.2769633982087735
2204,0.86,0.22,0.30135657299261354
2205,0.86,0.24,0.32647998485028557
2206,0.86,0.26,0.35227214953006164
2207,0.86,0.28,0.3786641746561653
2208,0.86,0.3,0.40557987222228503
2209,0.86,0.32,0.4329358935029709
2210,0.86,0.34,0.4606418793004844
2211,0.86,0.36,0.48860062045775865
2212,0.86,0.38,0.5167082263337787
2213,0.86,0.4,0.5448543023353725
2214,0.86,0.42,0.5729221414527138
2215,0.86,0.44,0.6007889388286525
2216,0.86,0.46,0.6283260424385114
2217,0.86,0.48,0.6553992566753783
2218,0.86,0.5,0.6818692187246701
2219,0.86,0.52,0.7075918697784135
2220,0.86,0.54,0.7324190441201409
2221,0.86,0.56,0.7561991986890684
2222,0.86,0.58,0.7787783037560336
2223,0.86,0.6,0.80000091174217
2224,0.86,0.62,0.8197114160037962
2225,0.86,0.64,0.8377555047092893
2226,0.86,0.66,0.8539818069580418
2227,0.86,0.68,0.8682437193410096
2228,0.86,0.7000000000000001,0.8804013915987895
2229,0.86,0.72,0.8903238403402941
2230,0.86,0.74,0.8978911504265542
2231,0.86,0.76,0.9029967150981408
2232,0.86,0.78,0.9055494587167776
2233,0.86,0.8,0.9054759805470182
2234,0.86,0.8200000000000001,0.9027225547009059
2235,0.86,0.84,0.8972569204955556
2236,0.86,0.86,0.8890697992098193
2237,0.86,0.88,0.8781760776284699
2238,0.86,0.9,0.8646156057585724
2239,0.86,0.92,0.8484535654924625
2240,0.86,0.9400000000000001,0.8297803784538271
2241,0.86,0.96,0.8087111343704437
2242,0.86,0.98,0.7853845355561491
2243,0.86,1.0,0.7599613678821003
2244,0.88,0.0,0.0673203398317741
2245,0.88,0.02,0.08171041571373526
2246,0.88,0.04,0.09702207027666987
2247,0.88,0.06,0.11326807484483185
2248,0.88,0.08,0.13045599162196064
2249,0.88,0.1,0.14858774760565974
2250,0.88,0.12,0.16765925133606446
2251,0.88,0.14,0.18766005693770246
2252,0.88,0.16,0.20857307799036587
2253,0.88,0.18,0.23037435171988785
2254,0.88,0.2,0.25303285196266306
2255,0.88,0.22,0.2765103474717435
2256,0.88,0.24,0.30076130054572864
2257,0.88,0.26,0.3257327998184219
2258,0.88,0.28,0.3513645204765328
2259,0.88,0.3,0.3775887052783772
2260,0.88,0.32,0.4043301605970151
2261,0.88,0.34,0.4315062633309269
2262,0.88,0.36,0.45902697688780814
2263,0.88,0.38,0.4867948774714259
2264,0.88,0.4,0.5147051954516176
2265,0.88,0.42,0.5426458804852123
2266,0.88,0.44,0.5704977030475274
2267,0.88,0.46,0.5981344088621009
2268,0.88,0.48,0.6254229460916817
2269,0.88,0.5,0.6522237877832311
2270,0.88,0.52,0.6783913736648497
2271,0.88,0.54,0.7037746957272631
2272,0.88,0.56,0.7282180508924023
2273,0.88,0.58,0.7515619813504448
2274,0.88,0.6,0.7736444187900534
2275,0.88,0.62,0.7943020428013394
2276,0.88,0.64,0.8133718563400998
2277,0.88,0.66,0.8306929725427123
2278,0.88,0.68,0.8461085976991533
2279,0.88,0.7000000000000001,0.8594681852274935
2280,0.88,0.72,0.8706297255046583
2281,0.88,0.74,0.879462126887688
2282,0.88,0.76,0.8858476347089321
2283,0.88,0.78,0.8896842279311364
2284,0.88,0.8,0.8908879279422213
2285,0.88,0.8200000000000001,0.8893949510212765
2286,0.88,0.84,0.8851636355891027
2287,0.88,0.86,0.8781760776284699
2288,0.88,0.88,0.8684394126563298
2289,0.88,0.9,0.8559866902575107
2290,0.88,0.92,0.8408772972231899
2291,0.88,0.9400000000000001,0.8231968974339268
2292,0.88,0.96,0.8030568703378673
2293,0.88,0.98,0.7805932446681366
2294,0.88,1.0,0.7559651393302438
2295,0.9,0.0,0.054092158153029604
2296,0.9,0.02,0.06755947266728936
2297,0.9,0.04,0.08192229233317623
2298,0.9,0.06,0.09719716331096954
2299,0.9,0.08,0.11339601214196798
2300,0.9,0.1,0.1305257231782245
2301,0.9,0.12,0.14858774760565974
2302,0.9,0.14,0.16757774726592098
2303,0.9,0.16,0.18748527479880633
2304,0.9,0.18,0.20829348988796742
2305,0.9,0.2,0.22997890972192767
2306,0.9,0.22,0.2525111903142165
2307,0.9,0.24,0.27585293419661194
2308,0.9,0.26,0.29995951933684184
2309,0.9,0.28,0.3247789440481981
2310,0.9,0.3,0.350251683237963
2311,0.9,0.32,0.376310552632712
2312,0.9,0.34,0.4028805796258548
2313,0.9,0.36,0.42987888207100294
2314,0.9,0.38,0.45721455959614715
2315,0.9,0.4,0.4847886056882555
2316,0.9,0.42,0.512493852697492
2317,0.9,0.44,0.5402149657957547
2318,0.9,0.46,0.5678285055267966
2319,0.9,0.48,0.5952030816203175
2320,0.9,0.5,0.6221996229263376
2321,0.9,0.52,0.648671789393947
2322,0.9,0.54,0.6744665517424081
2323,0.9,0.56,0.6994249626797235
2324,0.9,0.58,0.7233831401119403
2325,0.9,0.6,0.7461734777365788
2326,0.9,0.62,0.7676260917982336
2327,0.9,0.64,0.7875705047710532
2328,0.9,0.66,0.8058375575817928
2329,0.9,0.68,0.8222615320435249
2330,0.9,0.7000000000000001,0.8366824548502916
2331,0.9,0.72,0.8489485442559862
2332,0.9,0.74,0.8589187509254548
2333,0.9,0.76,0.8664653359052059
2334,0.9,0.78,0.8714764216950659
2335,0.9,0.8,0.8738584474402382
2336,0.9,0.8200000000000001,0.8735384566594178
2337,0.9,0.84,0.8704661459351366
2338,0.9,0.86,0.8646156057585724
2339,0.9,0.88,0.8559866902575107
2340,0.9,0.9,0.8446059607268753
2341,0.9,0.92,0.8305271584815757
2342,0.9,0.9400000000000001,0.8138311751977392
2343,0.9,0.96,0.794625503134328
2344,0.9,0.98,0.7730431628854205
2345,0.9,1.0,0.7492411220023091
2346,0.92,0.0,0.04169937298286694
2347,0.92,0.02,0.054269841696341456
2348,0.92,0.04,0.06770689735553663
2349,0.92,0.06,0.08203044461790954
2350,0.92,0.08,0.09725634741302189
2351,0.92,0.1,0.11339601214196798
2352,0.92,0.12,0.13045599162196062
2353,0.92,0.14,0.14843761179666504
2354,0.92,0.16,0.16733662178704486
2355,0.92,0.18,0.18714286641770458
2356,0.92,0.2,0.20783997903779872
2357,0.92,0.22,0.2294050913882288
2358,0.92,0.24,0.25180855657178475
2359,0.92,0.26,0.27501368097396406
2360,0.92,0.28,0.2989764613541057
2361,0.92,0.3,0.3236453243455136
2362,0.92,0.32,0.34896086729898135
2363,0.92,0.34,0.3748556017625133
2364,0.92,0.36,0.4012537038486122
2365,0.92,0.38,0.4280707791865073
2366,0.92,0.4,0.45521365392811175
2367,0.92,0.42,0.48258020716675043
2368,0.92,0.44,0.5100592638936805
2369,0.92,0.46,0.5375305709908563
2370,0.92,0.48,0.564864881460084
2371,0.92,0.5,0.5919241738448303
2372,0.92,0.52,0.6185620343607592
2373,0.92,0.54,0.6446242284046806
2374,0.92,0.56,0.6699494857069502
2375,0.92,0.58,0.6943705193499281
2376,0.92,0.6,0.7177152931995318
2377,0.92,0.62,0.7398085450842089
2378,0.92,0.64,0.7604735644955544
2379,0.92,0.66,0.7795342139575443
2380,0.92,0.68,0.7968171728788687
2381,0.92,0.7000000000000001,0.8121543720944265
2382,0.92,0.72,0.8253855768952352
2383,0.92,0.74,0.8363610666435448
2384,0.92,0.76,0.8449443505739487
2385,0.92,0.78,0.8510148525661768
2386,0.92,0.8,0.8544704929610883
2387,0.92,0.8200000000000001,0.8552300932189666
2388,0.92,0.84,0.8532355296288276
2389,0.92,0.86,0.8484535654924625
2390,0.92,0.88,0.8408772972231899
2391,0.92,0.9,0.8305271584815757
2392,0.92,0.92,0.8174514375555659
2393,0.92,0.9400000000000001,0.801726276299986
2394,0.92,0.96,0.7834551335989844
2395,0.92,0.98,0.7627677119452099
2396,0.92,1.0,0.7398183617303469
2397,0.9400000000000001,0.0,0.030119801308859582
2398,0.9400000000000001,0.02,0.04182251243338648
2399,0.9400000000000001,0.04,0.05436054014725778
2400,0.9400000000000001,0.06,0.0677567291368473
2401,0.9400000000000001,0.08,0.08203044461790952
2402,0.9400000000000001,0.1,0.09719716331096954
2403,0.9400000000000001,0.12,0.11326807484483173
2404,0.9400000000000001,0.14,0.13024969450247562
2405,0.9400000000000001,0.16,0.14814348701007116
2406,0.9400000000000001,0.18,0.1669454999188956
2407,0.9400000000000001,0.2,0.18664600415294305
2408,0.9400000000000001,0.22,0.2072291386073465
2409,0.9400000000000001,0.24,0.22867255539604817
2410,0.9400000000000001,0.26,0.25094706256097316
2411,0.9400000000000001,0.28,0.2740162618478921
2412,0.9400000000000001,0.3,0.29783618057531913
2413,0.9400000000000001,0.32,0.32235489868431483
2414,0.9400000000000001,0.34,0.34751217472796414
2415,0.9400000000000001,0.36,0.37323907776166027
2416,0.9400000000000001,0.38,0.3994576357031295
2417,0.9400000000000001,0.4,0.42608051457213947
2418,0.9400000000000001,0.42,0.4530107468808916
2419,0.9400000000000001,0.44,0.4801415310815785
2420,0.9400000000000001,0.46,0.5073561271211161
2421,0.9400000000000001,0.48,0.5345278755316812
2422,0.9400000000000001,0.5,0.5615203688360767
2423,0.9400000000000001,0.52,0.5881878041326416
2424,0.9400000000000001,0.54,0.6143755443529979
2425,0.9400000000000001,0.56,0.6399209127251789
2426,0.9400000000000001,0.58,0.6646542403663999
2427,0.9400000000000001,0.6,0.6884001807003284
2428,0.9400000000000001,0.62,0.7109792966603753
2429,0.9400000000000001,0.64,0.7322099176126395
2430,0.9400000000000001,0.66,0.7519102529070404
2431,0.9400000000000001,0.68,0.7699007383186622
2432,0.9400000000000001,0.7000000000000001,0.7860065808126876
2433,0.9400000000000001,0.72,0.8000604565388266
2434,0.9400000000000001,0.74,0.8119053072389076
2435,0.9400000000000001,0.76,0.82139717183339
2436,0.9400000000000001,0.78,0.8284079833063779
2437,0.9400000000000001,0.8,0.8328282565436405
2438,0.9400000000000001,0.8200000000000001,0.83456959082146
2439,0.9400000000000001,0.84,0.8335669114204165
2440,0.9400000000000001,0.86,0.8297803784538271
2441,0.9400000000000001,0.88,0.8231968974339268
2442,0.9400000000000001,0.9,0.8138311751977392
2443,0.9400000000000001,0.92,0.801726276299986
2444,0.9400000000000001,0.9400000000000001,0.7869536484577482
2445,0.9400000000000001,0.96,0.76961260060806
2446,0.9400000000000001,0.98,0.7498292330468487
2447,0.9400000000000001,1.0,0.7277548353386308
2448,0.96,0.0,0.019328535139690007
2449,0.96,0.02,0.03019525659752854
2450,0.96,0.04,0.04186413543589695
2451,0.96,0.06,0.05436054014725782
2452,0.96,0.08,0.06770689735553664
2453,0.96,0.1,0.08192229233317626
2454,0.96,0.12,0.09702207027666983
2455,0.96,0.14,0.11301743823475484
2456,0.96,0.16,0.12991506659362548
2457,0.96,0.18,0.14771668814749855
2458,0.96,0.2,0.1664186921254092
2459,0.96,0.22,0.18601171021230145
2460,0.96,0.24,0.20648019169430082
2461,0.96,0.26,0.22780196546035303
2462,0.96,0.28,0.24994778776862148
2463,0.96,0.3,0.2728808764693515
2464,0.96,0.32,0.296556434762446
2465,0.96,0.34,0.3209211705115147
2466,0.96,0.36,0.34591282054505806
2467,0.96,0.38,0.3714596931122786
2468,0.96,0.4,0.3974802455451739
2469,0.96,0.42,0.4238827179919665
2470,0.96,0.44,0.4505648475830065
2471,0.96,0.46,0.47741369030570524
2472,0.96,0.48,0.5043055799340408
2473,0.96,0.5,0.5311062543282848
2474,0.96,0.52,0.5576711790696113
2475,0.96,0.54,0.5838460965466773
2476,0.96,0.56,0.6094678251536683
2477,0.96,0.58,0.6343653281532707
2478,0.96,0.6,0.6583610650497135
2479,0.96,0.62,0.6812726301424252
2480,0.96,0.64,0.702914673516282
2481,0.96,0.66,0.72310108938143
2482,0.96,0.68,0.7416474457909519
2483,0.96,0.7000000000000001,0.7583736187845578
2484,0.96,0.72,0.7731065834172611
2485,0.96,0.74,0.7856833044366437
2486,0.96,0.76,0.7959536610647735
2487,0.96,0.78,0.8037833338799486
2488,0.96,0.8,0.8090565775769535
2489,0.96,0.8200000000000001,0.8116788017258287
2490,0.96,0.84,0.8115788827575153
2491,0.96,0.86,0.8087111343704437
2492,0.96,0.88,0.8030568703378673
2493,0.96,0.9,0.794625503134328
2494,0.96,0.92,0.7834551335989844
2495,0.96,0.9400000000000001,0.76961260060806
2496,0.96,0.96,0.7531929749371642
2497,0.96,0.98,0.7343184975828262
2498,0.96,1.0,0.7131369791616701
2499,0.98,0.0,0.009298333810068246
2500,0.98,0.02,0.019363024571729344
2501,0.98,0.04,0.030195256597528496
2502,0.98,0.06,0.04182251243338652
2503,0.98,0.08,0.054269841696341546
2504,0.98,0.1,0.06755947266728936
2505,0.98,0.12,0.08171041571373527
2506,0.98,0.14,0.09673805750873482
2507,0.98,0.16,0.11265374423487569
2508,0.98,0.18,0.12946435134434903
2509,0.98,0.2,0.1471718370859422
2510,0.98,0.22,0.16577277700415854
2511,0.98,0.24,0.1852578770533993
2512,0.98,0.26,0.20561146392414334
2513,0.98,0.28,0.22681095269765839
2514,0.98,0.3,0.24882629404951928
2515,0.98,0.32,0.2716194058917382
2516,0.98,0.34,0.29514359751883507
2517,0.98,0.36,0.31934299790119713
2518,0.98,0.38,0.3441520036026061
2519,0.98,0.4,0.3694947657006209
2520,0.98,0.42,0.39528473883730214
2521,0.98,0.44,0.4214243188774123
2522,0.98,0.46,0.44780459834265635
2523,0.98,0.48,0.4743052705658017
2524,0.98,0.5,0.5007947141264711
2525,0.98,0.52,0.5271302883828857
2526,0.98,0.54,0.5531588686416093
2527,0.98,0.56,0.5787176456146155
2528,0.98,0.58,0.6036352082794434
2529,0.98,0.6,0.6277329221476852
2530,0.98,0.62,0.6508266064118908
2531,0.98,0.64,0.6727285037216836
2532,0.98,0.66,0.693249525759334
2533,0.98,0.68,0.7122017467378472
2534,0.98,0.7000000000000001,0.7294011058812754
2535,0.98,0.72,0.7446702693540147
2536,0.98,0.74,0.7578415924827135
2537,0.98,0.76,0.7687601149480369
2538,0.98,0.78,0.7772865153626304
2539,0.98,0.8,0.783299947681511
2540,0.98,0.8200000000000001,0.7867006805110497
2541,0.98,0.84,0.7874124617870116
2542,0.98,0.86,0.7853845355561491
2543,0.98,0.88,0.7805932446681366
2544,0.98,0.9,0.7730431628854205
2545,0.98,0.92,0.7627677119452099
2546,0.98,0.9400000000000001,0.7498292330468487
2547,0.98,0.96,0.7343184975828262
2548,0.98,0.98,0.716353658106638
2549,0.98,1.0,0.696078656916668
2550,1.0,0.0,0.0
2551,1.0,0.02,0.009298333810068246
2552,1.0,0.04,0.019328535139690028
2553,1.0,0.06,0.030119801308859582
2554,1.0,0.08,0.04169937298286696
2555,1.0,0.1,0.054092158153029604
2556,1.0,0.12,0.06732033983177413
2557,1.0,0.14,0.08140296559628565
2558,1.0,0.16,0.09635551653677166
2559,1.0,0.18,0.11218945278685884
2560,1.0,0.2,0.1289117327261635
2561,1.0,0.22,0.14652430323681112
2562,1.0,0.24,0.1650235591447606
2563,1.0,0.26,0.1843997712440117
2564,1.0,0.28,0.20463648412349397
2565,1.0,0.3,0.22570988739788722
2566,1.0,0.32,0.24758816685356816
2567,1.0,0.34,0.27023084538767683
2568,1.0,0.36,0.2935881273283883
2569,1.0,0.38,0.3176002636231321
2570,1.0,0.4,0.342196959276663
2571,1.0,0.42,0.36729684808960966
2572,1.0,0.44,0.39280706294613765
2573,1.0,0.46,0.41862293237280784
2574,1.0,0.48,0.4446278355902642
2575,1.0,0.5,0.4706932485752919
2576,1.0,0.52,0.4966790125487446
2577,1.0,0.54,0.5224338536611083
2578,1.0,0.56,0.5477961783826193
2579,1.0,0.58,0.5725951632149862
2580,1.0,0.6,0.596652149906258
2581,1.0,0.62,0.6197823485354684
2582,1.0,0.64,0.6417968408912907
2583,1.0,0.66,0.6625048658304047
2584,1.0,0.68,0.6817163571661832
2585,1.0,0.7000000000000001,0.6992446935584876
2586,1.0,0.72,0.7149096093350144
2587,1.0,0.74,0.7285402056673084
2588,1.0,0.76,0.7399779935283217
2589,1.0,0.78,0.7490798938104997
2590,1.0,0.8,0.7557211162558987
2591,1.0,0.8200000000000001,0.7597978377277954
2592,1.0,0.84,0.7612296020164885
2593,1.0,0.86,0.7599613678821003
2594,1.0,0.88,0.7559651393302438
2595,1.0,0.9,0.7492411220023091
2596,1.0,0.92,0.7398183617303469
2597,1.0,0.9400000000000001,0.7277548353386308
2598,1.0,0.96,0.7131369791616701
2599,1.0,0.98,0.696078656916668
2600,1.0,1.0,0.6767195849021153
