,X,Y,f_H
0,0.0,0.0,0.9104536202640267
1,0.0,0.02,0.9254452962326546
2,0.0,0.04,0.9374498440154391
3,0.0,0.06,0.9461797721203226
4,0.0,0.08,0.9514168496520102
5,0.0,0.1,0.953019657555843
6,0.0,0.12,0.9509279900075883
7,0.0,0.14,0.9451638297211784
8,0.0,0.16,0.9358288113539526
9,0.0,0.18,0.9230982861897329
10,0.0,0.2,0.9072122953005948
11,0.0,0.22,0.8884639342659912
12,0.0,0.24,0.8671857385821794
13,0.0,0.26,0.8437348258334012
14,0.0,0.28,0.8184775922721355
15,0.0,0.3,0.7917747748208912
16,0.0,0.32,0.7639676552447346
17,0.0,0.34,0.7353661050946785
18,0.0,0.36,0.7062390543712065
19,0.0,0.38,0.6768078220385381
20,0.0,0.4,0.6472425820443278
21,0.0,0.42,0.6176620642871805
22,0.0,0.44,0.5881364156760349
23,0.0,0.46,0.5586929808821525
24,0.0,0.48,0.5293246132600924
25,0.0,0.5,0.5
26,0.0,0.52,0.4706753867399076
27,0.0,0.54,0.44130701911784753
28,0.0,0.56,0.4118635843239651
29,0.0,0.58,0.38233793571281954
30,0.0,0.6,0.352757417955672
31,0.0,0.62,0.3231921779614619
32,0.0,0.64,0.2937609456287935
33,0.0,0.66,0.26463389490532147
34,0.0,0.68,0.2360323447552653
35,0.0,0.7000000000000001,0.2082252251791087
36,0.0,0.72,0.18152240772786468
37,0.0,0.74,0.1562651741665987
38,0.0,0.76,0.13281426141782068
39,0.0,0.78,0.1115360657340088
40,0.0,0.8,0.0927877046994051
41,0.0,0.8200000000000001,0.0769017138102671
42,0.0,0.84,0.06417118864604737
43,0.0,0.86,0.05483617027882169
44,0.0,0.88,0.04907200999241173
45,0.0,0.9,0.046980342444157046
46,0.0,0.92,0.04858315034798973
47,0.0,0.9400000000000001,0.053820227879677385
48,0.0,0.96,0.0625501559845609
49,0.0,0.98,0.0745547037673454
50,0.0,1.0,0.08954637973597337
51,0.02,0.0,0.9254452962326546
52,0.02,0.02,0.9409845379608531
53,0.02,0.04,0.9534275476833658
54,0.02,0.06,0.9624763333812064
55,0.02,0.08,0.9679046933513997
56,0.02,0.1,0.9695660432574172
57,0.02,0.12,0.9673979782781996
58,0.02,0.14,0.9614232840386735
59,0.02,0.16,0.9517473073667492
60,0.02,0.18,0.938551804191007
61,0.02,0.2,0.9220855830003375
62,0.02,0.22,0.9026524445884682
63,0.02,0.24,0.8805970701951993
64,0.02,0.26,0.8562896210005443
65,0.02,0.28,0.8301098757528889
66,0.02,0.3,0.8024317471655875
67,0.02,0.32,0.7736089822016805
68,0.02,0.34,0.7439627703629924
69,0.02,0.36,0.7137718642249009
70,0.02,0.38,0.6832656663499505
71,0.02,0.4,0.6526205662301484
72,0.02,0.42,0.6219596303324225
73,0.02,0.44,0.591355567657205
74,0.02,0.46,0.5608367216303815
75,0.02,0.48,0.5303956845777673
76,0.02,0.5,0.5
77,0.02,0.52,0.46960431542223263
78,0.02,0.54,0.43916327836961844
79,0.02,0.56,0.40864443234279485
80,0.02,0.58,0.3780403696675777
81,0.02,0.6,0.34737943376985153
82,0.02,0.62,0.3167343336500496
83,0.02,0.64,0.28622813577509915
84,0.02,0.66,0.2560372296370076
85,0.02,0.68,0.2263910177983195
86,0.02,0.7000000000000001,0.19756825283441243
87,0.02,0.72,0.16989012424711128
88,0.02,0.74,0.1437103789994558
89,0.02,0.76,0.1194029298048008
90,0.02,0.78,0.09734755541153188
91,0.02,0.8,0.07791441699966246
92,0.02,0.8200000000000001,0.06144819580899287
93,0.02,0.84,0.048252692633250945
94,0.02,0.86,0.03857671596132655
95,0.02,0.88,0.03260202172180032
96,0.02,0.9,0.030433956742582802
97,0.02,0.92,0.03209530664860031
98,0.02,0.9400000000000001,0.03752366661879374
99,0.02,0.96,0.046572452316634184
100,0.02,0.98,0.059015462039146836
101,0.02,1.0,0.0745547037673454
102,0.04,0.0,0.9374498440154391
103,0.04,0.02,0.9534275476833658
104,0.04,0.04,0.9662216547293141
105,0.04,0.06,0.9755257648630993
106,0.04,0.08,0.9811072937770355
107,0.04,0.1,0.9828155210477983
108,0.04,0.12,0.9805862810130105
109,0.04,0.14,0.9744430022266082
110,0.04,0.16,0.9644940040279876
111,0.04,0.18,0.9509261708493197
112,0.04,0.2,0.9339953316670172
113,0.04,0.22,0.9140138594488969
114,0.04,0.24,0.8913361611091285
115,0.04,0.26,0.8663428424550654
116,0.04,0.28,0.8394243982358863
117,0.04,0.3,0.8109652916471675
118,0.04,0.32,0.7813292511286707
119,0.04,0.34,0.7508465290035897
120,0.04,0.36,0.7198037432500703
121,0.04,0.38,0.6884367693522003
122,0.04,0.4,0.6569269738838918
123,0.04,0.42,0.6254008958085265
124,0.04,0.44,0.5939332957150201
125,0.04,0.46,0.5625533167795742
126,0.04,0.48,0.5312533423098784
127,0.04,0.5,0.5
128,0.04,0.52,0.46874665769012147
129,0.04,0.54,0.4374466832204257
130,0.04,0.56,0.4060667042849799
131,0.04,0.58,0.37459910419147363
132,0.04,0.6,0.3430730261161082
133,0.04,0.62,0.3115632306477996
134,0.04,0.64,0.2801962567499297
135,0.04,0.66,0.24915347099641022
136,0.04,0.68,0.21867074887132928
137,0.04,0.7000000000000001,0.1890347083528325
138,0.04,0.72,0.16057560176411376
139,0.04,0.74,0.13365715754493468
140,0.04,0.76,0.1086638388908715
141,0.04,0.78,0.08598614055110303
142,0.04,0.8,0.06600466833298275
143,0.04,0.8200000000000001,0.04907382915068025
144,0.04,0.84,0.03550599597201256
145,0.04,0.86,0.025556997773391852
146,0.04,0.88,0.01941371898698949
147,0.04,0.9,0.01718447895220161
148,0.04,0.92,0.018892706222964503
149,0.04,0.9400000000000001,0.02447423513690083
150,0.04,0.96,0.03377834527068591
151,0.04,0.98,0.046572452316634184
152,0.04,1.0,0.0625501559845609
153,0.06,0.0,0.9461797721203226
154,0.06,0.02,0.9624763333812064
155,0.06,0.04,0.9755257648630993
156,0.06,0.06,0.9850155516262376
157,0.06,0.08,0.9907084678153107
158,0.06,0.1,0.9924507851685473
159,0.06,0.12,0.9901770575073527
160,0.06,0.14,0.9839111809354735
161,0.06,0.16,0.9737636364573701
162,0.06,0.18,0.9599250380474209
163,0.06,0.2,0.9426563201097847
164,0.06,0.22,0.9222760894550567
165,0.06,0.24,0.8991458256868194
166,0.06,0.26,0.8736537301376737
167,0.06,0.28,0.846198090429815
168,0.06,0.3,0.8171710422636841
169,0.06,0.32,0.7869435727926359
170,0.06,0.34,0.7558525249903745
171,0.06,0.36,0.7241902367007107
172,0.06,0.38,0.6921972906354201
173,0.06,0.4,0.6600586727939844
174,0.06,0.42,0.6279034474031222
175,0.06,0.44,0.5958078670046556
176,0.06,0.46,0.5638016563679373
177,0.06,0.48,0.5318770467988276
178,0.06,0.5,0.5
179,0.06,0.52,0.46812295320117225
180,0.06,0.54,0.4361983436320627
181,0.06,0.56,0.4041921329953443
182,0.06,0.58,0.37209655259687807
183,0.06,0.6,0.33994132720601555
184,0.06,0.62,0.3078027093645798
185,0.06,0.64,0.2758097632992893
186,0.06,0.66,0.2441474750096254
187,0.06,0.68,0.21305642720736412
188,0.06,0.7000000000000001,0.18282895773631588
189,0.06,0.72,0.15380190957018505
190,0.06,0.74,0.12634626986232633
191,0.06,0.76,0.10085417431318054
192,0.06,0.78,0.07772391054494329
193,0.06,0.8,0.05734367989021527
194,0.06,0.8200000000000001,0.04007496195257902
195,0.06,0.84,0.026236363542630033
196,0.06,0.86,0.016088819064526496
197,0.06,0.88,0.009822942492647242
198,0.06,0.9,0.007549214831452676
199,0.06,0.92,0.009291532184689165
200,0.06,0.9400000000000001,0.0149844483737625
201,0.06,0.96,0.024474235136900776
202,0.06,0.98,0.03752366661879369
203,0.06,1.0,0.05382022787967733
204,0.08,0.0,0.9514168496520102
205,0.08,0.02,0.9679046933513997
206,0.08,0.04,0.9811072937770355
207,0.08,0.06,0.9907084678153107
208,0.08,0.08,0.9964682051498653
209,0.08,0.1,0.9982309731188264
210,0.08,0.12,0.9959305573628511
211,0.08,0.14,0.989591134468477
212,0.08,0.16,0.9793244822214681
213,0.08,0.18,0.9653234519458646
214,0.08,0.2,0.947852040788223
215,0.08,0.22,0.9272325952368957
216,0.08,0.24,0.9038308377967087
217,0.08,0.26,0.8780395263503437
218,0.08,0.28,0.8502616234588609
219,0.08,0.3,0.8208938675527989
220,0.08,0.32,0.7903116002825267
221,0.08,0.34,0.7588556183482046
222,0.08,0.36,0.7268216909369023
223,0.08,0.38,0.6944532246228681
224,0.08,0.4,0.6619373766963548
225,0.08,0.42,0.629404726287723
226,0.08,0.44,0.596932420960261
227,0.08,0.46,0.5645505343806295
228,0.08,0.48,0.5322512066689028
229,0.08,0.5,0.5
230,0.08,0.52,0.46774879333109715
231,0.08,0.54,0.4354494656193704
232,0.08,0.56,0.403067579039739
233,0.08,0.58,0.37059527371227713
234,0.08,0.6,0.3380626233036453
235,0.08,0.62,0.305546775377132
236,0.08,0.64,0.2731783090630977
237,0.08,0.66,0.24114438165179547
238,0.08,0.68,0.20968839971747333
239,0.08,0.7000000000000001,0.17910613244720094
240,0.08,0.72,0.14973837654113914
241,0.08,0.74,0.12196047364965638
242,0.08,0.76,0.09616916220329128
243,0.08,0.78,0.07276740476310431
244,0.08,0.8,0.052147959211776916
245,0.08,0.8200000000000001,0.034676548054135496
246,0.08,0.84,0.020675517778532045
247,0.08,0.86,0.010408865531522949
248,0.08,0.88,0.004069442637149005
249,0.08,0.9,0.0017690268811736327
250,0.08,0.92,0.0035317948501346944
251,0.08,0.9400000000000001,0.009291532184689165
252,0.08,0.96,0.018892706222964448
253,0.08,0.98,0.032095306648600254
254,0.08,1.0,0.04858315034798968
255,0.1,0.0,0.953019657555843
256,0.1,0.02,0.9695660432574172
257,0.1,0.04,0.9828155210477983
258,0.1,0.06,0.9924507851685473
259,0.1,0.08,0.9982309731188264
260,0.1,0.1,1.0
261,0.1,0.12,0.9976914163509594
262,0.1,0.14,0.9913294846000185
263,0.1,0.16,0.9810263794129382
264,0.1,0.18,0.966975636854763
265,0.1,0.2,0.9494421914245502
266,0.1,0.22,0.9287495341392618
267,0.1,0.24,0.9052646860439131
268,0.1,0.26,0.8793817995536204
269,0.1,0.28,0.8515052679947748
270,0.1,0.3,0.8220332384637465
271,0.1,0.32,0.7913423853049862
272,0.1,0.34,0.7597747152568818
273,0.1,0.36,0.7276270476693207
274,0.1,0.38,0.6951436533598361
275,0.1,0.4,0.6625123541423559
276,0.1,0.42,0.6298641927835953
277,0.1,0.44,0.5972765907682168
278,0.1,0.46,0.5647797285429247
279,0.1,0.48,0.5323657183203773
280,0.1,0.5,0.5
281,0.1,0.52,0.4676342816796227
282,0.1,0.54,0.4352202714570753
283,0.1,0.56,0.4027234092317831
284,0.1,0.58,0.37013580721640493
285,0.1,0.6,0.33748764585764407
286,0.1,0.62,0.304856346640164
287,0.1,0.64,0.2723729523306792
288,0.1,0.66,0.24022528474311816
289,0.1,0.68,0.20865761469501382
290,0.1,0.7000000000000001,0.17796676153625338
291,0.1,0.72,0.1484947320052254
292,0.1,0.74,0.12061820044637953
293,0.1,0.76,0.09473531395608709
294,0.1,0.78,0.07125046586073824
295,0.1,0.8,0.05055780857544968
296,0.1,0.8200000000000001,0.03302436314523702
297,0.1,0.84,0.018973620587061743
298,0.1,0.86,0.00867051539998156
299,0.1,0.88,0.00230858364904055
300,0.1,0.9,0.0
301,0.1,0.92,0.0017690268811736327
302,0.1,0.9400000000000001,0.007549214831452676
303,0.1,0.96,0.01718447895220161
304,0.1,0.98,0.030433956742582747
305,0.1,1.0,0.04698034244415699
306,0.12,0.0,0.9509279900075883
307,0.12,0.02,0.9673979782781996
308,0.12,0.04,0.9805862810130105
309,0.12,0.06,0.9901770575073527
310,0.12,0.08,0.9959305573628511
311,0.12,0.1,0.9976914163509594
312,0.12,0.12,0.9953934918188482
313,0.12,0.14,0.9890609341711402
314,0.12,0.16,0.9788054001443985
315,0.12,0.18,0.9648195322152766
316,0.12,0.2,0.9473670416359269
317,0.12,0.22,0.9267699258111666
318,0.12,0.24,0.9033935111884439
319,0.12,0.26,0.8776301303152344
320,0.12,0.28,0.8498823093662861
321,0.12,0.3,0.8205463571262166
322,0.12,0.32,0.7899972087710111
323,0.12,0.34,0.7585752919367295
324,0.12,0.36,0.7265760555086632
325,0.12,0.38,0.694242642465115
326,0.12,0.4,0.6617620074152758
327,0.12,0.42,0.6292645880794832
328,0.12,0.44,0.596827448474453
329,0.12,0.46,0.5644806296987177
330,0.12,0.48,0.5322162803841696
331,0.12,0.5,0.5
332,0.12,0.52,0.46778371961583043
333,0.12,0.54,0.43551937030128224
334,0.12,0.56,0.40317255152554704
335,0.12,0.58,0.37073541192051707
336,0.12,0.6,0.33823799258472426
337,0.12,0.62,0.30575735753488503
338,0.12,0.64,0.2734239444913367
339,0.12,0.66,0.24142470806327054
340,0.12,0.68,0.2100027912289889
341,0.12,0.7000000000000001,0.17945364287378332
342,0.12,0.72,0.150117690633714
343,0.12,0.74,0.12236986968476568
344,0.12,0.76,0.09660648881155613
345,0.12,0.78,0.07323007418883352
346,0.12,0.8,0.05263295836407296
347,0.12,0.8200000000000001,0.03518046778472334
348,0.12,0.84,0.021194599855601473
349,0.12,0.86,0.010939065828859862
350,0.12,0.88,0.004606508181151843
351,0.12,0.9,0.00230858364904055
352,0.12,0.92,0.004069442637149005
353,0.12,0.9400000000000001,0.009822942492647242
354,0.12,0.96,0.019413718986989435
355,0.12,0.98,0.03260202172180027
356,0.12,1.0,0.04907200999241167
357,0.14,0.0,0.9451638297211784
358,0.14,0.02,0.9614232840386735
359,0.14,0.04,0.9744430022266082
360,0.14,0.06,0.9839111809354735
361,0.14,0.08,0.989591134468477
362,0.14,0.1,0.9913294846000185
363,0.14,0.12,0.9890609341711402
364,0.14,0.14,0.9828093248746395
365,0.14,0.16,0.9726848861519437
366,0.14,0.18,0.958877797953232
367,0.14,0.2,0.9416484005402542
368,0.14,0.22,0.9213145752622829
369,0.14,0.24,0.8982369786410881
370,0.14,0.26,0.8728029280826156
371,0.14,0.28,0.8454098043161281
372,0.14,0.3,0.8164488501569348
373,0.14,0.32,0.7862902080280777
374,0.14,0.34,0.7552699539185606
375,0.14,0.36,0.7236797600247824
376,0.14,0.38,0.6917596612565058
377,0.14,0.4,0.6596942224037988
378,0.14,0.42,0.6276122138167225
379,0.14,0.44,0.5955897144115897
380,0.14,0.46,0.5636563812750486
381,0.14,0.48,0.5318044634021207
382,0.14,0.5,0.5
383,0.14,0.52,0.46819553659787927
384,0.14,0.54,0.4363436187249514
385,0.14,0.56,0.40441028558841025
386,0.14,0.58,0.3723877861832776
387,0.14,0.6,0.3403057775962012
388,0.14,0.62,0.30824033874349427
389,0.14,0.64,0.27632023997521765
390,0.14,0.66,0.2447300460814394
391,0.14,0.68,0.21370979197192227
392,0.14,0.7000000000000001,0.18355114984306511
393,0.14,0.72,0.15459019568387206
394,0.14,0.74,0.12719707191738436
395,0.14,0.76,0.10176302135891202
396,0.14,0.78,0.07868542473771706
397,0.14,0.8,0.05835159945974581
398,0.14,0.8200000000000001,0.04112220204676789
399,0.14,0.84,0.02731511384805634
400,0.14,0.86,0.01719067512536057
401,0.14,0.88,0.010939065828859862
402,0.14,0.9,0.00867051539998156
403,0.14,0.92,0.010408865531522949
404,0.14,0.9400000000000001,0.016088819064526496
405,0.14,0.96,0.025556997773391796
406,0.14,0.98,0.038576715961326495
407,0.14,1.0,0.054836170278821636
408,0.16,0.0,0.9358288113539526
409,0.16,0.02,0.9517473073667492
410,0.16,0.04,0.9644940040279876
411,0.16,0.06,0.9737636364573701
412,0.16,0.08,0.9793244822214681
413,0.16,0.1,0.9810263794129382
414,0.16,0.12,0.9788054001443985
415,0.16,0.14,0.9726848861519437
416,0.16,0.16,0.9627727553822402
417,0.16,0.18,0.9492551997405955
418,0.16,0.2,0.9323871001927363
419,0.16,0.22,0.9124796721639861
420,0.16,0.24,0.8898860092632491
421,0.16,0.26,0.8649853069088863
422,0.16,0.28,0.838166612816202
423,0.16,0.3,0.8098129654976788
424,0.16,0.32,0.7802867455455734
425,0.16,0.34,0.7499169814860897
426,0.16,0.36,0.7189892291936594
427,0.16,0.38,0.6877384900821908
428,0.16,0.4,0.6563454586459413
429,0.16,0.42,0.6249362049401533
430,0.16,0.44,0.5935852125177388
431,0.16,0.46,0.5623215165607122
432,0.16,0.48,0.5311375286015002
433,0.16,0.5,0.5
434,0.16,0.52,0.4688624713984998
435,0.16,0.54,0.4376784834392879
436,0.16,0.56,0.40641478748226123
437,0.16,0.58,0.3750637950598469
438,0.16,0.6,0.34365454135405865
439,0.16,0.62,0.3122615099178092
440,0.16,0.64,0.2810107708063407
441,0.16,0.66,0.25008301851391024
442,0.16,0.68,0.21971325445442647
443,0.16,0.7000000000000001,0.19018703450232116
444,0.16,0.72,0.16183338718379803
445,0.16,0.74,0.13501469309111375
446,0.16,0.76,0.11011399073675084
447,0.16,0.78,0.08752032783601392
448,0.16,0.8,0.06761289980726366
449,0.16,0.8200000000000001,0.05074480025940461
450,0.16,0.84,0.03722724461775995
451,0.16,0.86,0.02731511384805634
452,0.16,0.88,0.021194599855601473
453,0.16,0.9,0.018973620587061688
454,0.16,0.92,0.020675517778532045
455,0.16,0.9400000000000001,0.026236363542630033
456,0.16,0.96,0.03550599597201245
457,0.16,0.98,0.04825269263325089
458,0.16,1.0,0.06417118864604732
459,0.18,0.0,0.9230982861897329
460,0.18,0.02,0.938551804191007
461,0.18,0.04,0.9509261708493197
462,0.18,0.06,0.9599250380474209
463,0.18,0.08,0.9653234519458646
464,0.18,0.1,0.966975636854763
465,0.18,0.12,0.9648195322152766
466,0.18,0.14,0.958877797953232
467,0.18,0.16,0.9492551997405955
468,0.18,0.18,0.9361324908318228
469,0.18,0.2,0.9197571071397593
470,0.18,0.22,0.9004311735117294
471,0.18,0.24,0.8784974697202036
472,0.18,0.26,0.8543241149153159
473,0.18,0.28,0.8282887927593281
474,0.18,0.3,0.8007633532400196
475,0.18,0.32,0.7720995918411635
476,0.18,0.34,0.7426169261916943
477,0.18,0.36,0.7125925711015011
478,0.18,0.38,0.682254663611749
479,0.18,0.4,0.6517786201447869
480,0.18,0.42,0.6212868282594982
481,0.18,0.44,0.5908515958500964
482,0.18,0.46,0.5605011099832219
483,0.18,0.48,0.5302280038498401
484,0.18,0.5,0.5
485,0.18,0.52,0.46977199615015985
486,0.18,0.54,0.43949889001677805
487,0.18,0.56,0.4091484041499036
488,0.18,0.58,0.37871317174050195
489,0.18,0.6,0.34822137985521306
490,0.18,0.62,0.3177453363882509
491,0.18,0.64,0.2874074288984989
492,0.18,0.66,0.2573830738083058
493,0.18,0.68,0.22790040815883664
494,0.18,0.7000000000000001,0.19923664675998035
495,0.18,0.72,0.17171120724067188
496,0.18,0.74,0.14567588508468418
497,0.18,0.76,0.12150253027979642
498,0.18,0.78,0.09956882648827055
499,0.18,0.8,0.08024289286024057
500,0.18,0.8200000000000001,0.06386750916817707
501,0.18,0.84,0.05074480025940467
502,0.18,0.86,0.04112220204676795
503,0.18,0.88,0.0351804677847234
504,0.18,0.9,0.03302436314523707
505,0.18,0.92,0.03467654805413555
506,0.18,0.9400000000000001,0.04007496195257908
507,0.18,0.96,0.04907382915068031
508,0.18,0.98,0.06144819580899287
509,0.18,1.0,0.07690171381026704
510,0.2,0.0,0.9072122953005948
511,0.2,0.02,0.9220855830003375
512,0.2,0.04,0.9339953316670172
513,0.2,0.06,0.9426563201097847
514,0.2,0.08,0.947852040788223
515,0.2,0.1,0.9494421914245502
516,0.2,0.12,0.9473670416359269
517,0.2,0.14,0.9416484005402542
518,0.2,0.16,0.9323871001927363
519,0.2,0.18,0.9197571071397593
520,0.2,0.2,0.9039965668650042
521,0.2,0.22,0.8853962603916098
522,0.2,0.24,0.8642860972051173
523,0.2,0.26,0.8410203747559373
524,0.2,0.28,0.8159625958896908
525,0.2,0.3,0.7894706488133821
526,0.2,0.32,0.7618831202126575
527,0.2,0.34,0.733507434603483
528,0.2,0.36,0.7046103982640002
529,0.2,0.38,0.6754115824172751
530,0.2,0.4,0.6460798171586061
531,0.2,0.42,0.6167328947844786
532,0.2,0.44,0.5874404082583531
533,0.2,0.46,0.5582294863124392
534,0.2,0.48,0.5290930387378802
535,0.2,0.5,0.5
536,0.2,0.52,0.4709069612621198
537,0.2,0.54,0.4417705136875608
538,0.2,0.56,0.41255959174164686
539,0.2,0.58,0.38326710521552154
540,0.2,0.6,0.3539201828413939
541,0.2,0.62,0.32458841758272494
542,0.2,0.64,0.29538960173599976
543,0.2,0.66,0.2664925653965169
544,0.2,0.68,0.23811687978734256
545,0.2,0.7000000000000001,0.21052935118661784
546,0.2,0.72,0.1840374041103092
547,0.2,0.74,0.1589796252440627
548,0.2,0.76,0.13571390279488285
549,0.2,0.78,0.11460373960839028
550,0.2,0.8,0.09600343313499571
551,0.2,0.8200000000000001,0.08024289286024062
552,0.2,0.84,0.06761289980726372
553,0.2,0.86,0.05835159945974586
554,0.2,0.88,0.052632958364073015
555,0.2,0.9,0.05055780857544973
556,0.2,0.92,0.05214795921177697
557,0.2,0.9400000000000001,0.05734367989021533
558,0.2,0.96,0.06600466833298275
559,0.2,0.98,0.07791441699966246
560,0.2,1.0,0.0927877046994051
561,0.22,0.0,0.8884639342659912
562,0.22,0.02,0.9026524445884682
563,0.22,0.04,0.9140138594488969
564,0.22,0.06,0.9222760894550567
565,0.22,0.08,0.9272325952368957
566,0.22,0.1,0.9287495341392618
567,0.22,0.12,0.9267699258111666
568,0.22,0.14,0.9213145752622829
569,0.22,0.16,0.9124796721639861
570,0.22,0.18,0.9004311735117294
571,0.22,0.2,0.8853962603916098
572,0.22,0.22,0.8676523260492679
573,0.22,0.24,0.8475140906888439
574,0.22,0.26,0.8253195396390591
575,0.22,0.28,0.801415439800512
576,0.22,0.3,0.7761432019373783
577,0.22,0.32,0.7498258239490683
578,0.22,0.34,0.722756576295095
579,0.22,0.36,0.6951899812914337
580,0.22,0.38,0.6673355009365266
581,0.22,0.4,0.6393541922608198
582,0.22,0.42,0.6113584243146755
583,0.22,0.44,0.583414585949057
584,0.22,0.46,0.5555485568688936
585,0.22,0.48,0.5277535733038886
586,0.22,0.5,0.5
587,0.22,0.52,0.47224642669611133
588,0.22,0.54,0.4444514431311063
589,0.22,0.56,0.41658541405094285
590,0.22,0.58,0.38864157568532465
591,0.22,0.6,0.3606458077391802
592,0.22,0.62,0.3326644990634734
593,0.22,0.64,0.3048100187085663
594,0.22,0.66,0.277243423704905
595,0.22,0.68,0.25017417605093173
596,0.22,0.7000000000000001,0.22385679806262165
597,0.22,0.72,0.198584560199488
598,0.22,0.74,0.17468046036094084
599,0.22,0.76,0.15248590931115633
600,0.22,0.78,0.13234767395073202
601,0.22,0.8,0.11460373960839022
602,0.22,0.8200000000000001,0.09956882648827055
603,0.22,0.84,0.08752032783601392
604,0.22,0.86,0.07868542473771706
605,0.22,0.88,0.07323007418883352
606,0.22,0.9,0.07125046586073824
607,0.22,0.92,0.07276740476310431
608,0.22,0.9400000000000001,0.07772391054494329
609,0.22,0.96,0.08598614055110297
610,0.22,0.98,0.09734755541153188
611,0.22,1.0,0.11153606573400875
612,0.24,0.0,0.8671857385821794
613,0.24,0.02,0.8805970701951993
614,0.24,0.04,0.8913361611091285
615,0.24,0.06,0.8991458256868194
616,0.24,0.08,0.9038308377967087
617,0.24,0.1,0.9052646860439131
618,0.24,0.12,0.9033935111884439
619,0.24,0.14,0.8982369786410881
620,0.24,0.16,0.8898860092632491
621,0.24,0.18,0.8784974697202036
622,0.24,0.2,0.8642860972051173
623,0.24,0.22,0.8475140906888439
624,0.24,0.24,0.8284789315085427
625,0.24,0.26,0.8075000917737454
626,0.24,0.28,0.7849053441533678
627,0.24,0.3,0.7610173985634296
628,0.24,0.32,0.73614156062382
629,0.24,0.34,0.7105550368414542
630,0.24,0.36,0.6844984080176202
631,0.24,0.38,0.6581696628246724
632,0.24,0.4,0.6317210363595182
633,0.24,0.42,0.6052587426335798
634,0.24,0.44,0.5788455340342071
635,0.24,0.46,0.5525058726999165
636,0.24,0.48,0.5262333653473868
637,0.24,0.5,0.5
638,0.24,0.52,0.4737666346526131
639,0.24,0.54,0.4474941273000834
640,0.24,0.56,0.42115446596579287
641,0.24,0.58,0.3947412573664203
642,0.24,0.6,0.3682789636404818
643,0.24,0.62,0.3418303371753277
644,0.24,0.64,0.3155015919823798
645,0.24,0.66,0.2894449631585458
646,0.24,0.68,0.26385843937618003
647,0.24,0.7000000000000001,0.23898260143657027
648,0.24,0.72,0.21509465584663232
649,0.24,0.74,0.19249990822625454
650,0.24,0.76,0.17152106849145735
651,0.24,0.78,0.15248590931115627
652,0.24,0.8,0.1357139027948828
653,0.24,0.8200000000000001,0.12150253027979636
654,0.24,0.84,0.11011399073675084
655,0.24,0.86,0.10176302135891202
656,0.24,0.88,0.09660648881155608
657,0.24,0.9,0.09473531395608703
658,0.24,0.92,0.09616916220329122
659,0.24,0.9400000000000001,0.10085417431318054
660,0.24,0.96,0.1086638388908715
661,0.24,0.98,0.11940292980480074
662,0.24,1.0,0.13281426141782063
663,0.26,0.0,0.8437348258334012
664,0.26,0.02,0.8562896210005443
665,0.26,0.04,0.8663428424550654
666,0.26,0.06,0.8736537301376737
667,0.26,0.08,0.8780395263503437
668,0.26,0.1,0.8793817995536204
669,0.26,0.12,0.8776301303152344
670,0.26,0.14,0.8728029280826156
671,0.26,0.16,0.8649853069088863
672,0.26,0.18,0.8543241149153159
673,0.26,0.2,0.8410203747559373
674,0.26,0.22,0.8253195396390591
675,0.26,0.24,0.8075000917737454
676,0.26,0.26,0.787861099665087
677,0.26,0.28,0.7667094022488706
678,0.26,0.3,0.7443470990489127
679,0.26,0.32,0.7210599968464999
680,0.26,0.34,0.6971075979053705
681,0.26,0.36,0.6727151179437294
682,0.26,0.38,0.6480679007662451
683,0.26,0.4,0.6233084587284445
684,0.26,0.42,0.5985362223116373
685,0.26,0.44,0.5738099361201744
686,0.26,0.46,0.5491524999784195
687,0.26,0.48,0.5245579289204607
688,0.26,0.5,0.5
689,0.26,0.52,0.47544207107953934
690,0.26,0.54,0.45084750002158036
691,0.26,0.56,0.4261900638798256
692,0.26,0.58,0.40146377768836283
693,0.26,0.6,0.37669154127155546
694,0.26,0.62,0.35193209923375496
695,0.26,0.64,0.3272848820562706
696,0.26,0.66,0.3028924020946296
697,0.26,0.68,0.2789400031535001
698,0.26,0.7000000000000001,0.25565290095108717
699,0.26,0.72,0.23329059775112948
700,0.26,0.74,0.21213890033491306
701,0.26,0.76,0.19249990822625454
702,0.26,0.78,0.1746804603609408
703,0.26,0.8,0.15897962524406264
704,0.26,0.8200000000000001,0.14567588508468407
705,0.26,0.84,0.1350146930911137
706,0.26,0.86,0.1271970719173843
707,0.26,0.88,0.12236986968476563
708,0.26,0.9,0.12061820044637947
709,0.26,0.92,0.12196047364965633
710,0.26,0.9400000000000001,0.12634626986232628
711,0.26,0.96,0.13365715754493462
712,0.26,0.98,0.14371037899945568
713,0.26,1.0,0.15626517416659866
714,0.28,0.0,0.8184775922721355
715,0.28,0.02,0.8301098757528889
716,0.28,0.04,0.8394243982358863
717,0.28,0.06,0.846198090429815
718,0.28,0.08,0.8502616234588609
719,0.28,0.1,0.8515052679947748
720,0.28,0.12,0.8498823093662861
721,0.28,0.14,0.8454098043161281
722,0.28,0.16,0.838166612816202
723,0.28,0.18,0.8282887927593281
724,0.28,0.2,0.8159625958896908
725,0.28,0.22,0.801415439800512
726,0.28,0.24,0.7849053441533678
727,0.28,0.26,0.7667094022488706
728,0.28,0.28,0.7471119068561568
729,0.28,0.3,0.7263927595788489
730,0.28,0.32,0.7048167664497321
731,0.28,0.34,0.682624361809273
732,0.28,0.36,0.6600242127877279
733,0.28,0.38,0.6371880443434572
734,0.28,0.4,0.6142478971905411
735,0.28,0.42,0.5912958957746455
736,0.28,0.44,0.5683864682152001
737,0.28,0.46,0.545540831684219
738,0.28,0.48,0.5227534409840953
739,0.28,0.5,0.5
740,0.28,0.52,0.4772465590159048
741,0.28,0.54,0.4544591683157809
742,0.28,0.56,0.43161353178479983
743,0.28,0.58,0.4087041042253547
744,0.28,0.6,0.3857521028094589
745,0.28,0.62,0.36281195565654284
746,0.28,0.64,0.33997578721227206
747,0.28,0.66,0.31737563819072684
748,0.28,0.68,0.29518323355026777
749,0.28,0.7000000000000001,0.27360724042115114
750,0.28,0.72,0.25288809314384325
751,0.28,0.74,0.23329059775112948
752,0.28,0.76,0.21509465584663226
753,0.28,0.78,0.19858456019948795
754,0.28,0.8,0.18403740411030914
755,0.28,0.8200000000000001,0.17171120724067188
756,0.28,0.84,0.16183338718379794
757,0.28,0.86,0.15459019568387206
758,0.28,0.88,0.15011769063371394
759,0.28,0.9,0.14849473200522534
760,0.28,0.92,0.14973837654113908
761,0.28,0.9400000000000001,0.15380190957018505
762,0.28,0.96,0.16057560176411365
763,0.28,0.98,0.16989012424711122
764,0.28,1.0,0.18152240772786463
765,0.3,0.0,0.7917747748208912
766,0.3,0.02,0.8024317471655875
767,0.3,0.04,0.8109652916471675
768,0.3,0.06,0.8171710422636841
769,0.3,0.08,0.8208938675527989
770,0.3,0.1,0.8220332384637465
771,0.3,0.12,0.8205463571262166
772,0.3,0.14,0.8164488501569348
773,0.3,0.16,0.8098129654976788
774,0.3,0.18,0.8007633532400196
775,0.3,0.2,0.7894706488133821
776,0.3,0.22,0.7761432019373783
777,0.3,0.24,0.7610173985634296
778,0.3,0.26,0.7443470990489127
779,0.3,0.28,0.7263927595788489
780,0.3,0.3,0.7074108133508965
781,0.3,0.32,0.6876438636830348
782,0.3,0.34,0.6673121856503427
783,0.3,0.36,0.646606950645786
784,0.3,0.38,0.6256854853142295
785,0.3,0.4,0.6046687593896602
786,0.3,0.42,0.583641173125163
787,0.3,0.44,0.5626525911036029
788,0.3,0.46,0.5417224515389609
789,0.3,0.48,0.520845674171833
790,0.3,0.5,0.5
791,0.3,0.52,0.47915432582816697
792,0.3,0.54,0.45827754846103913
793,0.3,0.56,0.43734740889639706
794,0.3,0.58,0.4163588268748371
795,0.3,0.6,0.3953312406103397
796,0.3,0.62,0.3743145146857705
797,0.3,0.64,0.35339304935421395
798,0.3,0.66,0.33268781434965733
799,0.3,0.68,0.31235613631696524
800,0.3,0.7000000000000001,0.2925891866491034
801,0.3,0.72,0.2736072404211512
802,0.3,0.74,0.2556529009510872
803,0.3,0.76,0.23898260143657038
804,0.3,0.78,0.22385679806262165
805,0.3,0.8,0.21052935118661784
806,0.3,0.8200000000000001,0.19923664675998035
807,0.3,0.84,0.19018703450232122
808,0.3,0.86,0.18355114984306517
809,0.3,0.88,0.17945364287378338
810,0.3,0.9,0.17796676153625343
811,0.3,0.92,0.179106132447201
812,0.3,0.9400000000000001,0.18282895773631594
813,0.3,0.96,0.1890347083528325
814,0.3,0.98,0.19756825283441243
815,0.3,1.0,0.2082252251791087
816,0.32,0.0,0.7639676552447346
817,0.32,0.02,0.7736089822016805
818,0.32,0.04,0.7813292511286707
819,0.32,0.06,0.7869435727926359
820,0.32,0.08,0.7903116002825267
821,0.32,0.1,0.7913423853049862
822,0.32,0.12,0.7899972087710111
823,0.32,0.14,0.7862902080280777
824,0.32,0.16,0.7802867455455734
825,0.32,0.18,0.7720995918411635
826,0.32,0.2,0.7618831202126575
827,0.32,0.22,0.7498258239490683
828,0.32,0.24,0.73614156062382
829,0.32,0.26,0.7210599968464999
830,0.32,0.28,0.7048167664497321
831,0.32,0.3,0.6876438636830348
832,0.32,0.32,0.6697607709503981
833,0.32,0.34,0.6513667703697271
834,0.32,0.36,0.6326348140558234
835,0.32,0.38,0.6137072348939681
836,0.32,0.4,0.5946934737947253
837,0.32,0.42,0.5756698873825584
838,0.32,0.44,0.5566815879774986
839,0.32,0.46,0.5377461612662103
840,0.32,0.48,0.518859011155136
841,0.32,0.5,0.5
842,0.32,0.52,0.48114098884486395
843,0.32,0.54,0.4622538387337896
844,0.32,0.56,0.44331841202250144
845,0.32,0.58,0.4243301126174417
846,0.32,0.6,0.40530652620527474
847,0.32,0.62,0.386292765106032
848,0.32,0.64,0.36736518594417655
849,0.32,0.66,0.3486332296302728
850,0.32,0.68,0.33023922904960196
851,0.32,0.7000000000000001,0.31235613631696524
852,0.32,0.72,0.2951832335502678
853,0.32,0.74,0.27894000315350015
854,0.32,0.76,0.26385843937618014
855,0.32,0.78,0.25017417605093173
856,0.32,0.8,0.23811687978734256
857,0.32,0.8200000000000001,0.22790040815883664
858,0.32,0.84,0.21971325445442647
859,0.32,0.86,0.21370979197192233
860,0.32,0.88,0.2100027912289889
861,0.32,0.9,0.20865761469501382
862,0.32,0.92,0.20968839971747333
863,0.32,0.9400000000000001,0.21305642720736417
864,0.32,0.96,0.21867074887132928
865,0.32,0.98,0.2263910177983195
866,0.32,1.0,0.2360323447552653
867,0.34,0.0,0.7353661050946785
868,0.34,0.02,0.7439627703629924
869,0.34,0.04,0.7508465290035897
870,0.34,0.06,0.7558525249903745
871,0.34,0.08,0.7588556183482046
872,0.34,0.1,0.7597747152568818
873,0.34,0.12,0.7585752919367295
874,0.34,0.14,0.7552699539185606
875,0.34,0.16,0.7499169814860897
876,0.34,0.18,0.7426169261916943
877,0.34,0.2,0.733507434603483
878,0.34,0.22,0.722756576295095
879,0.34,0.24,0.7105550368414542
880,0.34,0.26,0.6971075979053705
881,0.34,0.28,0.682624361809273
882,0.34,0.3,0.6673121856503427
883,0.34,0.32,0.6513667703697271
884,0.34,0.34,0.6349658053735882
885,0.34,0.36,0.6182635029861249
886,0.34,0.38,0.6013867739714782
887,0.34,0.4,0.5844332010461122
888,0.34,0.42,0.5674708674048465
889,0.34,0.44,0.5505399973359475
890,0.34,0.46,0.5336562710733127
891,0.34,0.48,0.5168155905215209
892,0.34,0.5,0.5
893,0.34,0.52,0.48318440947847907
894,0.34,0.54,0.46634372892668724
895,0.34,0.56,0.4494600026640525
896,0.34,0.58,0.4325291325951535
897,0.34,0.6,0.4155667989538879
898,0.34,0.62,0.39861322602852184
899,0.34,0.64,0.381736497013875
900,0.34,0.66,0.3650341946264119
901,0.34,0.68,0.3486332296302729
902,0.34,0.7000000000000001,0.33268781434965733
903,0.34,0.72,0.3173756381907269
904,0.34,0.74,0.30289240209462964
905,0.34,0.76,0.28944496315854584
906,0.34,0.78,0.27724342370490507
907,0.34,0.8,0.2664925653965169
908,0.34,0.8200000000000001,0.2573830738083058
909,0.34,0.84,0.2500830185139103
910,0.34,0.86,0.24473004608143947
911,0.34,0.88,0.24142470806327054
912,0.34,0.9,0.24022528474311816
913,0.34,0.92,0.24114438165179547
914,0.34,0.9400000000000001,0.24414747500962544
915,0.34,0.96,0.24915347099641022
916,0.34,0.98,0.2560372296370076
917,0.34,1.0,0.26463389490532147
918,0.36,0.0,0.7062390543712065
919,0.36,0.02,0.7137718642249009
920,0.36,0.04,0.7198037432500703
921,0.36,0.06,0.7241902367007107
922,0.36,0.08,0.7268216909369023
923,0.36,0.1,0.7276270476693207
924,0.36,0.12,0.7265760555086632
925,0.36,0.14,0.7236797600247824
926,0.36,0.16,0.7189892291936594
927,0.36,0.18,0.7125925711015011
928,0.36,0.2,0.7046103982640002
929,0.36,0.22,0.6951899812914337
930,0.36,0.24,0.6844984080176202
931,0.36,0.26,0.6727151179437294
932,0.36,0.28,0.6600242127877279
933,0.36,0.3,0.646606950645786
934,0.36,0.32,0.6326348140558234
935,0.36,0.34,0.6182635029861249
936,0.36,0.36,0.6036281456613024
937,0.36,0.38,0.5888399473714095
938,0.36,0.4,0.5739844147664311
939,0.36,0.42,0.5591212056025786
940,0.36,0.44,0.5442855663278118
941,0.36,0.46,0.5294912367140919
942,0.36,0.48,0.5147346258139287
943,0.36,0.5,0.5
944,0.36,0.52,0.4852653741860713
945,0.36,0.54,0.470508763285908
946,0.36,0.56,0.45571443367218817
947,0.36,0.58,0.4408787943974215
948,0.36,0.6,0.4260155852335688
949,0.36,0.62,0.4111600526285904
950,0.36,0.64,0.39637185433869754
951,0.36,0.66,0.381736497013875
952,0.36,0.68,0.36736518594417655
953,0.36,0.7000000000000001,0.35339304935421395
954,0.36,0.72,0.33997578721227206
955,0.36,0.74,0.32728488205627065
956,0.36,0.76,0.3155015919823798
957,0.36,0.78,0.3048100187085663
958,0.36,0.8,0.29538960173599976
959,0.36,0.8200000000000001,0.28740742889849885
960,0.36,0.84,0.2810107708063407
961,0.36,0.86,0.27632023997521765
962,0.36,0.88,0.2734239444913367
963,0.36,0.9,0.2723729523306792
964,0.36,0.92,0.2731783090630977
965,0.36,0.9400000000000001,0.2758097632992893
966,0.36,0.96,0.2801962567499297
967,0.36,0.98,0.2862281357750991
968,0.36,1.0,0.2937609456287935
969,0.38,0.0,0.6768078220385381
970,0.38,0.02,0.6832656663499505
971,0.38,0.04,0.6884367693522003
972,0.38,0.06,0.6921972906354201
973,0.38,0.08,0.6944532246228681
974,0.38,0.1,0.6951436533598361
975,0.38,0.12,0.694242642465115
976,0.38,0.14,0.6917596612565058
977,0.38,0.16,0.6877384900821908
978,0.38,0.18,0.682254663611749
979,0.38,0.2,0.6754115824172751
980,0.38,0.22,0.6673355009365266
981,0.38,0.24,0.6581696628246724
982,0.38,0.26,0.6480679007662451
983,0.38,0.28,0.6371880443434572
984,0.38,0.3,0.6256854853142295
985,0.38,0.32,0.6137072348939681
986,0.38,0.34,0.6013867739714782
987,0.38,0.36,0.5888399473714095
988,0.38,0.38,0.5761620908932477
989,0.38,0.4,0.5634265090068936
990,0.38,0.42,0.5506843460408336
991,0.38,0.44,0.537965818617799
992,0.38,0.46,0.5252827057830496
993,0.38,0.48,0.5126319290333077
994,0.38,0.5,0.5
995,0.38,0.52,0.4873680709666924
996,0.38,0.54,0.4747172942169504
997,0.38,0.56,0.462034181382201
998,0.38,0.58,0.44931565395916645
999,0.38,0.6,0.43657349099310633
1000,0.38,0.62,0.42383790910675234
1001,0.38,0.64,0.4111600526285904
1002,0.38,0.66,0.39861322602852184
1003,0.38,0.68,0.38629276510603194
1004,0.38,0.7000000000000001,0.3743145146857705
1005,0.38,0.72,0.36281195565654284
1006,0.38,0.74,0.351932099233755
1007,0.38,0.76,0.3418303371753278
1008,0.38,0.78,0.3326644990634734
1009,0.38,0.8,0.32458841758272494
1010,0.38,0.8200000000000001,0.31774533638825087
1011,0.38,0.84,0.3122615099178092
1012,0.38,0.86,0.30824033874349427
1013,0.38,0.88,0.30575735753488503
1014,0.38,0.9,0.304856346640164
1015,0.38,0.92,0.305546775377132
1016,0.38,0.9400000000000001,0.3078027093645798
1017,0.38,0.96,0.3115632306477996
1018,0.38,0.98,0.3167343336500496
1019,0.38,1.0,0.3231921779614619
1020,0.4,0.0,0.6472425820443278
1021,0.4,0.02,0.6526205662301484
1022,0.4,0.04,0.6569269738838918
1023,0.4,0.06,0.6600586727939844
1024,0.4,0.08,0.6619373766963548
1025,0.4,0.1,0.6625123541423559
1026,0.4,0.12,0.6617620074152758
1027,0.4,0.14,0.6596942224037988
1028,0.4,0.16,0.6563454586459413
1029,0.4,0.18,0.6517786201447869
1030,0.4,0.2,0.6460798171586061
1031,0.4,0.22,0.6393541922608198
1032,0.4,0.24,0.6317210363595182
1033,0.4,0.26,0.6233084587284445
1034,0.4,0.28,0.6142478971905411
1035,0.4,0.3,0.6046687593896602
1036,0.4,0.32,0.5946934737947253
1037,0.4,0.34,0.5844332010461122
1038,0.4,0.36,0.5739844147664311
1039,0.4,0.38,0.5634265090068936
1040,0.4,0.4,0.5528205304977811
1041,0.4,0.42,0.5422090713761176
1042,0.4,0.44,0.5316172955373709
1043,0.4,0.46,0.521055012372427
1044,0.4,0.48,0.5105196581555058
1045,0.4,0.5,0.5
1046,0.4,0.52,0.4894803418444942
1047,0.4,0.54,0.47894498762757304
1048,0.4,0.56,0.46838270446262903
1049,0.4,0.58,0.4577909286238824
1050,0.4,0.6,0.447179469502219
1051,0.4,0.62,0.43657349099310633
1052,0.4,0.64,0.4260155852335688
1053,0.4,0.66,0.4155667989538879
1054,0.4,0.68,0.40530652620527474
1055,0.4,0.7000000000000001,0.3953312406103397
1056,0.4,0.72,0.3857521028094588
1057,0.4,0.74,0.3766915412715555
1058,0.4,0.76,0.3682789636404819
1059,0.4,0.78,0.3606458077391802
1060,0.4,0.8,0.3539201828413939
1061,0.4,0.8200000000000001,0.34822137985521306
1062,0.4,0.84,0.34365454135405865
1063,0.4,0.86,0.3403057775962012
1064,0.4,0.88,0.33823799258472426
1065,0.4,0.9,0.33748764585764407
1066,0.4,0.92,0.3380626233036453
1067,0.4,0.9400000000000001,0.33994132720601555
1068,0.4,0.96,0.3430730261161081
1069,0.4,0.98,0.34737943376985153
1070,0.4,1.0,0.352757417955672
1071,0.42,0.0,0.6176620642871805
1072,0.42,0.02,0.6219596303324225
1073,0.42,0.04,0.6254008958085265
1074,0.42,0.06,0.6279034474031222
1075,0.42,0.08,0.629404726287723
1076,0.42,0.1,0.6298641927835953
1077,0.42,0.12,0.6292645880794832
1078,0.42,0.14,0.6276122138167225
1079,0.42,0.16,0.6249362049401533
1080,0.42,0.18,0.6212868282594982
1081,0.42,0.2,0.6167328947844787
1082,0.42,0.22,0.6113584243146755
1083,0.42,0.24,0.6052587426335798
1084,0.42,0.26,0.5985362223116373
1085,0.42,0.28,0.5912958957746455
1086,0.42,0.3,0.583641173125163
1087,0.42,0.32,0.5756698873825584
1088,0.42,0.34,0.5674708674048465
1089,0.42,0.36,0.5591212056025786
1090,0.42,0.38,0.5506843460408336
1091,0.42,0.4,0.5422090713761176
1092,0.42,0.42,0.5337294171346696
1093,0.42,0.44,0.5252654918737092
1094,0.42,0.46,0.5168251343119347
1095,0.42,0.48,0.5084062957670741
1096,0.42,0.5,0.5
1097,0.42,0.52,0.4915937042329259
1098,0.42,0.54,0.48317486568806534
1099,0.42,0.56,0.47473450812629076
1100,0.42,0.58,0.4662705828653304
1101,0.42,0.6,0.4577909286238824
1102,0.42,0.62,0.44931565395916634
1103,0.42,0.64,0.4408787943974214
1104,0.42,0.66,0.43252913259515346
1105,0.42,0.68,0.4243301126174416
1106,0.42,0.7000000000000001,0.416358826874837
1107,0.42,0.72,0.40870410422535447
1108,0.42,0.74,0.40146377768836267
1109,0.42,0.76,0.3947412573664202
1110,0.42,0.78,0.3886415756853245
1111,0.42,0.8,0.3832671052155214
1112,0.42,0.8200000000000001,0.3787131717405018
1113,0.42,0.84,0.3750637950598467
1114,0.42,0.86,0.3723877861832775
1115,0.42,0.88,0.37073541192051684
1116,0.42,0.9,0.37013580721640477
1117,0.42,0.92,0.37059527371227696
1118,0.42,0.9400000000000001,0.37209655259687785
1119,0.42,0.96,0.3745991041914734
1120,0.42,0.98,0.37804036966757754
1121,0.42,1.0,0.3823379357128194
1122,0.44,0.0,0.5881364156760349
1123,0.44,0.02,0.5913555676572051
1124,0.44,0.04,0.5939332957150201
1125,0.44,0.06,0.5958078670046556
1126,0.44,0.08,0.596932420960261
1127,0.44,0.1,0.5972765907682168
1128,0.44,0.12,0.596827448474453
1129,0.44,0.14,0.5955897144115897
1130,0.44,0.16,0.5935852125177388
1131,0.44,0.18,0.5908515958500964
1132,0.44,0.2,0.5874404082583531
1133,0.44,0.22,0.5834145859490572
1134,0.44,0.24,0.5788455340342071
1135,0.44,0.26,0.5738099361201744
1136,0.44,0.28,0.5683864682152001
1137,0.44,0.3,0.5626525911036028
1138,0.44,0.32,0.5566815879774986
1139,0.44,0.34,0.5505399973359475
1140,0.44,0.36,0.5442855663278118
1141,0.44,0.38,0.537965818617799
1142,0.44,0.4,0.5316172955373709
1143,0.44,0.42,0.5252654918737092
1144,0.44,0.44,0.5189254702229742
1145,0.44,0.46,0.5126031022870926
1146,0.44,0.48,0.5062968534719414
1147,0.44,0.5,0.5
1148,0.44,0.52,0.4937031465280586
1149,0.44,0.54,0.4873968977129075
1150,0.44,0.56,0.48107452977702575
1151,0.44,0.58,0.4747345081262908
1152,0.44,0.6,0.46838270446262903
1153,0.44,0.62,0.462034181382201
1154,0.44,0.64,0.4557144336721882
1155,0.44,0.66,0.4494600026640525
1156,0.44,0.68,0.44331841202250144
1157,0.44,0.7000000000000001,0.4373474088963971
1158,0.44,0.72,0.4316135317847999
1159,0.44,0.74,0.4261900638798256
1160,0.44,0.76,0.42115446596579287
1161,0.44,0.78,0.41658541405094285
1162,0.44,0.8,0.4125595917416469
1163,0.44,0.8200000000000001,0.4091484041499036
1164,0.44,0.84,0.4064147874822613
1165,0.44,0.86,0.40441028558841036
1166,0.44,0.88,0.40317255152554704
1167,0.44,0.9,0.4027234092317831
1168,0.44,0.92,0.40306757903973905
1169,0.44,0.9400000000000001,0.4041921329953444
1170,0.44,0.96,0.40606670428497993
1171,0.44,0.98,0.40864443234279485
1172,0.44,1.0,0.4118635843239651
1173,0.46,0.0,0.5586929808821525
1174,0.46,0.02,0.5608367216303815
1175,0.46,0.04,0.5625533167795742
1176,0.46,0.06,0.5638016563679373
1177,0.46,0.08,0.5645505343806295
1178,0.46,0.1,0.5647797285429247
1179,0.46,0.12,0.5644806296987177
1180,0.46,0.14,0.5636563812750485
1181,0.46,0.16,0.5623215165607122
1182,0.46,0.18,0.5605011099832219
1183,0.46,0.2,0.5582294863124392
1184,0.46,0.22,0.5555485568688936
1185,0.46,0.24,0.5525058726999165
1186,0.46,0.26,0.5491524999784195
1187,0.46,0.28,0.545540831684219
1188,0.46,0.3,0.5417224515389609
1189,0.46,0.32,0.5377461612662103
1190,0.46,0.34,0.5336562710733127
1191,0.46,0.36,0.5294912367140919
1192,0.46,0.38,0.5252827057830496
1193,0.46,0.4,0.521055012372427
1194,0.46,0.42,0.5168251343119347
1195,0.46,0.44,0.5126031022870925
1196,0.46,0.46,0.50839282646019
1197,0.46,0.48,0.5041932848937816
1198,0.46,0.5,0.5
1199,0.46,0.52,0.4958067151062184
1200,0.46,0.54,0.49160717353981
1201,0.46,0.56,0.4873968977129075
1202,0.46,0.58,0.48317486568806534
1203,0.46,0.6,0.4789449876275731
1204,0.46,0.62,0.4747172942169504
1205,0.46,0.64,0.470508763285908
1206,0.46,0.66,0.4663437289266873
1207,0.46,0.68,0.4622538387337896
1208,0.46,0.7000000000000001,0.4582775484610392
1209,0.46,0.72,0.454459168315781
1210,0.46,0.74,0.4508475000215804
1211,0.46,0.76,0.4474941273000835
1212,0.46,0.78,0.4444514431311064
1213,0.46,0.8,0.4417705136875608
1214,0.46,0.8200000000000001,0.4394988900167781
1215,0.46,0.84,0.43767848343928795
1216,0.46,0.86,0.4363436187249514
1217,0.46,0.88,0.4355193703012823
1218,0.46,0.9,0.4352202714570753
1219,0.46,0.92,0.4354494656193705
1220,0.46,0.9400000000000001,0.4361983436320628
1221,0.46,0.96,0.43744668322042574
1222,0.46,0.98,0.4391632783696185
1223,0.46,1.0,0.44130701911784753
1224,0.48,0.0,0.5293246132600925
1225,0.48,0.02,0.5303956845777673
1226,0.48,0.04,0.5312533423098784
1227,0.48,0.06,0.5318770467988276
1228,0.48,0.08,0.5322512066689028
1229,0.48,0.1,0.5323657183203773
1230,0.48,0.12,0.5322162803841696
1231,0.48,0.14,0.5318044634021207
1232,0.48,0.16,0.5311375286015002
1233,0.48,0.18,0.5302280038498401
1234,0.48,0.2,0.5290930387378802
1235,0.48,0.22,0.5277535733038886
1236,0.48,0.24,0.5262333653473868
1237,0.48,0.26,0.5245579289204607
1238,0.48,0.28,0.5227534409840953
1239,0.48,0.3,0.520845674171833
1240,0.48,0.32,0.518859011155136
1241,0.48,0.34,0.5168155905215209
1242,0.48,0.36,0.5147346258139287
1243,0.48,0.38,0.5126319290333077
1244,0.48,0.4,0.5105196581555058
1245,0.48,0.42,0.5084062957670741
1246,0.48,0.44,0.5062968534719414
1247,0.48,0.46,0.5041932848937816
1248,0.48,0.48,0.502095079444788
1249,0.48,0.5,0.5
1250,0.48,0.52,0.49790492055521196
1251,0.48,0.54,0.4958067151062184
1252,0.48,0.56,0.4937031465280586
1253,0.48,0.58,0.491593704232926
1254,0.48,0.6,0.4894803418444942
1255,0.48,0.62,0.4873680709666924
1256,0.48,0.64,0.4852653741860713
1257,0.48,0.66,0.48318440947847907
1258,0.48,0.68,0.48114098884486395
1259,0.48,0.7000000000000001,0.4791543258281669
1260,0.48,0.72,0.4772465590159048
1261,0.48,0.74,0.47544207107953934
1262,0.48,0.76,0.4737666346526131
1263,0.48,0.78,0.47224642669611133
1264,0.48,0.8,0.4709069612621198
1265,0.48,0.8200000000000001,0.46977199615015985
1266,0.48,0.84,0.4688624713984998
1267,0.48,0.86,0.46819553659787927
1268,0.48,0.88,0.46778371961583043
1269,0.48,0.9,0.4676342816796227
1270,0.48,0.92,0.46774879333109715
1271,0.48,0.9400000000000001,0.46812295320117225
1272,0.48,0.96,0.46874665769012147
1273,0.48,0.98,0.46960431542223263
1274,0.48,1.0,0.4706753867399076
1275,0.5,0.0,0.5
1276,0.5,0.02,0.5
1277,0.5,0.04,0.5
1278,0.5,0.06,0.5
1279,0.5,0.08,0.5
1280,0.5,0.1,0.5
1281,0.5,0.12,0.5
1282,0.5,0.14,0.5
1283,0.5,0.16,0.5
1284,0.5,0.18,0.5
1285,0.5,0.2,0.5
1286,0.5,0.22,0.5
1287,0.5,0.24,0.5
1288,0.5,0.26,0.5
1289,0.5,0.28,0.5
1290,0.5,0.3,0.5
1291,0.5,0.32,0.5
1292,0.5,0.34,0.5
1293,0.5,0.36,0.5
1294,0.5,0.38,0.5
1295,0.5,0.4,0.5
1296,0.5,0.42,0.5
1297,0.5,0.44,0.5
1298,0.5,0.46,0.5
1299,0.5,0.48,0.5
1300,0.5,0.5,0.5
1301,0.5,0.52,0.5
1302,0.5,0.54,0.5
1303,0.5,0.56,0.5
1304,0.5,0.58,0.5
1305,0.5,0.6,0.5
1306,0.5,0.62,0.5
1307,0.5,0.64,0.5
1308,0.5,0.66,0.5
1309,0.5,0.68,0.5
1310,0.5,0.7000000000000001,0.5
1311,0.5,0.72,0.5
1312,0.5,0.74,0.5
1313,0.5,0.76,0.5
1314,0.5,0.78,0.5
1315,0.5,0.8,0.5
1316,0.5,0.8200000000000001,0.5
1317,0.5,0.84,0.5
1318,0.5,0.86,0.5
1319,0.5,0.88,0.5
1320,0.5,0.9,0.5
1321,0.5,0.92,0.5
1322,0.5,0.9400000000000001,0.5
1323,0.5,0.96,0.5
1324,0.5,0.98,0.5
1325,0.5,1.0,0.5
1326,0.52,0.0,0.4706753867399076
1327,0.52,0.02,0.46960431542223263
1328,0.52,0.04,0.4687466576901215
1329,0.52,0.06,0.46812295320117225
1330,0.52,0.08,0.46774879333109715
1331,0.52,0.1,0.4676342816796227
1332,0.52,0.12,0.46778371961583043
1333,0.52,0.14,0.46819553659787927
1334,0.52,0.16,0.4688624713984998
1335,0.52,0.18,0.46977199615015985
1336,0.52,0.2,0.4709069612621198
1337,0.52,0.22,0.47224642669611133
1338,0.52,0.24,0.4737666346526131
1339,0.52,0.26,0.47544207107953934
1340,0.52,0.28,0.4772465590159048
1341,0.52,0.3,0.47915432582816697
1342,0.52,0.32,0.48114098884486395
1343,0.52,0.34,0.48318440947847907
1344,0.52,0.36,0.4852653741860713
1345,0.52,0.38,0.4873680709666924
1346,0.52,0.4,0.4894803418444942
1347,0.52,0.42,0.4915937042329259
1348,0.52,0.44,0.4937031465280586
1349,0.52,0.46,0.4958067151062184
1350,0.52,0.48,0.49790492055521196
1351,0.52,0.5,0.5
1352,0.52,0.52,0.502095079444788
1353,0.52,0.54,0.5041932848937816
1354,0.52,0.56,0.5062968534719414
1355,0.52,0.58,0.5084062957670741
1356,0.52,0.6,0.5105196581555058
1357,0.52,0.62,0.5126319290333077
1358,0.52,0.64,0.5147346258139287
1359,0.52,0.66,0.5168155905215209
1360,0.52,0.68,0.518859011155136
1361,0.52,0.7000000000000001,0.520845674171833
1362,0.52,0.72,0.5227534409840953
1363,0.52,0.74,0.5245579289204607
1364,0.52,0.76,0.5262333653473868
1365,0.52,0.78,0.5277535733038886
1366,0.52,0.8,0.5290930387378802
1367,0.52,0.8200000000000001,0.5302280038498401
1368,0.52,0.84,0.5311375286015002
1369,0.52,0.86,0.5318044634021207
1370,0.52,0.88,0.5322162803841696
1371,0.52,0.9,0.5323657183203773
1372,0.52,0.92,0.5322512066689028
1373,0.52,0.9400000000000001,0.5318770467988276
1374,0.52,0.96,0.5312533423098784
1375,0.52,0.98,0.5303956845777673
1376,0.52,1.0,0.5293246132600925
1377,0.54,0.0,0.44130701911784753
1378,0.54,0.02,0.43916327836961844
1379,0.54,0.04,0.4374466832204257
1380,0.54,0.06,0.4361983436320627
1381,0.54,0.08,0.4354494656193704
1382,0.54,0.1,0.4352202714570753
1383,0.54,0.12,0.43551937030128224
1384,0.54,0.14,0.4363436187249514
1385,0.54,0.16,0.4376784834392879
1386,0.54,0.18,0.43949889001677805
1387,0.54,0.2,0.4417705136875608
1388,0.54,0.22,0.4444514431311063
1389,0.54,0.24,0.4474941273000834
1390,0.54,0.26,0.45084750002158036
1391,0.54,0.28,0.4544591683157809
1392,0.54,0.3,0.45827754846103913
1393,0.54,0.32,0.4622538387337896
1394,0.54,0.34,0.46634372892668724
1395,0.54,0.36,0.470508763285908
1396,0.54,0.38,0.4747172942169504
1397,0.54,0.4,0.47894498762757304
1398,0.54,0.42,0.48317486568806534
1399,0.54,0.44,0.4873968977129075
1400,0.54,0.46,0.49160717353981
1401,0.54,0.48,0.4958067151062184
1402,0.54,0.5,0.5
1403,0.54,0.52,0.5041932848937816
1404,0.54,0.54,0.50839282646019
1405,0.54,0.56,0.5126031022870926
1406,0.54,0.58,0.5168251343119347
1407,0.54,0.6,0.521055012372427
1408,0.54,0.62,0.5252827057830496
1409,0.54,0.64,0.5294912367140919
1410,0.54,0.66,0.5336562710733127
1411,0.54,0.68,0.5377461612662103
1412,0.54,0.7000000000000001,0.5417224515389609
1413,0.54,0.72,0.545540831684219
1414,0.54,0.74,0.5491524999784196
1415,0.54,0.76,0.5525058726999166
1416,0.54,0.78,0.5555485568688937
1417,0.54,0.8,0.5582294863124392
1418,0.54,0.8200000000000001,0.5605011099832219
1419,0.54,0.84,0.5623215165607122
1420,0.54,0.86,0.5636563812750486
1421,0.54,0.88,0.5644806296987177
1422,0.54,0.9,0.5647797285429247
1423,0.54,0.92,0.5645505343806296
1424,0.54,0.9400000000000001,0.5638016563679373
1425,0.54,0.96,0.5625533167795743
1426,0.54,0.98,0.5608367216303816
1427,0.54,1.0,0.5586929808821525
1428,0.56,0.0,0.4118635843239651
1429,0.56,0.02,0.40864443234279485
1430,0.56,0.04,0.4060667042849799
1431,0.56,0.06,0.4041921329953443
1432,0.56,0.08,0.403067579039739
1433,0.56,0.1,0.4027234092317831
1434,0.56,0.12,0.40317255152554704
1435,0.56,0.14,0.40441028558841025
1436,0.56,0.16,0.40641478748226123
1437,0.56,0.18,0.4091484041499036
1438,0.56,0.2,0.41255959174164686
1439,0.56,0.22,0.4165854140509428
1440,0.56,0.24,0.42115446596579287
1441,0.56,0.26,0.4261900638798256
1442,0.56,0.28,0.43161353178479983
1443,0.56,0.3,0.43734740889639706
1444,0.56,0.32,0.44331841202250144
1445,0.56,0.34,0.4494600026640525
1446,0.56,0.36,0.45571443367218817
1447,0.56,0.38,0.462034181382201
1448,0.56,0.4,0.46838270446262903
1449,0.56,0.42,0.47473450812629076
1450,0.56,0.44,0.48107452977702575
1451,0.56,0.46,0.4873968977129075
1452,0.56,0.48,0.4937031465280586
1453,0.56,0.5,0.5
1454,0.56,0.52,0.5062968534719414
1455,0.56,0.54,0.5126031022870926
1456,0.56,0.56,0.5189254702229742
1457,0.56,0.58,0.5252654918737092
1458,0.56,0.6,0.5316172955373709
1459,0.56,0.62,0.537965818617799
1460,0.56,0.64,0.5442855663278118
1461,0.56,0.66,0.5505399973359475
1462,0.56,0.68,0.5566815879774986
1463,0.56,0.7000000000000001,0.5626525911036029
1464,0.56,0.72,0.5683864682152001
1465,0.56,0.74,0.5738099361201744
1466,0.56,0.76,0.5788455340342071
1467,0.56,0.78,0.5834145859490572
1468,0.56,0.8,0.5874404082583531
1469,0.56,0.8200000000000001,0.5908515958500964
1470,0.56,0.84,0.5935852125177388
1471,0.56,0.86,0.5955897144115898
1472,0.56,0.88,0.596827448474453
1473,0.56,0.9,0.5972765907682168
1474,0.56,0.92,0.596932420960261
1475,0.56,0.9400000000000001,0.5958078670046557
1476,0.56,0.96,0.5939332957150202
1477,0.56,0.98,0.5913555676572051
1478,0.56,1.0,0.5881364156760349
1479,0.58,0.0,0.38233793571281954
1480,0.58,0.02,0.3780403696675777
1481,0.58,0.04,0.37459910419147363
1482,0.58,0.06,0.37209655259687807
1483,0.58,0.08,0.37059527371227713
1484,0.58,0.1,0.37013580721640493
1485,0.58,0.12,0.370735411920517
1486,0.58,0.14,0.3723877861832776
1487,0.58,0.16,0.3750637950598469
1488,0.58,0.18,0.37871317174050195
1489,0.58,0.2,0.38326710521552154
1490,0.58,0.22,0.3886415756853246
1491,0.58,0.24,0.3947412573664203
1492,0.58,0.26,0.40146377768836283
1493,0.58,0.28,0.4087041042253547
1494,0.58,0.3,0.4163588268748371
1495,0.58,0.32,0.4243301126174417
1496,0.58,0.34,0.4325291325951535
1497,0.58,0.36,0.4408787943974215
1498,0.58,0.38,0.44931565395916645
1499,0.58,0.4,0.4577909286238824
1500,0.58,0.42,0.4662705828653304
1501,0.58,0.44,0.4747345081262908
1502,0.58,0.46,0.48317486568806534
1503,0.58,0.48,0.491593704232926
1504,0.58,0.5,0.5
1505,0.58,0.52,0.5084062957670741
1506,0.58,0.54,0.5168251343119347
1507,0.58,0.56,0.5252654918737092
1508,0.58,0.58,0.5337294171346695
1509,0.58,0.6,0.5422090713761176
1510,0.58,0.62,0.5506843460408335
1511,0.58,0.64,0.5591212056025785
1512,0.58,0.66,0.5674708674048465
1513,0.58,0.68,0.5756698873825583
1514,0.58,0.7000000000000001,0.5836411731251628
1515,0.58,0.72,0.5912958957746453
1516,0.58,0.74,0.5985362223116372
1517,0.58,0.76,0.6052587426335796
1518,0.58,0.78,0.6113584243146754
1519,0.58,0.8,0.6167328947844785
1520,0.58,0.8200000000000001,0.621286828259498
1521,0.58,0.84,0.6249362049401531
1522,0.58,0.86,0.6276122138167224
1523,0.58,0.88,0.6292645880794829
1524,0.58,0.9,0.6298641927835951
1525,0.58,0.92,0.6294047262877229
1526,0.58,0.9400000000000001,0.627903447403122
1527,0.58,0.96,0.6254008958085264
1528,0.58,0.98,0.6219596303324224
1529,0.58,1.0,0.6176620642871804
1530,0.6,0.0,0.352757417955672
1531,0.6,0.02,0.34737943376985153
1532,0.6,0.04,0.3430730261161082
1533,0.6,0.06,0.33994132720601555
1534,0.6,0.08,0.3380626233036453
1535,0.6,0.1,0.33748764585764407
1536,0.6,0.12,0.33823799258472426
1537,0.6,0.14,0.34030577759620123
1538,0.6,0.16,0.3436545413540586
1539,0.6,0.18,0.34822137985521306
1540,0.6,0.2,0.3539201828413939
1541,0.6,0.22,0.3606458077391802
1542,0.6,0.24,0.3682789636404818
1543,0.6,0.26,0.37669154127155546
1544,0.6,0.28,0.3857521028094589
1545,0.6,0.3,0.3953312406103397
1546,0.6,0.32,0.40530652620527474
1547,0.6,0.34,0.4155667989538879
1548,0.6,0.36,0.4260155852335688
1549,0.6,0.38,0.43657349099310633
1550,0.6,0.4,0.447179469502219
1551,0.6,0.42,0.4577909286238824
1552,0.6,0.44,0.46838270446262903
1553,0.6,0.46,0.4789449876275731
1554,0.6,0.48,0.4894803418444942
1555,0.6,0.5,0.5
1556,0.6,0.52,0.5105196581555058
1557,0.6,0.54,0.521055012372427
1558,0.6,0.56,0.5316172955373709
1559,0.6,0.58,0.5422090713761176
1560,0.6,0.6,0.5528205304977811
1561,0.6,0.62,0.5634265090068936
1562,0.6,0.64,0.5739844147664311
1563,0.6,0.66,0.5844332010461122
1564,0.6,0.68,0.5946934737947253
1565,0.6,0.7000000000000001,0.6046687593896602
1566,0.6,0.72,0.6142478971905411
1567,0.6,0.74,0.6233084587284445
1568,0.6,0.76,0.6317210363595182
1569,0.6,0.78,0.6393541922608198
1570,0.6,0.8,0.6460798171586061
1571,0.6,0.8200000000000001,0.6517786201447869
1572,0.6,0.84,0.6563454586459413
1573,0.6,0.86,0.6596942224037988
1574,0.6,0.88,0.6617620074152758
1575,0.6,0.9,0.6625123541423559
1576,0.6,0.92,0.6619373766963548
1577,0.6,0.9400000000000001,0.6600586727939844
1578,0.6,0.96,0.6569269738838918
1579,0.6,0.98,0.6526205662301484
1580,0.6,1.0,0.6472425820443278
1581,0.62,0.0,0.3231921779614619
1582,0.62,0.02,0.3167343336500496
1583,0.62,0.04,0.3115632306477996
1584,0.62,0.06,0.3078027093645798
1585,0.62,0.08,0.305546775377132
1586,0.62,0.1,0.304856346640164
1587,0.62,0.12,0.30575735753488503
1588,0.62,0.14,0.30824033874349427
1589,0.62,0.16,0.3122615099178092
1590,0.62,0.18,0.3177453363882509
1591,0.62,0.2,0.32458841758272494
1592,0.62,0.22,0.3326644990634734
1593,0.62,0.24,0.3418303371753277
1594,0.62,0.26,0.35193209923375496
1595,0.62,0.28,0.3628119556565428
1596,0.62,0.3,0.3743145146857704
1597,0.62,0.32,0.386292765106032
1598,0.62,0.34,0.39861322602852184
1599,0.62,0.36,0.4111600526285904
1600,0.62,0.38,0.42383790910675234
1601,0.62,0.4,0.43657349099310633
1602,0.62,0.42,0.44931565395916634
1603,0.62,0.44,0.462034181382201
1604,0.62,0.46,0.4747172942169504
1605,0.62,0.48,0.4873680709666924
1606,0.62,0.5,0.5
1607,0.62,0.52,0.5126319290333077
1608,0.62,0.54,0.5252827057830496
1609,0.62,0.56,0.537965818617799
1610,0.62,0.58,0.5506843460408335
1611,0.62,0.6,0.5634265090068936
1612,0.62,0.62,0.5761620908932477
1613,0.62,0.64,0.5888399473714095
1614,0.62,0.66,0.6013867739714781
1615,0.62,0.68,0.6137072348939681
1616,0.62,0.7000000000000001,0.6256854853142295
1617,0.62,0.72,0.6371880443434572
1618,0.62,0.74,0.648067900766245
1619,0.62,0.76,0.6581696628246724
1620,0.62,0.78,0.6673355009365266
1621,0.62,0.8,0.6754115824172751
1622,0.62,0.8200000000000001,0.6822546636117491
1623,0.62,0.84,0.6877384900821908
1624,0.62,0.86,0.6917596612565058
1625,0.62,0.88,0.694242642465115
1626,0.62,0.9,0.6951436533598361
1627,0.62,0.92,0.6944532246228681
1628,0.62,0.9400000000000001,0.6921972906354201
1629,0.62,0.96,0.6884367693522003
1630,0.62,0.98,0.6832656663499505
1631,0.62,1.0,0.6768078220385381
1632,0.64,0.0,0.2937609456287935
1633,0.64,0.02,0.28622813577509915
1634,0.64,0.04,0.2801962567499297
1635,0.64,0.06,0.2758097632992893
1636,0.64,0.08,0.2731783090630977
1637,0.64,0.1,0.2723729523306792
1638,0.64,0.12,0.2734239444913368
1639,0.64,0.14,0.27632023997521765
1640,0.64,0.16,0.2810107708063407
1641,0.64,0.18,0.2874074288984989
1642,0.64,0.2,0.29538960173599976
1643,0.64,0.22,0.30481001870856633
1644,0.64,0.24,0.3155015919823798
1645,0.64,0.26,0.32728488205627065
1646,0.64,0.28,0.33997578721227206
1647,0.64,0.3,0.35339304935421395
1648,0.64,0.32,0.36736518594417655
1649,0.64,0.34,0.381736497013875
1650,0.64,0.36,0.39637185433869754
1651,0.64,0.38,0.4111600526285904
1652,0.64,0.4,0.4260155852335688
1653,0.64,0.42,0.4408787943974214
1654,0.64,0.44,0.4557144336721882
1655,0.64,0.46,0.470508763285908
1656,0.64,0.48,0.4852653741860713
1657,0.64,0.5,0.5
1658,0.64,0.52,0.5147346258139287
1659,0.64,0.54,0.5294912367140919
1660,0.64,0.56,0.5442855663278118
1661,0.64,0.58,0.5591212056025785
1662,0.64,0.6,0.5739844147664311
1663,0.64,0.62,0.5888399473714095
1664,0.64,0.64,0.6036281456613024
1665,0.64,0.66,0.6182635029861249
1666,0.64,0.68,0.6326348140558234
1667,0.64,0.7000000000000001,0.646606950645786
1668,0.64,0.72,0.6600242127877279
1669,0.64,0.74,0.6727151179437293
1670,0.64,0.76,0.6844984080176202
1671,0.64,0.78,0.6951899812914337
1672,0.64,0.8,0.7046103982640002
1673,0.64,0.8200000000000001,0.7125925711015012
1674,0.64,0.84,0.7189892291936594
1675,0.64,0.86,0.7236797600247824
1676,0.64,0.88,0.7265760555086632
1677,0.64,0.9,0.7276270476693207
1678,0.64,0.92,0.7268216909369023
1679,0.64,0.9400000000000001,0.7241902367007107
1680,0.64,0.96,0.7198037432500703
1681,0.64,0.98,0.713771864224901
1682,0.64,1.0,0.7062390543712065
1683,0.66,0.0,0.26463389490532147
1684,0.66,0.02,0.2560372296370076
1685,0.66,0.04,0.24915347099641022
1686,0.66,0.06,0.2441474750096254
1687,0.66,0.08,0.24114438165179541
1688,0.66,0.1,0.2402252847431181
1689,0.66,0.12,0.24142470806327054
1690,0.66,0.14,0.24473004608143933
1691,0.66,0.16,0.25008301851391024
1692,0.66,0.18,0.2573830738083058
1693,0.66,0.2,0.2664925653965169
1694,0.66,0.22,0.277243423704905
1695,0.66,0.24,0.2894449631585458
1696,0.66,0.26,0.3028924020946296
1697,0.66,0.28,0.31737563819072684
1698,0.66,0.3,0.33268781434965733
1699,0.66,0.32,0.3486332296302728
1700,0.66,0.34,0.3650341946264119
1701,0.66,0.36,0.38173649701387496
1702,0.66,0.38,0.39861322602852184
1703,0.66,0.4,0.4155667989538879
1704,0.66,0.42,0.43252913259515346
1705,0.66,0.44,0.4494600026640525
1706,0.66,0.46,0.4663437289266873
1707,0.66,0.48,0.48318440947847907
1708,0.66,0.5,0.5
1709,0.66,0.52,0.5168155905215209
1710,0.66,0.54,0.5336562710733127
1711,0.66,0.56,0.5505399973359475
1712,0.66,0.58,0.5674708674048465
1713,0.66,0.6,0.5844332010461122
1714,0.66,0.62,0.6013867739714781
1715,0.66,0.64,0.618263502986125
1716,0.66,0.66,0.6349658053735882
1717,0.66,0.68,0.6513667703697271
1718,0.66,0.7000000000000001,0.6673121856503427
1719,0.66,0.72,0.6826243618092731
1720,0.66,0.74,0.6971075979053705
1721,0.66,0.76,0.7105550368414542
1722,0.66,0.78,0.722756576295095
1723,0.66,0.8,0.7335074346034831
1724,0.66,0.8200000000000001,0.7426169261916944
1725,0.66,0.84,0.7499169814860898
1726,0.66,0.86,0.7552699539185606
1727,0.66,0.88,0.7585752919367295
1728,0.66,0.9,0.7597747152568818
1729,0.66,0.92,0.7588556183482046
1730,0.66,0.9400000000000001,0.7558525249903746
1731,0.66,0.96,0.7508465290035897
1732,0.66,0.98,0.7439627703629925
1733,0.66,1.0,0.7353661050946785
1734,0.68,0.0,0.23603234475526536
1735,0.68,0.02,0.22639101779831944
1736,0.68,0.04,0.21867074887132928
1737,0.68,0.06,0.21305642720736412
1738,0.68,0.08,0.20968839971747333
1739,0.68,0.1,0.20865761469501376
1740,0.68,0.12,0.2100027912289889
1741,0.68,0.14,0.21370979197192227
1742,0.68,0.16,0.21971325445442647
1743,0.68,0.18,0.22790040815883664
1744,0.68,0.2,0.23811687978734256
1745,0.68,0.22,0.25017417605093173
1746,0.68,0.24,0.26385843937618003
1747,0.68,0.26,0.27894000315350004
1748,0.68,0.28,0.2951832335502678
1749,0.68,0.3,0.31235613631696524
1750,0.68,0.32,0.33023922904960196
1751,0.68,0.34,0.3486332296302729
1752,0.68,0.36,0.36736518594417655
1753,0.68,0.38,0.386292765106032
1754,0.68,0.4,0.40530652620527474
1755,0.68,0.42,0.4243301126174416
1756,0.68,0.44,0.44331841202250144
1757,0.68,0.46,0.4622538387337896
1758,0.68,0.48,0.48114098884486395
1759,0.68,0.5,0.5
1760,0.68,0.52,0.518859011155136
1761,0.68,0.54,0.5377461612662103
1762,0.68,0.56,0.5566815879774986
1763,0.68,0.58,0.5756698873825583
1764,0.68,0.6,0.5946934737947253
1765,0.68,0.62,0.6137072348939681
1766,0.68,0.64,0.6326348140558234
1767,0.68,0.66,0.6513667703697271
1768,0.68,0.68,0.6697607709503981
1769,0.68,0.7000000000000001,0.6876438636830348
1770,0.68,0.72,0.7048167664497321
1771,0.68,0.74,0.7210599968464998
1772,0.68,0.76,0.73614156062382
1773,0.68,0.78,0.7498258239490683
1774,0.68,0.8,0.7618831202126575
1775,0.68,0.8200000000000001,0.7720995918411635
1776,0.68,0.84,0.7802867455455734
1777,0.68,0.86,0.7862902080280777
1778,0.68,0.88,0.7899972087710111
1779,0.68,0.9,0.7913423853049862
1780,0.68,0.92,0.7903116002825267
1781,0.68,0.9400000000000001,0.7869435727926359
1782,0.68,0.96,0.7813292511286708
1783,0.68,0.98,0.7736089822016805
1784,0.68,1.0,0.7639676552447346
1785,0.7000000000000001,0.0,0.2082252251791087
1786,0.7000000000000001,0.02,0.19756825283441243
1787,0.7000000000000001,0.04,0.1890347083528325
1788,0.7000000000000001,0.06,0.18282895773631588
1789,0.7000000000000001,0.08,0.17910613244720094
1790,0.7000000000000001,0.1,0.17796676153625338
1791,0.7000000000000001,0.12,0.17945364287378332
1792,0.7000000000000001,0.14,0.18355114984306511
1793,0.7000000000000001,0.16,0.19018703450232116
1794,0.7000000000000001,0.18,0.19923664675998035
1795,0.7000000000000001,0.2,0.21052935118661784
1796,0.7000000000000001,0.22,0.22385679806262165
1797,0.7000000000000001,0.24,0.23898260143657027
1798,0.7000000000000001,0.26,0.25565290095108717
1799,0.7000000000000001,0.28,0.27360724042115114
1800,0.7000000000000001,0.3,0.2925891866491034
1801,0.7000000000000001,0.32,0.31235613631696524
1802,0.7000000000000001,0.34,0.33268781434965733
1803,0.7000000000000001,0.36,0.35339304935421395
1804,0.7000000000000001,0.38,0.3743145146857704
1805,0.7000000000000001,0.4,0.3953312406103397
1806,0.7000000000000001,0.42,0.416358826874837
1807,0.7000000000000001,0.44,0.4373474088963971
1808,0.7000000000000001,0.46,0.4582775484610392
1809,0.7000000000000001,0.48,0.4791543258281669
1810,0.7000000000000001,0.5,0.5
1811,0.7000000000000001,0.52,0.520845674171833
1812,0.7000000000000001,0.54,0.5417224515389609
1813,0.7000000000000001,0.56,0.5626525911036029
1814,0.7000000000000001,0.58,0.5836411731251628
1815,0.7000000000000001,0.6,0.6046687593896602
1816,0.7000000000000001,0.62,0.6256854853142295
1817,0.7000000000000001,0.64,0.646606950645786
1818,0.7000000000000001,0.66,0.6673121856503427
1819,0.7000000000000001,0.68,0.6876438636830348
1820,0.7000000000000001,0.7000000000000001,0.7074108133508966
1821,0.7000000000000001,0.72,0.7263927595788489
1822,0.7000000000000001,0.74,0.7443470990489127
1823,0.7000000000000001,0.76,0.7610173985634296
1824,0.7000000000000001,0.78,0.7761432019373783
1825,0.7000000000000001,0.8,0.7894706488133821
1826,0.7000000000000001,0.8200000000000001,0.8007633532400196
1827,0.7000000000000001,0.84,0.8098129654976788
1828,0.7000000000000001,0.86,0.8164488501569349
1829,0.7000000000000001,0.88,0.8205463571262167
1830,0.7000000000000001,0.9,0.8220332384637467
1831,0.7000000000000001,0.92,0.820893867552799
1832,0.7000000000000001,0.9400000000000001,0.8171710422636841
1833,0.7000000000000001,0.96,0.8109652916471676
1834,0.7000000000000001,0.98,0.8024317471655875
1835,0.7000000000000001,1.0,0.7917747748208913
1836,0.72,0.0,0.18152240772786468
1837,0.72,0.02,0.16989012424711128
1838,0.72,0.04,0.16057560176411376
1839,0.72,0.06,0.1538019095701851
1840,0.72,0.08,0.14973837654113914
1841,0.72,0.1,0.14849473200522534
1842,0.72,0.12,0.150117690633714
1843,0.72,0.14,0.15459019568387206
1844,0.72,0.16,0.16183338718379794
1845,0.72,0.18,0.17171120724067188
1846,0.72,0.2,0.18403740411030925
1847,0.72,0.22,0.198584560199488
1848,0.72,0.24,0.21509465584663232
1849,0.72,0.26,0.23329059775112948
1850,0.72,0.28,0.25288809314384325
1851,0.72,0.3,0.27360724042115125
1852,0.72,0.32,0.2951832335502678
1853,0.72,0.34,0.31737563819072695
1854,0.72,0.36,0.3399757872122721
1855,0.72,0.38,0.36281195565654284
1856,0.72,0.4,0.3857521028094589
1857,0.72,0.42,0.40870410422535447
1858,0.72,0.44,0.4316135317847999
1859,0.72,0.46,0.454459168315781
1860,0.72,0.48,0.4772465590159048
1861,0.72,0.5,0.5
1862,0.72,0.52,0.5227534409840953
1863,0.72,0.54,0.545540831684219
1864,0.72,0.56,0.5683864682152001
1865,0.72,0.58,0.5912958957746453
1866,0.72,0.6,0.6142478971905411
1867,0.72,0.62,0.6371880443434572
1868,0.72,0.64,0.6600242127877279
1869,0.72,0.66,0.6826243618092731
1870,0.72,0.68,0.7048167664497321
1871,0.72,0.7000000000000001,0.7263927595788489
1872,0.72,0.72,0.7471119068561567
1873,0.72,0.74,0.7667094022488704
1874,0.72,0.76,0.7849053441533677
1875,0.72,0.78,0.801415439800512
1876,0.72,0.8,0.8159625958896908
1877,0.72,0.8200000000000001,0.8282887927593281
1878,0.72,0.84,0.838166612816202
1879,0.72,0.86,0.845409804316128
1880,0.72,0.88,0.849882309366286
1881,0.72,0.9,0.8515052679947747
1882,0.72,0.92,0.8502616234588608
1883,0.72,0.9400000000000001,0.8461980904298149
1884,0.72,0.96,0.8394243982358863
1885,0.72,0.98,0.8301098757528889
1886,0.72,1.0,0.8184775922721353
1887,0.74,0.0,0.1562651741665987
1888,0.74,0.02,0.1437103789994558
1889,0.74,0.04,0.13365715754493468
1890,0.74,0.06,0.12634626986232633
1891,0.74,0.08,0.12196047364965638
1892,0.74,0.1,0.12061820044637953
1893,0.74,0.12,0.12236986968476568
1894,0.74,0.14,0.12719707191738436
1895,0.74,0.16,0.13501469309111375
1896,0.74,0.18,0.14567588508468413
1897,0.74,0.2,0.1589796252440627
1898,0.74,0.22,0.1746804603609409
1899,0.74,0.24,0.19249990822625454
1900,0.74,0.26,0.21213890033491306
1901,0.74,0.28,0.23329059775112948
1902,0.74,0.3,0.2556529009510872
1903,0.74,0.32,0.27894000315350015
1904,0.74,0.34,0.30289240209462964
1905,0.74,0.36,0.3272848820562707
1906,0.74,0.38,0.351932099233755
1907,0.74,0.4,0.3766915412715555
1908,0.74,0.42,0.4014637776883627
1909,0.74,0.44,0.4261900638798256
1910,0.74,0.46,0.4508475000215804
1911,0.74,0.48,0.47544207107953934
1912,0.74,0.5,0.5
1913,0.74,0.52,0.5245579289204607
1914,0.74,0.54,0.5491524999784196
1915,0.74,0.56,0.5738099361201744
1916,0.74,0.58,0.5985362223116372
1917,0.74,0.6,0.6233084587284445
1918,0.74,0.62,0.648067900766245
1919,0.74,0.64,0.6727151179437293
1920,0.74,0.66,0.6971075979053705
1921,0.74,0.68,0.7210599968464998
1922,0.74,0.7000000000000001,0.7443470990489127
1923,0.74,0.72,0.7667094022488704
1924,0.74,0.74,0.7878610996650869
1925,0.74,0.76,0.8075000917737454
1926,0.74,0.78,0.8253195396390591
1927,0.74,0.8,0.8410203747559373
1928,0.74,0.8200000000000001,0.8543241149153158
1929,0.74,0.84,0.8649853069088862
1930,0.74,0.86,0.8728029280826156
1931,0.74,0.88,0.8776301303152344
1932,0.74,0.9,0.8793817995536204
1933,0.74,0.92,0.8780395263503437
1934,0.74,0.9400000000000001,0.8736537301376737
1935,0.74,0.96,0.8663428424550654
1936,0.74,0.98,0.8562896210005442
1937,0.74,1.0,0.8437348258334012
1938,0.76,0.0,0.13281426141782063
1939,0.76,0.02,0.1194029298048008
1940,0.76,0.04,0.1086638388908715
1941,0.76,0.06,0.10085417431318049
1942,0.76,0.08,0.09616916220329128
1943,0.76,0.1,0.09473531395608709
1944,0.76,0.12,0.09660648881155613
1945,0.76,0.14,0.10176302135891202
1946,0.76,0.16,0.11011399073675084
1947,0.76,0.18,0.12150253027979642
1948,0.76,0.2,0.1357139027948828
1949,0.76,0.22,0.15248590931115633
1950,0.76,0.24,0.1715210684914573
1951,0.76,0.26,0.19249990822625454
1952,0.76,0.28,0.21509465584663226
1953,0.76,0.3,0.23898260143657038
1954,0.76,0.32,0.26385843937618014
1955,0.76,0.34,0.28944496315854584
1956,0.76,0.36,0.3155015919823798
1957,0.76,0.38,0.34183033717532774
1958,0.76,0.4,0.3682789636404819
1959,0.76,0.42,0.3947412573664202
1960,0.76,0.44,0.42115446596579287
1961,0.76,0.46,0.4474941273000835
1962,0.76,0.48,0.4737666346526131
1963,0.76,0.5,0.5
1964,0.76,0.52,0.5262333653473868
1965,0.76,0.54,0.5525058726999166
1966,0.76,0.56,0.5788455340342071
1967,0.76,0.58,0.6052587426335796
1968,0.76,0.6,0.6317210363595182
1969,0.76,0.62,0.6581696628246724
1970,0.76,0.64,0.6844984080176202
1971,0.76,0.66,0.7105550368414542
1972,0.76,0.68,0.73614156062382
1973,0.76,0.7000000000000001,0.7610173985634296
1974,0.76,0.72,0.7849053441533677
1975,0.76,0.74,0.8075000917737454
1976,0.76,0.76,0.8284789315085426
1977,0.76,0.78,0.8475140906888438
1978,0.76,0.8,0.8642860972051173
1979,0.76,0.8200000000000001,0.8784974697202036
1980,0.76,0.84,0.8898860092632491
1981,0.76,0.86,0.898236978641088
1982,0.76,0.88,0.9033935111884438
1983,0.76,0.9,0.905264686043913
1984,0.76,0.92,0.9038308377967087
1985,0.76,0.9400000000000001,0.8991458256868194
1986,0.76,0.96,0.8913361611091286
1987,0.76,0.98,0.8805970701951993
1988,0.76,1.0,0.8671857385821794
1989,0.78,0.0,0.1115360657340088
1990,0.78,0.02,0.09734755541153188
1991,0.78,0.04,0.08598614055110303
1992,0.78,0.06,0.07772391054494329
1993,0.78,0.08,0.07276740476310431
1994,0.78,0.1,0.07125046586073824
1995,0.78,0.12,0.07323007418883347
1996,0.78,0.14,0.07868542473771706
1997,0.78,0.16,0.08752032783601386
1998,0.78,0.18,0.09956882648827055
1999,0.78,0.2,0.11460373960839028
2000,0.78,0.22,0.13234767395073202
2001,0.78,0.24,0.15248590931115627
2002,0.78,0.26,0.17468046036094084
2003,0.78,0.28,0.19858456019948795
2004,0.78,0.3,0.22385679806262165
2005,0.78,0.32,0.2501741760509317
2006,0.78,0.34,0.27724342370490507
2007,0.78,0.36,0.30481001870856633
2008,0.78,0.38,0.3326644990634734
2009,0.78,0.4,0.3606458077391802
2010,0.78,0.42,0.3886415756853245
2011,0.78,0.44,0.41658541405094285
2012,0.78,0.46,0.4444514431311064
2013,0.78,0.48,0.47224642669611133
2014,0.78,0.5,0.5
2015,0.78,0.52,0.5277535733038886
2016,0.78,0.54,0.5555485568688937
2017,0.78,0.56,0.5834145859490572
2018,0.78,0.58,0.6113584243146754
2019,0.78,0.6,0.6393541922608198
2020,0.78,0.62,0.6673355009365266
2021,0.78,0.64,0.6951899812914337
2022,0.78,0.66,0.722756576295095
2023,0.78,0.68,0.7498258239490683
2024,0.78,0.7000000000000001,0.7761432019373783
2025,0.78,0.72,0.801415439800512
2026,0.78,0.74,0.8253195396390591
2027,0.78,0.76,0.8475140906888438
2028,0.78,0.78,0.8676523260492679
2029,0.78,0.8,0.8853962603916098
2030,0.78,0.8200000000000001,0.9004311735117294
2031,0.78,0.84,0.9124796721639861
2032,0.78,0.86,0.9213145752622829
2033,0.78,0.88,0.9267699258111666
2034,0.78,0.9,0.9287495341392618
2035,0.78,0.92,0.9272325952368957
2036,0.78,0.9400000000000001,0.9222760894550567
2037,0.78,0.96,0.914013859448897
2038,0.78,0.98,0.9026524445884682
2039,0.78,1.0,0.8884639342659912
2040,0.8,0.0,0.0927877046994051
2041,0.8,0.02,0.07791441699966246
2042,0.8,0.04,0.06600466833298275
2043,0.8,0.06,0.05734367989021527
2044,0.8,0.08,0.052147959211776916
2045,0.8,0.1,0.05055780857544968
2046,0.8,0.12,0.052632958364073015
2047,0.8,0.14,0.05835159945974575
2048,0.8,0.16,0.06761289980726361
2049,0.8,0.18,0.08024289286024062
2050,0.8,0.2,0.09600343313499571
2051,0.8,0.22,0.11460373960839022
2052,0.8,0.24,0.13571390279488274
2053,0.8,0.26,0.15897962524406264
2054,0.8,0.28,0.1840374041103092
2055,0.8,0.3,0.21052935118661784
2056,0.8,0.32,0.23811687978734256
2057,0.8,0.34,0.2664925653965169
2058,0.8,0.36,0.29538960173599976
2059,0.8,0.38,0.32458841758272494
2060,0.8,0.4,0.3539201828413939
2061,0.8,0.42,0.3832671052155213
2062,0.8,0.44,0.4125595917416469
2063,0.8,0.46,0.4417705136875608
2064,0.8,0.48,0.4709069612621198
2065,0.8,0.5,0.5
2066,0.8,0.52,0.5290930387378803
2067,0.8,0.54,0.5582294863124392
2068,0.8,0.56,0.5874404082583531
2069,0.8,0.58,0.6167328947844785
2070,0.8,0.6,0.6460798171586061
2071,0.8,0.62,0.6754115824172751
2072,0.8,0.64,0.7046103982640002
2073,0.8,0.66,0.7335074346034831
2074,0.8,0.68,0.7618831202126575
2075,0.8,0.7000000000000001,0.7894706488133821
2076,0.8,0.72,0.8159625958896908
2077,0.8,0.74,0.8410203747559373
2078,0.8,0.76,0.8642860972051173
2079,0.8,0.78,0.8853962603916098
2080,0.8,0.8,0.9039965668650043
2081,0.8,0.8200000000000001,0.9197571071397594
2082,0.8,0.84,0.9323871001927363
2083,0.8,0.86,0.9416484005402542
2084,0.8,0.88,0.947367041635927
2085,0.8,0.9,0.9494421914245503
2086,0.8,0.92,0.947852040788223
2087,0.8,0.9400000000000001,0.9426563201097847
2088,0.8,0.96,0.9339953316670172
2089,0.8,0.98,0.9220855830003376
2090,0.8,1.0,0.9072122953005949
2091,0.8200000000000001,0.0,0.07690171381026716
2092,0.8200000000000001,0.02,0.06144819580899287
2093,0.8200000000000001,0.04,0.04907382915068025
2094,0.8200000000000001,0.06,0.04007496195257902
2095,0.8200000000000001,0.08,0.03467654805413555
2096,0.8200000000000001,0.1,0.03302436314523702
2097,0.8200000000000001,0.12,0.0351804677847234
2098,0.8200000000000001,0.14,0.04112220204676789
2099,0.8200000000000001,0.16,0.05074480025940461
2100,0.8200000000000001,0.18,0.06386750916817707
2101,0.8200000000000001,0.2,0.08024289286024068
2102,0.8200000000000001,0.22,0.09956882648827055
2103,0.8200000000000001,0.24,0.12150253027979631
2104,0.8200000000000001,0.26,0.14567588508468401
2105,0.8200000000000001,0.28,0.17171120724067188
2106,0.8200000000000001,0.3,0.19923664675998035
2107,0.8200000000000001,0.32,0.22790040815883664
2108,0.8200000000000001,0.34,0.2573830738083058
2109,0.8200000000000001,0.36,0.28740742889849885
2110,0.8200000000000001,0.38,0.31774533638825087
2111,0.8200000000000001,0.4,0.348221379855213
2112,0.8200000000000001,0.42,0.3787131717405018
2113,0.8200000000000001,0.44,0.4091484041499036
2114,0.8200000000000001,0.46,0.4394988900167781
2115,0.8200000000000001,0.48,0.46977199615015985
2116,0.8200000000000001,0.5,0.5
2117,0.8200000000000001,0.52,0.5302280038498401
2118,0.8200000000000001,0.54,0.5605011099832219
2119,0.8200000000000001,0.56,0.5908515958500964
2120,0.8200000000000001,0.58,0.621286828259498
2121,0.8200000000000001,0.6,0.6517786201447869
2122,0.8200000000000001,0.62,0.6822546636117491
2123,0.8200000000000001,0.64,0.7125925711015012
2124,0.8200000000000001,0.66,0.7426169261916944
2125,0.8200000000000001,0.68,0.7720995918411635
2126,0.8200000000000001,0.7000000000000001,0.8007633532400196
2127,0.8200000000000001,0.72,0.8282887927593281
2128,0.8200000000000001,0.74,0.8543241149153158
2129,0.8200000000000001,0.76,0.8784974697202036
2130,0.8200000000000001,0.78,0.9004311735117294
2131,0.8200000000000001,0.8,0.9197571071397594
2132,0.8200000000000001,0.8200000000000001,0.9361324908318228
2133,0.8200000000000001,0.84,0.9492551997405955
2134,0.8200000000000001,0.86,0.958877797953232
2135,0.8200000000000001,0.88,0.9648195322152766
2136,0.8200000000000001,0.9,0.9669756368547631
2137,0.8200000000000001,0.92,0.9653234519458646
2138,0.8200000000000001,0.9400000000000001,0.959925038047421
2139,0.8200000000000001,0.96,0.9509261708493197
2140,0.8200000000000001,0.98,0.938551804191007
2141,0.8200000000000001,1.0,0.923098286189733
2142,0.84,0.0,0.06417118864604737
2143,0.84,0.02,0.048252692633250945
2144,0.84,0.04,0.03550599597201256
2145,0.84,0.06,0.026236363542630033
2146,0.84,0.08,0.020675517778532045
2147,0.84,0.1,0.018973620587061743
2148,0.84,0.12,0.02119459985560153
2149,0.84,0.14,0.02731511384805634
2150,0.84,0.16,0.03722724461775995
2151,0.84,0.18,0.05074480025940467
2152,0.84,0.2,0.06761289980726366
2153,0.84,0.22,0.08752032783601386
2154,0.84,0.24,0.11011399073675084
2155,0.84,0.26,0.1350146930911137
2156,0.84,0.28,0.1618333871837979
2157,0.84,0.3,0.19018703450232122
2158,0.84,0.32,0.21971325445442647
2159,0.84,0.34,0.2500830185139103
2160,0.84,0.36,0.2810107708063407
2161,0.84,0.38,0.3122615099178092
2162,0.84,0.4,0.3436545413540586
2163,0.84,0.42,0.3750637950598467
2164,0.84,0.44,0.4064147874822613
2165,0.84,0.46,0.43767848343928795
2166,0.84,0.48,0.4688624713984998
2167,0.84,0.5,0.5
2168,0.84,0.52,0.5311375286015002
2169,0.84,0.54,0.5623215165607122
2170,0.84,0.56,0.5935852125177388
2171,0.84,0.58,0.6249362049401531
2172,0.84,0.6,0.6563454586459413
2173,0.84,0.62,0.6877384900821908
2174,0.84,0.64,0.7189892291936594
2175,0.84,0.66,0.7499169814860897
2176,0.84,0.68,0.7802867455455734
2177,0.84,0.7000000000000001,0.8098129654976788
2178,0.84,0.72,0.838166612816202
2179,0.84,0.74,0.8649853069088862
2180,0.84,0.76,0.8898860092632491
2181,0.84,0.78,0.9124796721639861
2182,0.84,0.8,0.9323871001927363
2183,0.84,0.8200000000000001,0.9492551997405955
2184,0.84,0.84,0.96277275538224
2185,0.84,0.86,0.9726848861519437
2186,0.84,0.88,0.9788054001443985
2187,0.84,0.9,0.9810263794129382
2188,0.84,0.92,0.9793244822214681
2189,0.84,0.9400000000000001,0.9737636364573701
2190,0.84,0.96,0.9644940040279876
2191,0.84,0.98,0.9517473073667492
2192,0.84,1.0,0.9358288113539526
2193,0.86,0.0,0.05483617027882169
2194,0.86,0.02,0.038576715961326606
2195,0.86,0.04,0.025556997773391796
2196,0.86,0.06,0.016088819064526496
2197,0.86,0.08,0.010408865531522893
2198,0.86,0.1,0.008670515399981616
2199,0.86,0.12,0.010939065828859862
2200,0.86,0.14,0.01719067512536057
2201,0.86,0.16,0.02731511384805634
2202,0.86,0.18,0.04112220204676795
2203,0.86,0.2,0.05835159945974581
2204,0.86,0.22,0.07868542473771706
2205,0.86,0.24,0.10176302135891202
2206,0.86,0.26,0.1271970719173843
2207,0.86,0.28,0.15459019568387206
2208,0.86,0.3,0.18355114984306517
2209,0.86,0.32,0.21370979197192233
2210,0.86,0.34,0.24473004608143947
2211,0.86,0.36,0.27632023997521765
2212,0.86,0.38,0.30824033874349427
2213,0.86,0.4,0.34030577759620123
2214,0.86,0.42,0.37238778618327745
2215,0.86,0.44,0.40441028558841036
2216,0.86,0.46,0.4363436187249514
2217,0.86,0.48,0.46819553659787927
2218,0.86,0.5,0.5
2219,0.86,0.52,0.5318044634021207
2220,0.86,0.54,0.5636563812750486
2221,0.86,0.56,0.5955897144115898
2222,0.86,0.58,0.6276122138167224
2223,0.86,0.6,0.6596942224037988
2224,0.86,0.62,0.6917596612565058
2225,0.86,0.64,0.7236797600247824
2226,0.86,0.66,0.7552699539185606
2227,0.86,0.68,0.7862902080280777
2228,0.86,0.7000000000000001,0.8164488501569349
2229,0.86,0.72,0.845409804316128
2230,0.86,0.74,0.8728029280826156
2231,0.86,0.76,0.898236978641088
2232,0.86,0.78,0.9213145752622829
2233,0.86,0.8,0.9416484005402542
2234,0.86,0.8200000000000001,0.958877797953232
2235,0.86,0.84,0.9726848861519437
2236,0.86,0.86,0.9828093248746393
2237,0.86,0.88,0.9890609341711402
2238,0.86,0.9,0.9913294846000185
2239,0.86,0.92,0.989591134468477
2240,0.86,0.9400000000000001,0.9839111809354735
2241,0.86,0.96,0.9744430022266083
2242,0.86,0.98,0.9614232840386735
2243,0.86,1.0,0.9451638297211784
2244,0.88,0.0,0.04907200999241173
2245,0.88,0.02,0.03260202172180032
2246,0.88,0.04,0.01941371898698949
2247,0.88,0.06,0.009822942492647242
2248,0.88,0.08,0.004069442637149005
2249,0.88,0.1,0.00230858364904055
2250,0.88,0.12,0.004606508181151788
2251,0.88,0.14,0.010939065828859862
2252,0.88,0.16,0.02119459985560153
2253,0.88,0.18,0.03518046778472345
2254,0.88,0.2,0.05263295836407307
2255,0.88,0.22,0.07323007418883347
2256,0.88,0.24,0.09660648881155608
2257,0.88,0.26,0.12236986968476563
2258,0.88,0.28,0.15011769063371394
2259,0.88,0.3,0.17945364287378338
2260,0.88,0.32,0.2100027912289889
2261,0.88,0.34,0.24142470806327054
2262,0.88,0.36,0.2734239444913368
2263,0.88,0.38,0.30575735753488503
2264,0.88,0.4,0.33823799258472426
2265,0.88,0.42,0.37073541192051684
2266,0.88,0.44,0.40317255152554704
2267,0.88,0.46,0.4355193703012823
2268,0.88,0.48,0.46778371961583043
2269,0.88,0.5,0.5
2270,0.88,0.52,0.5322162803841696
2271,0.88,0.54,0.5644806296987177
2272,0.88,0.56,0.596827448474453
2273,0.88,0.58,0.629264588079483
2274,0.88,0.6,0.6617620074152758
2275,0.88,0.62,0.694242642465115
2276,0.88,0.64,0.7265760555086632
2277,0.88,0.66,0.7585752919367295
2278,0.88,0.68,0.7899972087710111
2279,0.88,0.7000000000000001,0.8205463571262167
2280,0.88,0.72,0.849882309366286
2281,0.88,0.74,0.8776301303152344
2282,0.88,0.76,0.9033935111884438
2283,0.88,0.78,0.9267699258111666
2284,0.88,0.8,0.947367041635927
2285,0.88,0.8200000000000001,0.9648195322152766
2286,0.88,0.84,0.9788054001443985
2287,0.88,0.86,0.9890609341711402
2288,0.88,0.88,0.9953934918188482
2289,0.88,0.9,0.9976914163509594
2290,0.88,0.92,0.9959305573628511
2291,0.88,0.9400000000000001,0.9901770575073527
2292,0.88,0.96,0.9805862810130106
2293,0.88,0.98,0.9673979782781997
2294,0.88,1.0,0.9509279900075883
2295,0.9,0.0,0.04698034244415699
2296,0.9,0.02,0.030433956742582858
2297,0.9,0.04,0.01718447895220161
2298,0.9,0.06,0.007549214831452621
2299,0.9,0.08,0.0017690268811736882
2300,0.9,0.1,0.0
2301,0.9,0.12,0.00230858364904055
2302,0.9,0.14,0.008670515399981616
2303,0.9,0.16,0.018973620587061688
2304,0.9,0.18,0.03302436314523707
2305,0.9,0.2,0.05055780857544973
2306,0.9,0.22,0.07125046586073824
2307,0.9,0.24,0.09473531395608703
2308,0.9,0.26,0.12061820044637947
2309,0.9,0.28,0.14849473200522528
2310,0.9,0.3,0.17796676153625343
2311,0.9,0.32,0.20865761469501376
2312,0.9,0.34,0.2402252847431181
2313,0.9,0.36,0.2723729523306792
2314,0.9,0.38,0.304856346640164
2315,0.9,0.4,0.33748764585764407
2316,0.9,0.42,0.37013580721640477
2317,0.9,0.44,0.4027234092317831
2318,0.9,0.46,0.4352202714570753
2319,0.9,0.48,0.4676342816796227
2320,0.9,0.5,0.5
2321,0.9,0.52,0.5323657183203773
2322,0.9,0.54,0.5647797285429247
2323,0.9,0.56,0.5972765907682168
2324,0.9,0.58,0.6298641927835951
2325,0.9,0.6,0.6625123541423559
2326,0.9,0.62,0.6951436533598361
2327,0.9,0.64,0.7276270476693207
2328,0.9,0.66,0.7597747152568818
2329,0.9,0.68,0.7913423853049862
2330,0.9,0.7000000000000001,0.8220332384637467
2331,0.9,0.72,0.8515052679947747
2332,0.9,0.74,0.8793817995536204
2333,0.9,0.76,0.905264686043913
2334,0.9,0.78,0.9287495341392618
2335,0.9,0.8,0.9494421914245503
2336,0.9,0.8200000000000001,0.9669756368547631
2337,0.9,0.84,0.9810263794129382
2338,0.9,0.86,0.9913294846000185
2339,0.9,0.88,0.9976914163509594
2340,0.9,0.9,1.0
2341,0.9,0.92,0.9982309731188264
2342,0.9,0.9400000000000001,0.9924507851685473
2343,0.9,0.96,0.9828155210477983
2344,0.9,0.98,0.9695660432574172
2345,0.9,1.0,0.9530196575558431
2346,0.92,0.0,0.04858315034798979
2347,0.92,0.02,0.03209530664860031
2348,0.92,0.04,0.018892706222964503
2349,0.92,0.06,0.009291532184689165
2350,0.92,0.08,0.0035317948501346944
2351,0.92,0.1,0.0017690268811736882
2352,0.92,0.12,0.004069442637149005
2353,0.92,0.14,0.010408865531522893
2354,0.92,0.16,0.020675517778532045
2355,0.92,0.18,0.03467654805413561
2356,0.92,0.2,0.05214795921177697
2357,0.92,0.22,0.07276740476310431
2358,0.92,0.24,0.09616916220329122
2359,0.92,0.26,0.12196047364965633
2360,0.92,0.28,0.14973837654113908
2361,0.92,0.3,0.179106132447201
2362,0.92,0.32,0.20968839971747333
2363,0.92,0.34,0.24114438165179541
2364,0.92,0.36,0.2731783090630977
2365,0.92,0.38,0.305546775377132
2366,0.92,0.4,0.3380626233036453
2367,0.92,0.42,0.37059527371227696
2368,0.92,0.44,0.403067579039739
2369,0.92,0.46,0.4354494656193705
2370,0.92,0.48,0.46774879333109715
2371,0.92,0.5,0.5
2372,0.92,0.52,0.5322512066689028
2373,0.92,0.54,0.5645505343806296
2374,0.92,0.56,0.596932420960261
2375,0.92,0.58,0.6294047262877229
2376,0.92,0.6,0.6619373766963548
2377,0.92,0.62,0.6944532246228681
2378,0.92,0.64,0.7268216909369023
2379,0.92,0.66,0.7588556183482046
2380,0.92,0.68,0.7903116002825267
2381,0.92,0.7000000000000001,0.820893867552799
2382,0.92,0.72,0.8502616234588608
2383,0.92,0.74,0.8780395263503437
2384,0.92,0.76,0.9038308377967087
2385,0.92,0.78,0.9272325952368957
2386,0.92,0.8,0.947852040788223
2387,0.92,0.8200000000000001,0.9653234519458646
2388,0.92,0.84,0.9793244822214681
2389,0.92,0.86,0.989591134468477
2390,0.92,0.88,0.9959305573628511
2391,0.92,0.9,0.9982309731188264
2392,0.92,0.92,0.9964682051498653
2393,0.92,0.9400000000000001,0.9907084678153107
2394,0.92,0.96,0.9811072937770355
2395,0.92,0.98,0.9679046933513997
2396,0.92,1.0,0.9514168496520103
2397,0.9400000000000001,0.0,0.05382022787967733
2398,0.9400000000000001,0.02,0.03752366661879374
2399,0.9400000000000001,0.04,0.02447423513690083
2400,0.9400000000000001,0.06,0.014984448373762444
2401,0.9400000000000001,0.08,0.009291532184689165
2402,0.9400000000000001,0.1,0.007549214831452621
2403,0.9400000000000001,0.12,0.009822942492647242
2404,0.9400000000000001,0.14,0.016088819064526496
2405,0.9400000000000001,0.16,0.026236363542630033
2406,0.9400000000000001,0.18,0.04007496195257908
2407,0.9400000000000001,0.2,0.05734367989021533
2408,0.9400000000000001,0.22,0.07772391054494329
2409,0.9400000000000001,0.24,0.10085417431318049
2410,0.9400000000000001,0.26,0.12634626986232628
2411,0.9400000000000001,0.28,0.1538019095701851
2412,0.9400000000000001,0.3,0.18282895773631594
2413,0.9400000000000001,0.32,0.21305642720736417
2414,0.9400000000000001,0.34,0.24414747500962544
2415,0.9400000000000001,0.36,0.2758097632992893
2416,0.9400000000000001,0.38,0.3078027093645798
2417,0.9400000000000001,0.4,0.33994132720601555
2418,0.9400000000000001,0.42,0.37209655259687785
2419,0.9400000000000001,0.44,0.4041921329953444
2420,0.9400000000000001,0.46,0.4361983436320628
2421,0.9400000000000001,0.48,0.46812295320117225
2422,0.9400000000000001,0.5,0.5
2423,0.9400000000000001,0.52,0.5318770467988276
2424,0.9400000000000001,0.54,0.5638016563679373
2425,0.9400000000000001,0.56,0.5958078670046557
2426,0.9400000000000001,0.58,0.627903447403122
2427,0.9400000000000001,0.6,0.6600586727939844
2428,0.9400000000000001,0.62,0.6921972906354201
2429,0.9400000000000001,0.64,0.7241902367007107
2430,0.9400000000000001,0.66,0.7558525249903746
2431,0.9400000000000001,0.68,0.7869435727926359
2432,0.9400000000000001,0.7000000000000001,0.8171710422636841
2433,0.9400000000000001,0.72,0.8461980904298149
2434,0.9400000000000001,0.74,0.8736537301376737
2435,0.9400000000000001,0.76,0.8991458256868194
2436,0.9400000000000001,0.78,0.9222760894550567
2437,0.9400000000000001,0.8,0.9426563201097847
2438,0.9400000000000001,0.8200000000000001,0.959925038047421
2439,0.9400000000000001,0.84,0.9737636364573701
2440,0.9400000000000001,0.86,0.9839111809354735
2441,0.9400000000000001,0.88,0.9901770575073527
2442,0.9400000000000001,0.9,0.9924507851685473
2443,0.9400000000000001,0.92,0.9907084678153107
2444,0.9400000000000001,0.9400000000000001,0.9850155516262376
2445,0.9400000000000001,0.96,0.9755257648630993
2446,0.9400000000000001,0.98,0.9624763333812064
2447,0.9400000000000001,1.0,0.9461797721203227
2448,0.96,0.0,0.0625501559845609
2449,0.96,0.02,0.046572452316634184
2450,0.96,0.04,0.03377834527068591
2451,0.96,0.06,0.024474235136900776
2452,0.96,0.08,0.018892706222964448
2453,0.96,0.1,0.01718447895220161
2454,0.96,0.12,0.019413718986989435
2455,0.96,0.14,0.02555699777339174
2456,0.96,0.16,0.03550599597201245
2457,0.96,0.18,0.04907382915068025
2458,0.96,0.2,0.06600466833298275
2459,0.96,0.22,0.08598614055110297
2460,0.96,0.24,0.10866383889087144
2461,0.96,0.26,0.13365715754493462
2462,0.96,0.28,0.16057560176411365
2463,0.96,0.3,0.1890347083528325
2464,0.96,0.32,0.21867074887132928
2465,0.96,0.34,0.24915347099641022
2466,0.96,0.36,0.2801962567499297
2467,0.96,0.38,0.3115632306477996
2468,0.96,0.4,0.3430730261161081
2469,0.96,0.42,0.3745991041914734
2470,0.96,0.44,0.40606670428497993
2471,0.96,0.46,0.43744668322042574
2472,0.96,0.48,0.4687466576901215
2473,0.96,0.5,0.5
2474,0.96,0.52,0.5312533423098784
2475,0.96,0.54,0.5625533167795743
2476,0.96,0.56,0.5939332957150202
2477,0.96,0.58,0.6254008958085264
2478,0.96,0.6,0.6569269738838918
2479,0.96,0.62,0.6884367693522003
2480,0.96,0.64,0.7198037432500703
2481,0.96,0.66,0.7508465290035897
2482,0.96,0.68,0.7813292511286708
2483,0.96,0.7000000000000001,0.8109652916471676
2484,0.96,0.72,0.8394243982358863
2485,0.96,0.74,0.8663428424550654
2486,0.96,0.76,0.8913361611091286
2487,0.96,0.78,0.914013859448897
2488,0.96,0.8,0.9339953316670172
2489,0.96,0.8200000000000001,0.9509261708493197
2490,0.96,0.84,0.9644940040279876
2491,0.96,0.86,0.9744430022266083
2492,0.96,0.88,0.9805862810130106
2493,0.96,0.9,0.9828155210477983
2494,0.96,0.92,0.9811072937770355
2495,0.96,0.9400000000000001,0.9755257648630993
2496,0.96,0.96,0.9662216547293142
2497,0.96,0.98,0.9534275476833659
2498,0.96,1.0,0.9374498440154392
2499,0.98,0.0,0.0745547037673454
2500,0.98,0.02,0.059015462039146836
2501,0.98,0.04,0.046572452316634184
2502,0.98,0.06,0.03752366661879369
2503,0.98,0.08,0.032095306648600254
2504,0.98,0.1,0.030433956742582802
2505,0.98,0.12,0.03260202172180027
2506,0.98,0.14,0.03857671596132655
2507,0.98,0.16,0.04825269263325089
2508,0.98,0.18,0.06144819580899287
2509,0.98,0.2,0.07791441699966246
2510,0.98,0.22,0.09734755541153188
2511,0.98,0.24,0.11940292980480074
2512,0.98,0.26,0.14371037899945568
2513,0.98,0.28,0.16989012424711122
2514,0.98,0.3,0.19756825283441243
2515,0.98,0.32,0.22639101779831944
2516,0.98,0.34,0.2560372296370076
2517,0.98,0.36,0.2862281357750991
2518,0.98,0.38,0.3167343336500496
2519,0.98,0.4,0.34737943376985153
2520,0.98,0.42,0.37804036966757754
2521,0.98,0.44,0.40864443234279485
2522,0.98,0.46,0.43916327836961855
2523,0.98,0.48,0.46960431542223263
2524,0.98,0.5,0.5
2525,0.98,0.52,0.5303956845777673
2526,0.98,0.54,0.5608367216303816
2527,0.98,0.56,0.5913555676572051
2528,0.98,0.58,0.6219596303324224
2529,0.98,0.6,0.6526205662301484
2530,0.98,0.62,0.6832656663499505
2531,0.98,0.64,0.713771864224901
2532,0.98,0.66,0.7439627703629925
2533,0.98,0.68,0.7736089822016805
2534,0.98,0.7000000000000001,0.8024317471655875
2535,0.98,0.72,0.8301098757528889
2536,0.98,0.74,0.8562896210005442
2537,0.98,0.76,0.8805970701951993
2538,0.98,0.78,0.9026524445884682
2539,0.98,0.8,0.9220855830003376
2540,0.98,0.8200000000000001,0.938551804191007
2541,0.98,0.84,0.9517473073667492
2542,0.98,0.86,0.9614232840386735
2543,0.98,0.88,0.9673979782781997
2544,0.98,0.9,0.9695660432574172
2545,0.98,0.92,0.9679046933513997
2546,0.98,0.9400000000000001,0.9624763333812064
2547,0.98,0.96,0.9534275476833659
2548,0.98,0.98,0.9409845379608532
2549,0.98,1.0,0.9254452962326546
2550,1.0,0.0,0.08954637973597337
2551,1.0,0.02,0.0745547037673454
2552,1.0,0.04,0.0625501559845609
2553,1.0,0.06,0.05382022787967733
2554,1.0,0.08,0.04858315034798973
2555,1.0,0.1,0.046980342444156935
2556,1.0,0.12,0.04907200999241167
2557,1.0,0.14,0.054836170278821636
2558,1.0,0.16,0.06417118864604732
2559,1.0,0.18,0.0769017138102671
2560,1.0,0.2,0.0927877046994051
2561,1.0,0.22,0.11153606573400875
2562,1.0,0.24,0.13281426141782057
2563,1.0,0.26,0.15626517416659866
2564,1.0,0.28,0.18152240772786463
2565,1.0,0.3,0.2082252251791087
2566,1.0,0.32,0.23603234475526536
2567,1.0,0.34,0.26463389490532147
2568,1.0,0.36,0.2937609456287935
2569,1.0,0.38,0.3231921779614619
2570,1.0,0.4,0.352757417955672
2571,1.0,0.42,0.3823379357128194
2572,1.0,0.44,0.4118635843239651
2573,1.0,0.46,0.44130701911784753
2574,1.0,0.48,0.4706753867399076
2575,1.0,0.5,0.5
2576,1.0,0.52,0.5293246132600925
2577,1.0,0.54,0.5586929808821525
2578,1.0,0.56,0.5881364156760349
2579,1.0,0.58,0.6176620642871804
2580,1.0,0.6,0.6472425820443278
2581,1.0,0.62,0.6768078220385381
2582,1.0,0.64,0.7062390543712065
2583,1.0,0.66,0.7353661050946785
2584,1.0,0.68,0.7639676552447346
2585,1.0,0.7000000000000001,0.7917747748208913
2586,1.0,0.72,0.8184775922721353
2587,1.0,0.74,0.8437348258334012
2588,1.0,0.76,0.8671857385821794
2589,1.0,0.78,0.8884639342659912
2590,1.0,0.8,0.9072122953005949
2591,1.0,0.8200000000000001,0.923098286189733
2592,1.0,0.84,0.9358288113539526
2593,1.0,0.86,0.9451638297211784
2594,1.0,0.88,0.9509279900075883
2595,1.0,0.9,0.9530196575558431
2596,1.0,0.92,0.9514168496520103
2597,1.0,0.9400000000000001,0.9461797721203227
2598,1.0,0.96,0.9374498440154392
2599,1.0,0.98,0.9254452962326546
2600,1.0,1.0,0.9104536202640267
