X,Y,Means
0,0,-0.11394
0,0.02,-0.084242
0,0.04,-0.056043
0,0.06,-0.029922
0,0.08,-0.0064086
0,0.1,0.014038
0,0.12,0.031046
0,0.14,0.044341
0,0.16,0.053763
0,0.18,0.059271
0,0.2,0.060944
0,0.22,0.058982
0,0.24,0.053699
0,0.26,0.045508
0,0.28,0.034911
0,0.3,0.022476
0,0.32,0.0088167
0,0.34,-0.0054294
0,0.36,-0.019627
0,0.38,-0.033167
0,0.4,-0.045487
0,0.42,-0.056094
0,0.44,-0.064581
0,0.46,-0.070638
0,0.48,-0.074065
0,0.5,-0.074773
0,0.52,-0.072786
0,0.54,-0.068235
0,0.56,-0.06135
0,0.58,-0.052447
0,0.6,-0.041911
0,0.62,-0.03018
0,0.64,-0.017727
0,0.66,-0.0050375
0,0.68,0.0074068
0,0.7,0.019147
0,0.72,0.029764
0,0.74,0.038887
0,0.76,0.046212
0,0.78,0.051502
0,0.8,0.054593
0,0.82,0.055399
0,0.84,0.053905
0,0.86,0.050164
0,0.88,0.044292
0,0.9,0.036458
0,0.92,0.026874
0,0.94,0.015784
0,0.96,0.0034577
0,0.98,-0.0098271
0,1,-0.023789
0.02,0,-0.084242
0.02,0.02,-0.05099
0.02,0.04,-0.019451
0.02,0.06,0.0097372
0.02,0.08,0.035991
0.02,0.1,0.058804
0.02,0.12,0.077765
0.02,0.14,0.092575
0.02,0.16,0.10306
0.02,0.18,0.10918
0.02,0.2,0.11102
0.02,0.22,0.10881
0.02,0.24,0.1029
0.02,0.26,0.093752
0.02,0.28,0.081925
0.02,0.3,0.068051
0.02,0.32,0.052816
0.02,0.34,0.036927
0.02,0.36,0.021093
0.02,0.38,0.0059922
0.02,0.4,-0.0077498
0.02,0.42,-0.019583
0.02,0.44,-0.029053
0.02,0.46,-0.035816
0.02,0.48,-0.039645
0.02,0.5,-0.040442
0.02,0.52,-0.038231
0.02,0.54,-0.033158
0.02,0.56,-0.025477
0.02,0.58,-0.01554
0.02,0.6,-0.0037746
0.02,0.62,0.0093291
0.02,0.64,0.023244
0.02,0.66,0.037428
0.02,0.68,0.051341
0.02,0.7,0.064467
0.02,0.72,0.076336
0.02,0.74,0.08653
0.02,0.76,0.094704
0.02,0.78,0.10059
0.02,0.8,0.10399
0.02,0.82,0.10482
0.02,0.84,0.10304
0.02,0.86,0.098707
0.02,0.88,0.091952
0.02,0.9,0.082957
0.02,0.92,0.071955
0.02,0.94,0.059217
0.02,0.96,0.045042
0.02,0.98,0.029741
0.02,1,0.013632
0.04,0,-0.056043
0.04,0.02,-0.019451
0.04,0.04,0.015229
0.04,0.06,0.047301
0.04,0.08,0.076131
0.04,0.1,0.10117
0.04,0.12,0.12197
0.04,0.14,0.1382
0.04,0.16,0.14969
0.04,0.18,0.15638
0.04,0.2,0.15837
0.04,0.22,0.15593
0.04,0.24,0.14943
0.04,0.26,0.13938
0.04,0.28,0.1264
0.04,0.3,0.11117
0.04,0.32,0.094457
0.04,0.34,0.077025
0.04,0.36,0.059653
0.04,0.38,0.043085
0.04,0.4,0.028006
0.04,0.42,0.01502
0.04,0.44,0.0046248
0.04,0.46,-0.0028002
0.04,0.48,-0.0070082
0.04,0.5,-0.0078886
0.04,0.52,-0.005468
0.04,0.54,9.5943e-05
0.04,0.56,0.0085249
0.04,0.58,0.019435
0.04,0.6,0.032355
0.04,0.62,0.04675
0.04,0.64,0.062041
0.04,0.66,0.077629
0.04,0.68,0.092922
0.04,0.7,0.10735
0.04,0.72,0.1204
0.04,0.74,0.1316
0.04,0.76,0.14057
0.04,0.78,0.14701
0.04,0.8,0.15071
0.04,0.82,0.15155
0.04,0.84,0.1495
0.04,0.86,0.14462
0.04,0.88,0.13703
0.04,0.9,0.12694
0.04,0.92,0.1146
0.04,0.94,0.10031
0.04,0.96,0.084387
0.04,0.98,0.067185
0.04,1,0.049048
0.06,0,-0.029922
0.06,0.02,0.0097372
0.06,0.04,0.047301
0.06,0.06,0.082022
0.06,0.08,0.11322
0.06,0.1,0.1403
0.06,0.12,0.16278
0.06,0.14,0.18032
0.06,0.16,0.19272
0.06,0.18,0.19994
0.06,0.2,0.20208
0.06,0.22,0.19943
0.06,0.24,0.19239
0.06,0.26,0.18151
0.06,0.28,0.16746
0.06,0.3,0.151
0.06,0.32,0.13292
0.06,0.34,0.11407
0.06,0.36,0.095286
0.06,0.38,0.077371
0.06,0.4,0.061065
0.06,0.42,0.047021
0.06,0.44,0.035777
0.06,0.46,0.027743
0.06,0.48,0.023187
0.06,0.5,0.02223
0.06,0.52,0.024843
0.06,0.54,0.030858
0.06,0.56,0.039974
0.06,0.58,0.051777
0.06,0.6,0.065758
0.06,0.62,0.081338
0.06,0.64,0.097892
0.06,0.66,0.11477
0.06,0.68,0.13133
0.06,0.7,0.14696
0.06,0.72,0.16109
0.06,0.74,0.17321
0.06,0.76,0.18292
0.06,0.78,0.18987
0.06,0.8,0.19384
0.06,0.82,0.19469
0.06,0.84,0.19239
0.06,0.86,0.187
0.06,0.88,0.17864
0.06,0.9,0.16754
0.06,0.92,0.15397
0.06,0.94,0.13825
0.06,0.96,0.12072
0.06,0.98,0.10177
0.06,1,0.081763
0.08,0,-0.0064086
0.08,0.02,0.035991
0.08,0.04,0.076131
0.08,0.06,0.11322
0.08,0.08,0.14653
0.08,0.1,0.17543
0.08,0.12,0.19942
0.08,0.14,0.21813
0.08,0.16,0.23135
0.08,0.18,0.23903
0.08,0.2,0.2413
0.08,0.22,0.23846
0.08,0.24,0.23093
0.08,0.26,0.21932
0.08,0.28,0.20432
0.08,0.3,0.18675
0.08,0.32,0.16746
0.08,0.34,0.14734
0.08,0.36,0.1273
0.08,0.38,0.10818
0.08,0.4,0.090776
0.08,0.42,0.075786
0.08,0.44,0.063784
0.08,0.46,0.055206
0.08,0.48,0.05034
0.08,0.5,0.049314
0.08,0.52,0.0521
0.08,0.54,0.058517
0.08,0.56,0.068246
0.08,0.58,0.080846
0.08,0.6,0.095775
0.08,0.62,0.11241
0.08,0.64,0.1301
0.08,0.66,0.14813
0.08,0.68,0.16582
0.08,0.7,0.18252
0.08,0.72,0.19761
0.08,0.74,0.21056
0.08,0.76,0.22092
0.08,0.78,0.22833
0.08,0.8,0.23254
0.08,0.82,0.2334
0.08,0.84,0.23088
0.08,0.86,0.22502
0.08,0.88,0.21598
0.08,0.9,0.20398
0.08,0.92,0.18931
0.08,0.94,0.1723
0.08,0.96,0.15334
0.08,0.98,0.13281
0.08,1,0.11114
0.1,0,0.014038
0.1,0.02,0.058804
0.1,0.04,0.10117
0.1,0.06,0.1403
0.1,0.08,0.17543
0.1,0.1,0.2059
0.1,0.12,0.23119
0.1,0.14,0.25091
0.1,0.16,0.26484
0.1,0.18,0.27292
0.1,0.2,0.27531
0.1,0.22,0.27229
0.1,0.24,0.26435
0.1,0.26,0.2521
0.1,0.28,0.23629
0.1,0.3,0.21776
0.1,0.32,0.19742
0.1,0.34,0.17621
0.1,0.36,0.15508
0.1,0.38,0.13492
0.1,0.4,0.11657
0.1,0.42,0.10077
0.1,0.44,0.08811
0.1,0.46,0.079063
0.1,0.48,0.073929
0.1,0.5,0.072844
0.1,0.52,0.075778
0.1,0.54,0.082542
0.1,0.56,0.092801
0.1,0.58,0.10609
0.1,0.6,0.12184
0.1,0.62,0.13939
0.1,0.64,0.15804
0.1,0.66,0.17707
0.1,0.68,0.19574
0.1,0.7,0.21336
0.1,0.72,0.22929
0.1,0.74,0.24295
0.1,0.76,0.25387
0.1,0.78,0.26168
0.1,0.8,0.2661
0.1,0.82,0.26697
0.1,0.84,0.26425
0.1,0.86,0.258
0.1,0.88,0.24836
0.1,0.9,0.23558
0.1,0.92,0.21995
0.1,0.94,0.20183
0.1,0.96,0.18163
0.1,0.98,0.15975
0.1,1,0.13662
0.12,0,0.031046
0.12,0.02,0.077765
0.12,0.04,0.12197
0.12,0.06,0.16278
0.12,0.08,0.19942
0.12,0.1,0.23119
0.12,0.12,0.25755
0.12,0.14,0.2781
0.12,0.16,0.29261
0.12,0.18,0.30103
0.12,0.2,0.30351
0.12,0.22,0.30036
0.12,0.24,0.29207
0.12,0.26,0.27929
0.12,0.28,0.26281
0.12,0.3,0.24348
0.12,0.32,0.22228
0.12,0.34,0.20017
0.12,0.36,0.17814
0.12,0.38,0.15712
0.12,0.4,0.138
0.12,0.42,0.12152
0.12,0.44,0.10832
0.12,0.46,0.098886
0.12,0.48,0.093531
0.12,0.5,0.092397
0.12,0.52,0.095453
0.12,0.54,0.1025
0.12,0.56,0.1132
0.12,0.58,0.12706
0.12,0.6,0.14348
0.12,0.62,0.16179
0.12,0.64,0.18124
0.12,0.66,0.20109
0.12,0.68,0.22057
0.12,0.7,0.23895
0.12,0.72,0.25557
0.12,0.74,0.26982
0.12,0.76,0.28121
0.12,0.78,0.28934
0.12,0.8,0.29393
0.12,0.82,0.29481
0.12,0.84,0.29193
0.12,0.86,0.28535
0.12,0.88,0.27522
0.12,0.9,0.26179
0.12,0.92,0.24537
0.12,0.94,0.22633
0.12,0.96,0.2051
0.12,0.98,0.18209
0.12,1,0.15777
0.14,0,0.044341
0.14,0.02,0.092575
0.14,0.04,0.1382
0.14,0.06,0.18032
0.14,0.08,0.21813
0.14,0.1,0.25091
0.14,0.12,0.2781
0.14,0.14,0.29929
0.14,0.16,0.31426
0.14,0.18,0.32294
0.14,0.2,0.32548
0.14,0.22,0.32222
0.14,0.24,0.31367
0.14,0.26,0.30049
0.14,0.28,0.28347
0.14,0.3,0.26354
0.14,0.32,0.24166
0.14,0.34,0.21885
0.14,0.36,0.19613
0.14,0.38,0.17445
0.14,0.4,0.15472
0.14,0.42,0.13772
0.14,0.44,0.1241
0.14,0.46,0.11437
0.14,0.48,0.10884
0.14,0.5,0.10767
0.14,0.52,0.11082
0.14,0.54,0.11809
0.14,0.56,0.12912
0.14,0.58,0.14342
0.14,0.6,0.16037
0.14,0.62,0.17926
0.14,0.64,0.19934
0.14,0.66,0.21983
0.14,0.68,0.23993
0.14,0.7,0.2589
0.14,0.72,0.27605
0.14,0.74,0.29076
0.14,0.76,0.30251
0.14,0.78,0.31089
0.14,0.8,0.31561
0.14,0.82,0.3165
0.14,0.84,0.31349
0.14,0.86,0.30666
0.14,0.88,0.29615
0.14,0.9,0.28221
0.14,0.92,0.26518
0.14,0.94,0.24543
0.14,0.96,0.22339
0.14,0.98,0.19951
0.14,1,0.17426
0.16,0,0.053763
0.16,0.02,0.10306
0.16,0.04,0.14969
0.16,0.06,0.19272
0.16,0.08,0.23135
0.16,0.1,0.26484
0.16,0.12,0.29261
0.16,0.14,0.31426
0.16,0.16,0.32953
0.16,0.18,0.33839
0.16,0.2,0.34099
0.16,0.22,0.33766
0.16,0.24,0.32892
0.16,0.26,0.31545
0.16,0.28,0.29807
0.16,0.3,0.2777
0.16,0.32,0.25536
0.16,0.34,0.23206
0.16,0.36,0.20884
0.16,0.38,0.1867
0.16,0.4,0.16654
0.16,0.42,0.14917
0.16,0.44,0.13526
0.16,0.46,0.12532
0.16,0.48,0.11967
0.16,0.5,0.11847
0.16,0.52,0.12169
0.16,0.54,0.12912
0.16,0.56,0.14039
0.16,0.58,0.155
0.16,0.6,0.17231
0.16,0.62,0.19161
0.16,0.64,0.21213
0.16,0.66,0.23306
0.16,0.68,0.25361
0.16,0.7,0.27299
0.16,0.72,0.29052
0.16,0.74,0.30555
0.16,0.76,0.31755
0.16,0.78,0.32611
0.16,0.8,0.33092
0.16,0.82,0.33181
0.16,0.84,0.32872
0.16,0.86,0.3217
0.16,0.88,0.31092
0.16,0.9,0.29663
0.16,0.92,0.27917
0.16,0.94,0.25892
0.16,0.96,0.23631
0.16,0.98,0.21182
0.16,1,0.1859
0.18,0,0.059271
0.18,0.02,0.10918
0.18,0.04,0.15638
0.18,0.06,0.19994
0.18,0.08,0.23903
0.18,0.1,0.27292
0.18,0.12,0.30103
0.18,0.14,0.32294
0.18,0.16,0.33839
0.18,0.18,0.34736
0.18,0.2,0.34998
0.18,0.22,0.34661
0.18,0.24,0.33776
0.18,0.26,0.32413
0.18,0.28,0.30654
0.18,0.3,0.28593
0.18,0.32,0.26331
0.18,0.34,0.23973
0.18,0.36,0.21623
0.18,0.38,0.19382
0.18,0.4,0.17342
0.18,0.42,0.15585
0.18,0.44,0.14177
0.18,0.46,0.1317
0.18,0.48,0.12599
0.18,0.5,0.12477
0.18,0.52,0.12803
0.18,0.54,0.13555
0.18,0.56,0.14696
0.18,0.58,0.16174
0.18,0.6,0.17926
0.18,0.62,0.1988
0.18,0.64,0.21957
0.18,0.66,0.24076
0.18,0.68,0.26155
0.18,0.7,0.28118
0.18,0.72,0.29892
0.18,0.74,0.31413
0.18,0.76,0.32628
0.18,0.78,0.33493
0.18,0.8,0.3398
0.18,0.82,0.34069
0.18,0.84,0.33754
0.18,0.86,0.33042
0.18,0.88,0.31949
0.18,0.9,0.305
0.18,0.92,0.28728
0.18,0.94,0.26674
0.18,0.96,0.24381
0.18,0.98,0.21896
0.18,1,0.19267
0.2,0,0.060944
0.2,0.02,0.11102
0.2,0.04,0.15837
0.2,0.06,0.20208
0.2,0.08,0.2413
0.2,0.1,0.27531
0.2,0.12,0.30351
0.2,0.14,0.32548
0.2,0.16,0.34099
0.2,0.18,0.34998
0.2,0.2,0.35262
0.2,0.22,0.34923
0.2,0.24,0.34035
0.2,0.26,0.32667
0.2,0.28,0.30902
0.2,0.3,0.28835
0.2,0.32,0.26565
0.2,0.34,0.242
0.2,0.36,0.21843
0.2,0.38,0.19594
0.2,0.4,0.17548
0.2,0.42,0.15784
0.2,0.44,0.14372
0.2,0.46,0.13362
0.2,0.48,0.12788
0.2,0.5,0.12666
0.2,0.52,0.12993
0.2,0.54,0.13747
0.2,0.56,0.14892
0.2,0.58,0.16375
0.2,0.6,0.18133
0.2,0.62,0.20093
0.2,0.64,0.22177
0.2,0.66,0.24303
0.2,0.68,0.26389
0.2,0.7,0.28359
0.2,0.72,0.30138
0.2,0.74,0.31665
0.2,0.76,0.32883
0.2,0.78,0.33752
0.2,0.8,0.3424
0.2,0.82,0.34329
0.2,0.84,0.34013
0.2,0.86,0.33298
0.2,0.88,0.322
0.2,0.9,0.30745
0.2,0.92,0.28966
0.2,0.94,0.26904
0.2,0.96,0.24602
0.2,0.98,0.22107
0.2,1,0.19467
0.22,0,0.058982
0.22,0.02,0.10881
0.22,0.04,0.15593
0.22,0.06,0.19943
0.22,0.08,0.23846
0.22,0.1,0.27229
0.22,0.12,0.30036
0.22,0.14,0.32222
0.22,0.16,0.33766
0.22,0.18,0.34661
0.22,0.2,0.34923
0.22,0.22,0.34586
0.22,0.24,0.33702
0.22,0.26,0.32341
0.22,0.28,0.30585
0.22,0.3,0.28527
0.22,0.32,0.26269
0.22,0.34,0.23915
0.22,0.36,0.21569
0.22,0.38,0.19332
0.22,0.4,0.17295
0.22,0.42,0.1554
0.22,0.44,0.14135
0.22,0.46,0.1313
0.22,0.48,0.12559
0.22,0.5,0.12438
0.22,0.52,0.12763
0.22,0.54,0.13514
0.22,0.56,0.14653
0.22,0.58,0.16128
0.22,0.6,0.17878
0.22,0.62,0.19829
0.22,0.64,0.21902
0.22,0.66,0.24017
0.22,0.68,0.26094
0.22,0.7,0.28053
0.22,0.72,0.29824
0.22,0.74,0.31343
0.22,0.76,0.32556
0.22,0.78,0.3342
0.22,0.8,0.33906
0.22,0.82,0.33995
0.22,0.84,0.33681
0.22,0.86,0.3297
0.22,0.88,0.31878
0.22,0.9,0.30431
0.22,0.92,0.28662
0.22,0.94,0.26611
0.22,0.96,0.24321
0.22,0.98,0.2184
0.22,1,0.19215
0.24,0,0.053699
0.24,0.02,0.1029
0.24,0.04,0.14943
0.24,0.06,0.19239
0.24,0.08,0.23093
0.24,0.1,0.26435
0.24,0.12,0.29207
0.24,0.14,0.31367
0.24,0.16,0.32892
0.24,0.18,0.33776
0.24,0.2,0.34035
0.24,0.22,0.33702
0.24,0.24,0.3283
0.24,0.26,0.31486
0.24,0.28,0.29751
0.24,0.3,0.27719
0.24,0.32,0.25489
0.24,0.34,0.23163
0.24,0.36,0.20847
0.24,0.38,0.18637
0.24,0.4,0.16625
0.24,0.42,0.14892
0.24,0.44,0.13504
0.24,0.46,0.12511
0.24,0.48,0.11948
0.24,0.5,0.11828
0.24,0.52,0.12149
0.24,0.54,0.1289
0.24,0.56,0.14015
0.24,0.58,0.15473
0.24,0.6,0.17201
0.24,0.62,0.19127
0.24,0.64,0.21175
0.24,0.66,0.23264
0.24,0.68,0.25314
0.24,0.7,0.27249
0.24,0.72,0.28998
0.24,0.74,0.30498
0.24,0.76,0.31696
0.24,0.78,0.3255
0.24,0.8,0.3303
0.24,0.82,0.33118
0.24,0.84,0.32809
0.24,0.86,0.32109
0.24,0.88,0.31032
0.24,0.9,0.29606
0.24,0.92,0.27862
0.24,0.94,0.2584
0.24,0.96,0.23583
0.24,0.98,0.21138
0.24,1,0.18551
0.26,0,0.045508
0.26,0.02,0.093752
0.26,0.04,0.13938
0.26,0.06,0.18151
0.26,0.08,0.21932
0.26,0.1,0.2521
0.26,0.12,0.27929
0.26,0.14,0.30049
0.26,0.16,0.31545
0.26,0.18,0.32413
0.26,0.2,0.32667
0.26,0.22,0.32341
0.26,0.24,0.31486
0.26,0.26,0.30167
0.26,0.28,0.28466
0.26,0.3,0.26472
0.26,0.32,0.24284
0.26,0.34,0.22003
0.26,0.36,0.19731
0.26,0.38,0.17563
0.26,0.4,0.15589
0.26,0.42,0.13889
0.26,0.44,0.12528
0.26,0.46,0.11554
0.26,0.48,0.11001
0.26,0.5,0.10884
0.26,0.52,0.11199
0.26,0.54,0.11926
0.26,0.56,0.1303
0.26,0.58,0.1446
0.26,0.6,0.16154
0.26,0.62,0.18044
0.26,0.64,0.20052
0.26,0.66,0.22101
0.26,0.68,0.24112
0.26,0.7,0.26009
0.26,0.72,0.27724
0.26,0.74,0.29195
0.26,0.76,0.3037
0.26,0.78,0.31208
0.26,0.8,0.3168
0.26,0.82,0.31768
0.26,0.84,0.31467
0.26,0.86,0.30782
0.26,0.88,0.2973
0.26,0.9,0.28335
0.26,0.92,0.2663
0.26,0.94,0.24653
0.26,0.96,0.22446
0.26,0.98,0.20055
0.26,1,0.17526
0.28,0,0.034911
0.28,0.02,0.081925
0.28,0.04,0.1264
0.28,0.06,0.16746
0.28,0.08,0.20432
0.28,0.1,0.23629
0.28,0.12,0.26281
0.28,0.14,0.28347
0.28,0.16,0.29807
0.28,0.18,0.30654
0.28,0.2,0.30902
0.28,0.22,0.30585
0.28,0.24,0.29751
0.28,0.26,0.28466
0.28,0.28,0.26807
0.28,0.3,0.24863
0.28,0.32,0.2273
0.28,0.34,0.20506
0.28,0.36,0.1829
0.28,0.38,0.16176
0.28,0.4,0.14251
0.28,0.42,0.12594
0.28,0.44,0.11266
0.28,0.46,0.10317
0.28,0.48,0.097782
0.28,0.5,0.09664
0.28,0.52,0.099714
0.28,0.54,0.10681
0.28,0.56,0.11757
0.28,0.58,0.13151
0.28,0.6,0.14803
0.28,0.62,0.16645
0.28,0.64,0.18602
0.28,0.66,0.20599
0.28,0.68,0.22559
0.28,0.7,0.24409
0.28,0.72,0.26081
0.28,0.74,0.27515
0.28,0.76,0.2866
0.28,0.78,0.29478
0.28,0.8,0.29939
0.28,0.82,0.30026
0.28,0.84,0.29735
0.28,0.86,0.29071
0.28,0.88,0.2805
0.28,0.9,0.26695
0.28,0.92,0.2504
0.28,0.94,0.2312
0.28,0.96,0.20978
0.28,0.98,0.18658
0.28,1,0.16204
0.3,0,0.022476
0.3,0.02,0.068051
0.3,0.04,0.11117
0.3,0.06,0.151
0.3,0.08,0.18675
0.3,0.1,0.21776
0.3,0.12,0.24348
0.3,0.14,0.26354
0.3,0.16,0.2777
0.3,0.18,0.28593
0.3,0.2,0.28835
0.3,0.22,0.28527
0.3,0.24,0.27719
0.3,0.26,0.26472
0.3,0.28,0.24863
0.3,0.3,0.22978
0.3,0.32,0.20908
0.3,0.34,0.1875
0.3,0.36,0.166
0.3,0.38,0.14549
0.3,0.4,0.12683
0.3,0.42,0.11075
0.3,0.44,0.097868
0.3,0.46,0.088662
0.3,0.48,0.083436
0.3,0.5,0.082331
0.3,0.52,0.085314
0.3,0.54,0.092196
0.3,0.56,0.10263
0.3,0.58,0.11616
0.3,0.6,0.13218
0.3,0.62,0.15004
0.3,0.64,0.16903
0.3,0.66,0.18839
0.3,0.68,0.2074
0.3,0.7,0.22533
0.3,0.72,0.24154
0.3,0.74,0.25545
0.3,0.76,0.26656
0.3,0.78,0.2745
0.3,0.8,0.27898
0.3,0.82,0.27985
0.3,0.84,0.27706
0.3,0.86,0.27066
0.3,0.88,0.26081
0.3,0.9,0.24774
0.3,0.92,0.23176
0.3,0.94,0.21324
0.3,0.96,0.19258
0.3,0.98,0.1702
0.3,1,0.14654
0.32,0,0.0088167
0.32,0.02,0.052816
0.32,0.04,0.094457
0.32,0.06,0.13292
0.32,0.08,0.16746
0.32,0.1,0.19742
0.32,0.12,0.22228
0.32,0.14,0.24166
0.32,0.16,0.25536
0.32,0.18,0.26331
0.32,0.2,0.26565
0.32,0.22,0.26269
0.32,0.24,0.25489
0.32,0.26,0.24284
0.32,0.28,0.2273
0.32,0.3,0.20908
0.32,0.32,0.18908
0.32,0.34,0.16823
0.32,0.36,0.14746
0.32,0.38,0.12764
0.32,0.4,0.1096
0.32,0.42,0.094066
0.32,0.44,0.081624
0.32,0.46,0.072731
0.32,0.48,0.067684
0.32,0.5,0.066617
0.32,0.52,0.069502
0.32,0.54,0.076152
0.32,0.56,0.086238
0.32,0.58,0.099301
0.32,0.6,0.11478
0.32,0.62,0.13203
0.32,0.64,0.15037
0.32,0.66,0.16907
0.32,0.68,0.18743
0.32,0.7,0.20475
0.32,0.72,0.2204
0.32,0.74,0.23383
0.32,0.76,0.24457
0.32,0.78,0.25224
0.32,0.8,0.25659
0.32,0.82,0.25745
0.32,0.84,0.25479
0.32,0.86,0.24865
0.32,0.88,0.2392
0.32,0.9,0.22665
0.32,0.92,0.21131
0.32,0.94,0.19353
0.32,0.96,0.17369
0.32,0.98,0.15222
0.32,1,0.12953
0.34,0,-0.0054294
0.34,0.02,0.036927
0.34,0.04,0.077025
0.34,0.06,0.11407
0.34,0.08,0.14734
0.34,0.1,0.17621
0.34,0.12,0.20017
0.34,0.14,0.21885
0.34,0.16,0.23206
0.34,0.18,0.23973
0.34,0.2,0.242
0.34,0.22,0.23915
0.34,0.24,0.23163
0.34,0.26,0.22003
0.34,0.28,0.20506
0.34,0.3,0.1875
0.34,0.32,0.16823
0.34,0.34,0.14814
0.34,0.36,0.12812
0.34,0.38,0.10903
0.34,0.4,0.091645
0.34,0.42,0.076673
0.34,0.44,0.064685
0.34,0.46,0.056117
0.34,0.48,0.051257
0.34,0.5,0.050231
0.34,0.52,0.053013
0.34,0.54,0.059422
0.34,0.56,0.06914
0.34,0.58,0.081726
0.34,0.6,0.096637
0.34,0.62,0.11326
0.34,0.64,0.13092
0.34,0.66,0.14893
0.34,0.68,0.1666
0.34,0.7,0.18328
0.34,0.72,0.19836
0.34,0.74,0.2113
0.34,0.76,0.22164
0.34,0.78,0.22904
0.34,0.8,0.23324
0.34,0.82,0.2341
0.34,0.84,0.23157
0.34,0.86,0.22571
0.34,0.88,0.21667
0.34,0.9,0.20467
0.34,0.92,0.18999
0.34,0.94,0.17298
0.34,0.96,0.15401
0.34,0.98,0.13348
0.34,1,0.1118
0.36,0,-0.019627
0.36,0.02,0.021093
0.36,0.04,0.059653
0.36,0.06,0.095286
0.36,0.08,0.1273
0.36,0.1,0.15508
0.36,0.12,0.17814
0.36,0.14,0.19613
0.36,0.16,0.20884
0.36,0.18,0.21623
0.36,0.2,0.21843
0.36,0.22,0.21569
0.36,0.24,0.20847
0.36,0.26,0.19731
0.36,0.28,0.1829
0.36,0.3,0.166
0.36,0.32,0.14746
0.36,0.34,0.12812
0.36,0.36,0.10885
0.36,0.38,0.090474
0.36,0.4,0.073748
0.36,0.42,0.05934
0.36,0.44,0.047804
0.36,0.46,0.039561
0.36,0.48,0.034886
0.36,0.5,0.033902
0.36,0.52,0.036581
0.36,0.54,0.04275
0.36,0.56,0.052102
0.36,0.58,0.064211
0.36,0.6,0.078558
0.36,0.62,0.094546
0.36,0.64,0.11153
0.36,0.66,0.12886
0.36,0.68,0.14586
0.36,0.7,0.1619
0.36,0.72,0.1764
0.36,0.74,0.18884
0.36,0.76,0.19879
0.36,0.78,0.20592
0.36,0.8,0.20998
0.36,0.82,0.21083
0.36,0.84,0.20844
0.36,0.86,0.20285
0.36,0.88,0.19422
0.36,0.9,0.18276
0.36,0.92,0.16874
0.36,0.94,0.1525
0.36,0.96,0.13439
0.36,0.98,0.11481
0.36,1,0.094123
0.38,0,-0.033167
0.38,0.02,0.0059922
0.38,0.04,0.043085
0.38,0.06,0.077371
0.38,0.08,0.10818
0.38,0.1,0.13492
0.38,0.12,0.15712
0.38,0.14,0.17445
0.38,0.16,0.1867
0.38,0.18,0.19382
0.38,0.2,0.19594
0.38,0.22,0.19332
0.38,0.24,0.18637
0.38,0.26,0.17563
0.38,0.28,0.16176
0.38,0.3,0.14549
0.38,0.32,0.12764
0.38,0.34,0.10903
0.38,0.36,0.090474
0.38,0.38,0.072782
0.38,0.4,0.056679
0.38,0.42,0.042809
0.38,0.44,0.031705
0.38,0.46,0.023771
0.38,0.48,0.019273
0.38,0.5,0.018328
0.38,0.52,0.020909
0.38,0.54,0.026849
0.38,0.56,0.035852
0.38,0.58,0.047508
0.38,0.6,0.061314
0.38,0.62,0.0767
0.38,0.64,0.093045
0.38,0.66,0.10971
0.38,0.68,0.12607
0.38,0.7,0.1415
0.38,0.72,0.15545
0.38,0.74,0.16742
0.38,0.76,0.177
0.38,0.78,0.18387
0.38,0.8,0.18779
0.38,0.82,0.18864
0.38,0.84,0.18637
0.38,0.86,0.18105
0.38,0.88,0.17281
0.38,0.9,0.16186
0.38,0.92,0.14848
0.38,0.94,0.13297
0.38,0.96,0.11568
0.38,0.98,0.096993
0.38,1,0.077267
0.4,0,-0.045487
0.4,0.02,-0.0077498
0.4,0.04,0.028006
0.4,0.06,0.061065
0.4,0.08,0.090776
0.4,0.1,0.11657
0.4,0.12,0.138
0.4,0.14,0.15472
0.4,0.16,0.16654
0.4,0.18,0.17342
0.4,0.2,0.17548
0.4,0.22,0.17295
0.4,0.24,0.16625
0.4,0.26,0.15589
0.4,0.28,0.14251
0.4,0.3,0.12683
0.4,0.32,0.1096
0.4,0.34,0.091645
0.4,0.36,0.073748
0.4,0.38,0.056679
0.4,0.4,0.041144
0.4,0.42,0.027764
0.4,0.44,0.017054
0.4,0.46,0.009402
0.4,0.48,0.0050647
0.4,0.5,0.0041555
0.4,0.52,0.0066476
0.4,0.54,0.012379
0.4,0.56,0.021063
0.4,0.58,0.032306
0.4,0.6,0.045621
0.4,0.62,0.060457
0.4,0.64,0.076218
0.4,0.66,0.092287
0.4,0.68,0.10805
0.4,0.7,0.12293
0.4,0.72,0.13638
0.4,0.74,0.14792
0.4,0.76,0.15717
0.4,0.78,0.1638
0.4,0.8,0.16759
0.4,0.82,0.16843
0.4,0.84,0.16628
0.4,0.86,0.1612
0.4,0.88,0.15332
0.4,0.9,0.14284
0.4,0.92,0.13003
0.4,0.94,0.11519
0.4,0.96,0.098654
0.4,0.98,0.08078
0.4,1,0.061925
0.42,0,-0.056094
0.42,0.02,-0.019583
0.42,0.04,0.01502
0.42,0.06,0.047021
0.42,0.08,0.075786
0.42,0.1,0.10077
0.42,0.12,0.12152
0.42,0.14,0.13772
0.42,0.16,0.14917
0.42,0.18,0.15585
0.42,0.2,0.15784
0.42,0.22,0.1554
0.42,0.24,0.14892
0.42,0.26,0.13889
0.42,0.28,0.12594
0.42,0.3,0.11075
0.42,0.32,0.094066
0.42,0.34,0.076673
0.42,0.36,0.05934
0.42,0.38,0.042809
0.42,0.4,0.027764
0.42,0.42,0.014807
0.42,0.44,0.0044358
0.42,0.46,-0.0029725
0.42,0.48,-0.0071709
0.42,0.5,-0.0080493
0.42,0.52,-0.0056341
0.42,0.54,-8.2642e-05
0.42,0.56,0.0083274
0.42,0.58,0.019213
0.42,0.6,0.032105
0.42,0.62,0.046467
0.42,0.64,0.061723
0.42,0.66,0.077277
0.42,0.68,0.092536
0.42,0.7,0.10693
0.42,0.72,0.11995
0.42,0.74,0.13113
0.42,0.76,0.14008
0.42,0.78,0.1465
0.42,0.8,0.15019
0.42,0.82,0.15103
0.42,0.84,0.14898
0.42,0.86,0.1441
0.42,0.88,0.13653
0.42,0.9,0.12646
0.42,0.92,0.11414
0.42,0.94,0.099874
0.42,0.96,0.083984
0.42,0.98,0.066813
0.42,1,0.048709
0.44,0,-0.064581
0.44,0.02,-0.029053
0.44,0.04,0.0046248
0.44,0.06,0.035777
0.44,0.08,0.063784
0.44,0.1,0.08811
0.44,0.12,0.10832
0.44,0.14,0.1241
0.44,0.16,0.13526
0.44,0.18,0.14177
0.44,0.2,0.14372
0.44,0.22,0.14135
0.44,0.24,0.13504
0.44,0.26,0.12528
0.44,0.28,0.11266
0.44,0.3,0.097868
0.44,0.32,0.081624
0.44,0.34,0.064685
0.44,0.36,0.047804
0.44,0.38,0.031705
0.44,0.4,0.017054
0.44,0.42,0.0044358
0.44,0.44,-0.0056635
0.44,0.46,-0.012877
0.44,0.48,-0.016964
0.44,0.5,-0.017817
0.44,0.52,-0.015464
0.44,0.54,-0.010057
0.44,0.56,-0.0018668
0.44,0.58,0.0087327
0.44,0.6,0.021284
0.44,0.62,0.035267
0.44,0.64,0.050118
0.44,0.66,0.065258
0.44,0.68,0.080111
0.44,0.7,0.094125
0.44,0.72,0.10679
0.44,0.74,0.11767
0.44,0.76,0.12639
0.44,0.78,0.13265
0.44,0.8,0.13626
0.44,0.82,0.13709
0.44,0.84,0.13512
0.44,0.86,0.13041
0.44,0.88,0.12308
0.44,0.9,0.11333
0.44,0.92,0.10141
0.44,0.94,0.087608
0.44,0.96,0.072235
0.44,0.98,0.055629
0.44,1,0.038126
0.46,0,-0.070638
0.46,0.02,-0.035816
0.46,0.04,-0.0028002
0.46,0.06,0.027743
0.46,0.08,0.055206
0.46,0.1,0.079063
0.46,0.12,0.098886
0.46,0.14,0.11437
0.46,0.16,0.12532
0.46,0.18,0.1317
0.46,0.2,0.13362
0.46,0.22,0.1313
0.46,0.24,0.12511
0.46,0.26,0.11554
0.46,0.28,0.10317
0.46,0.3,0.088662
0.46,0.32,0.072731
0.46,0.34,0.056117
0.46,0.36,0.039561
0.46,0.38,0.023771
0.46,0.4,0.009402
0.46,0.42,-0.0029725
0.46,0.44,-0.012877
0.46,0.46,-0.01995
0.46,0.48,-0.023957
0.46,0.5,-0.024793
0.46,0.52,-0.022484
0.46,0.54,-0.01718
0.46,0.56,-0.009148
0.46,0.58,0.0012464
0.46,0.6,0.013554
0.46,0.62,0.027264
0.46,0.64,0.041826
0.46,0.66,0.056669
0.46,0.68,0.07123
0.46,0.7,0.084969
0.46,0.72,0.097391
0.46,0.74,0.10806
0.46,0.76,0.11661
0.46,0.78,0.12275
0.46,0.8,0.12629
0.46,0.82,0.12712
0.46,0.84,0.12521
0.46,0.86,0.12062
0.46,0.88,0.11347
0.46,0.9,0.10395
0.46,0.92,0.092315
0.46,0.94,0.078839
0.46,0.96,0.063837
0.46,0.98,0.047634
0.46,1,0.030563
0.48,0,-0.074065
0.48,0.02,-0.039645
0.48,0.04,-0.0070082
0.48,0.06,0.023187
0.48,0.08,0.05034
0.48,0.1,0.073929
0.48,0.12,0.093531
0.48,0.14,0.10884
0.48,0.16,0.11967
0.48,0.18,0.12599
0.48,0.2,0.12788
0.48,0.22,0.12559
0.48,0.24,0.11948
0.48,0.26,0.11001
0.48,0.28,0.097782
0.48,0.3,0.083436
0.48,0.32,0.067684
0.48,0.34,0.051257
0.48,0.36,0.034886
0.48,0.38,0.019273
0.48,0.4,0.0050647
0.48,0.42,-0.0071709
0.48,0.44,-0.016964
0.48,0.46,-0.023957
0.48,0.48,-0.027918
0.48,0.5,-0.028744
0.48,0.52,-0.02646
0.48,0.54,-0.021216
0.48,0.56,-0.013274
0.48,0.58,-0.0029964
0.48,0.6,0.0091722
0.48,0.62,0.022727
0.48,0.64,0.037122
0.48,0.66,0.051797
0.48,0.68,0.066191
0.48,0.7,0.079773
0.48,0.72,0.092053
0.48,0.74,0.1026
0.48,0.76,0.11105
0.48,0.78,0.11713
0.48,0.8,0.12063
0.48,0.82,0.12146
0.48,0.84,0.11958
0.48,0.86,0.11506
0.48,0.88,0.10801
0.48,0.9,0.098625
0.48,0.92,0.087149
0.48,0.94,0.073862
0.48,0.96,0.05907
0.48,0.98,0.043097
0.48,1,0.026271
0.5,0,-0.074773
0.5,0.02,-0.040442
0.5,0.04,-0.0078886
0.5,0.06,0.02223
0.5,0.08,0.049314
0.5,0.1,0.072844
0.5,0.12,0.092397
0.5,0.14,0.10767
0.5,0.16,0.11847
0.5,0.18,0.12477
0.5,0.2,0.12666
0.5,0.22,0.12438
0.5,0.24,0.11828
0.5,0.26,0.10884
0.5,0.28,0.09664
0.5,0.3,0.082331
0.5,0.32,0.066617
0.5,0.34,0.050231
0.5,0.36,0.033902
0.5,0.38,0.018328
0.5,0.4,0.0041555
0.5,0.42,-0.0080493
0.5,0.44,-0.017817
0.5,0.46,-0.024793
0.5,0.48,-0.028744
0.5,0.5,-0.029568
0.5,0.52,-0.027289
0.5,0.54,-0.022058
0.5,0.56,-0.014136
0.5,0.58,-0.0038844
0.5,0.6,0.0082534
0.5,0.62,0.021774
0.5,0.64,0.036133
0.5,0.66,0.050769
0.5,0.68,0.065127
0.5,0.7,0.078675
0.5,0.72,0.090923
0.5,0.74,0.10144
0.5,0.76,0.10987
0.5,0.78,0.11593
0.5,0.8,0.11943
0.5,0.82,0.12026
0.5,0.84,0.11839
0.5,0.86,0.11388
0.5,0.88,0.10685
0.5,0.9,0.097495
0.5,0.92,0.086055
0.5,0.94,0.072808
0.5,0.96,0.058062
0.5,0.98,0.042138
0.5,1,0.025365
0.52,0,-0.072786
0.52,0.02,-0.038231
0.52,0.04,-0.005468
0.52,0.06,0.024843
0.52,0.08,0.0521
0.52,0.1,0.075778
0.52,0.12,0.095453
0.52,0.14,0.11082
0.52,0.16,0.12169
0.52,0.18,0.12803
0.52,0.2,0.12993
0.52,0.22,0.12763
0.52,0.24,0.12149
0.52,0.26,0.11199
0.52,0.28,0.099714
0.52,0.3,0.085314
0.52,0.32,0.069502
0.52,0.34,0.053013
0.52,0.36,0.036581
0.52,0.38,0.020909
0.52,0.4,0.0066476
0.52,0.42,-0.0056341
0.52,0.44,-0.015464
0.52,0.46,-0.022484
0.52,0.48,-0.02646
0.52,0.5,-0.027289
0.52,0.52,-0.024997
0.52,0.54,-0.019733
0.52,0.56,-0.011761
0.52,0.58,-0.0014442
0.52,0.6,0.010771
0.52,0.62,0.024377
0.52,0.64,0.038828
0.52,0.66,0.053559
0.52,0.68,0.06801
0.52,0.7,0.081644
0.52,0.72,0.093971
0.52,0.74,0.10456
0.52,0.76,0.11304
0.52,0.78,0.11914
0.52,0.8,0.12266
0.52,0.82,0.12348
0.52,0.84,0.1216
0.52,0.86,0.11705
0.52,0.88,0.10996
0.52,0.9,0.10053
0.52,0.92,0.089002
0.52,0.94,0.075649
0.52,0.96,0.060784
0.52,0.98,0.044731
0.52,1,0.027819
0.54,0,-0.068235
0.54,0.02,-0.033158
0.54,0.04,9.5943e-05
0.54,0.06,0.030858
0.54,0.08,0.058517
0.54,0.1,0.082542
0.54,0.12,0.1025
0.54,0.14,0.11809
0.54,0.16,0.12912
0.54,0.18,0.13555
0.54,0.2,0.13747
0.54,0.22,0.13514
0.54,0.24,0.1289
0.54,0.26,0.11926
0.54,0.28,0.10681
0.54,0.3,0.092196
0.54,0.32,0.076152
0.54,0.34,0.059422
0.54,0.36,0.04275
0.54,0.38,0.026849
0.54,0.4,0.012379
0.54,0.42,-8.2642e-05
0.54,0.44,-0.010057
0.54,0.46,-0.01718
0.54,0.48,-0.021216
0.54,0.5,-0.022058
0.54,0.52,-0.019733
0.54,0.54,-0.014392
0.54,0.56,-0.0063028
0.54,0.58,0.0041655
0.54,0.6,0.016561
0.54,0.62,0.030369
0.54,0.64,0.045035
0.54,0.66,0.059986
0.54,0.68,0.074652
0.54,0.7,0.08849
0.54,0.72,0.101
0.54,0.74,0.11174
0.54,0.76,0.12035
0.54,0.78,0.12654
0.54,0.8,0.1301
0.54,0.82,0.13093
0.54,0.84,0.129
0.54,0.86,0.12436
0.54,0.88,0.11715
0.54,0.9,0.10754
0.54,0.92,0.095802
0.54,0.94,0.082203
0.54,0.96,0.067063
0.54,0.98,0.050709
0.54,1,0.033477
0.56,0,-0.06135
0.56,0.02,-0.025477
0.56,0.04,0.0085249
0.56,0.06,0.039974
0.56,0.08,0.068246
0.56,0.1,0.092801
0.56,0.12,0.1132
0.56,0.14,0.12912
0.56,0.16,0.14039
0.56,0.18,0.14696
0.56,0.2,0.14892
0.56,0.22,0.14653
0.56,0.24,0.14015
0.56,0.26,0.1303
0.56,0.28,0.11757
0.56,0.3,0.10263
0.56,0.32,0.086238
0.56,0.34,0.06914
0.56,0.36,0.052102
0.56,0.38,0.035852
0.56,0.4,0.021063
0.56,0.42,0.0083274
0.56,0.44,-0.0018668
0.56,0.46,-0.009148
0.56,0.48,-0.013274
0.56,0.5,-0.014136
0.56,0.52,-0.011761
0.56,0.54,-0.0063028
0.56,0.56,0.0019644
0.56,0.58,0.012664
0.56,0.6,0.025335
0.56,0.62,0.039451
0.56,0.64,0.054444
0.56,0.66,0.069729
0.56,0.68,0.084724
0.56,0.7,0.098873
0.56,0.72,0.11166
0.56,0.74,0.12265
0.56,0.76,0.13145
0.56,0.78,0.13776
0.56,0.8,0.1414
0.56,0.82,0.14223
0.56,0.84,0.14023
0.56,0.86,0.13546
0.56,0.88,0.12805
0.56,0.9,0.11818
0.56,0.92,0.10612
0.56,0.94,0.092145
0.56,0.96,0.076586
0.56,0.98,0.059776
0.56,1,0.042056
0.58,0,-0.052447
0.58,0.02,-0.01554
0.58,0.04,0.019435
0.58,0.06,0.051777
0.58,0.08,0.080846
0.58,0.1,0.10609
0.58,0.12,0.12706
0.58,0.14,0.14342
0.58,0.16,0.155
0.58,0.18,0.16174
0.58,0.2,0.16375
0.58,0.22,0.16128
0.58,0.24,0.15473
0.58,0.26,0.1446
0.58,0.28,0.13151
0.58,0.3,0.11616
0.58,0.32,0.099301
0.58,0.34,0.081726
0.58,0.36,0.064211
0.58,0.38,0.047508
0.58,0.4,0.032306
0.58,0.42,0.019213
0.58,0.44,0.0087327
0.58,0.46,0.0012464
0.58,0.48,-0.0029964
0.58,0.5,-0.0038844
0.58,0.52,-0.0014442
0.58,0.54,0.0041655
0.58,0.56,0.012664
0.58,0.58,0.023665
0.58,0.6,0.036693
0.58,0.62,0.051209
0.58,0.64,0.066628
0.58,0.66,0.082348
0.58,0.68,0.09777
0.58,0.7,0.11232
0.58,0.72,0.12548
0.58,0.74,0.13677
0.58,0.76,0.14582
0.58,0.78,0.15231
0.58,0.8,0.15603
0.58,0.82,0.15687
0.58,0.84,0.15479
0.58,0.86,0.14984
0.58,0.88,0.14217
0.58,0.9,0.13196
0.58,0.92,0.11948
0.58,0.94,0.10503
0.58,0.96,0.088923
0.58,0.98,0.071519
0.58,1,0.053167
0.6,0,-0.041911
0.6,0.02,-0.0037746
0.6,0.04,0.032355
0.6,0.06,0.065758
0.6,0.08,0.095775
0.6,0.1,0.12184
0.6,0.12,0.14348
0.6,0.14,0.16037
0.6,0.16,0.17231
0.6,0.18,0.17926
0.6,0.2,0.18133
0.6,0.22,0.17878
0.6,0.24,0.17201
0.6,0.26,0.16154
0.6,0.28,0.14803
0.6,0.3,0.13218
0.6,0.32,0.11478
0.6,0.34,0.096637
0.6,0.36,0.078558
0.6,0.38,0.061314
0.6,0.4,0.045621
0.6,0.42,0.032105
0.6,0.44,0.021284
0.6,0.46,0.013554
0.6,0.48,0.0091722
0.6,0.5,0.0082534
0.6,0.52,0.010771
0.6,0.54,0.016561
0.6,0.56,0.025335
0.6,0.58,0.036693
0.6,0.6,0.050147
0.6,0.62,0.065137
0.6,0.64,0.081062
0.6,0.66,0.097299
0.6,0.68,0.11323
0.6,0.7,0.12826
0.6,0.72,0.14185
0.6,0.74,0.15352
0.6,0.76,0.16285
0.6,0.78,0.16955
0.6,0.8,0.17338
0.6,0.82,0.17422
0.6,0.84,0.17204
0.6,0.86,0.16689
0.6,0.88,0.15891
0.6,0.9,0.1483
0.6,0.92,0.13532
0.6,0.94,0.12029
0.6,0.96,0.10354
0.6,0.98,0.085436
0.6,1,0.066334
0.62,0,-0.03018
0.62,0.02,0.0093291
0.62,0.04,0.04675
0.62,0.06,0.081338
0.62,0.08,0.11241
0.62,0.1,0.13939
0.62,0.12,0.16179
0.62,0.14,0.17926
0.62,0.16,0.19161
0.62,0.18,0.1988
0.62,0.2,0.20093
0.62,0.22,0.19829
0.62,0.24,0.19127
0.62,0.26,0.18044
0.62,0.28,0.16645
0.62,0.3,0.15004
0.62,0.32,0.13203
0.62,0.34,0.11326
0.62,0.36,0.094546
0.62,0.38,0.0767
0.62,0.4,0.060457
0.62,0.42,0.046467
0.62,0.44,0.035267
0.62,0.46,0.027264
0.62,0.48,0.022727
0.62,0.5,0.021774
0.62,0.52,0.024377
0.62,0.54,0.030369
0.62,0.56,0.039451
0.62,0.58,0.051209
0.62,0.6,0.065137
0.62,0.62,0.080658
0.62,0.64,0.097148
0.62,0.66,0.11396
0.62,0.68,0.13046
0.62,0.7,0.14603
0.62,0.72,0.1601
0.62,0.74,0.17218
0.62,0.76,0.18185
0.62,0.78,0.18877
0.62,0.8,0.19272
0.62,0.82,0.19357
0.62,0.84,0.19128
0.62,0.86,0.1859
0.62,0.88,0.17757
0.62,0.9,0.16651
0.62,0.92,0.15298
0.62,0.94,0.13731
0.62,0.96,0.11984
0.62,0.98,0.10095
0.62,1,0.081009
0.64,0,-0.017727
0.64,0.02,0.023244
0.64,0.04,0.062041
0.64,0.06,0.097892
0.64,0.08,0.1301
0.64,0.1,0.15804
0.64,0.12,0.18124
0.64,0.14,0.19934
0.64,0.16,0.21213
0.64,0.18,0.21957
0.64,0.2,0.22177
0.64,0.22,0.21902
0.64,0.24,0.21175
0.64,0.26,0.20052
0.64,0.28,0.18602
0.64,0.3,0.16903
0.64,0.32,0.15037
0.64,0.34,0.13092
0.64,0.36,0.11153
0.64,0.38,0.093045
0.64,0.4,0.076218
0.64,0.42,0.061723
0.64,0.44,0.050118
0.64,0.46,0.041826
0.64,0.48,0.037122
0.64,0.5,0.036133
0.64,0.52,0.038828
0.64,0.54,0.045035
0.64,0.56,0.054444
0.64,0.58,0.066628
0.64,0.6,0.081062
0.64,0.62,0.097148
0.64,0.64,0.11424
0.64,0.66,0.13167
0.64,0.68,0.14877
0.64,0.7,0.16491
0.64,0.72,0.1795
0.64,0.74,0.19202
0.64,0.76,0.20203
0.64,0.78,0.2092
0.64,0.8,0.21328
0.64,0.82,0.21414
0.64,0.84,0.21172
0.64,0.86,0.2061
0.64,0.88,0.19741
0.64,0.9,0.18586
0.64,0.92,0.17175
0.64,0.94,0.15539
0.64,0.96,0.13716
0.64,0.98,0.11743
0.64,1,0.096605
0.66,0,-0.0050375
0.66,0.02,0.037428
0.66,0.04,0.077629
0.66,0.06,0.11477
0.66,0.08,0.14813
0.66,0.1,0.17707
0.66,0.12,0.20109
0.66,0.14,0.21983
0.66,0.16,0.23306
0.66,0.18,0.24076
0.66,0.2,0.24303
0.66,0.22,0.24017
0.66,0.24,0.23264
0.66,0.26,0.22101
0.66,0.28,0.20599
0.66,0.3,0.18839
0.66,0.32,0.16907
0.66,0.34,0.14893
0.66,0.36,0.12886
0.66,0.38,0.10971
0.66,0.4,0.092287
0.66,0.42,0.077277
0.66,0.44,0.065258
0.66,0.46,0.056669
0.66,0.48,0.051797
0.66,0.5,0.050769
0.66,0.52,0.053559
0.66,0.54,0.059986
0.66,0.56,0.069729
0.66,0.58,0.082348
0.66,0.6,0.097299
0.66,0.62,0.11396
0.66,0.64,0.13167
0.66,0.66,0.14973
0.66,0.68,0.16745
0.66,0.7,0.18417
0.66,0.72,0.19929
0.66,0.74,0.21226
0.66,0.76,0.22263
0.66,0.78,0.23005
0.66,0.8,0.23426
0.66,0.82,0.23512
0.66,0.84,0.23258
0.66,0.86,0.22671
0.66,0.88,0.21764
0.66,0.9,0.20561
0.66,0.92,0.1909
0.66,0.94,0.17384
0.66,0.96,0.15483
0.66,0.98,0.13425
0.66,1,0.11251
0.68,0,0.0074068
0.68,0.02,0.051341
0.68,0.04,0.092922
0.68,0.06,0.13133
0.68,0.08,0.16582
0.68,0.1,0.19574
0.68,0.12,0.22057
0.68,0.14,0.23993
0.68,0.16,0.25361
0.68,0.18,0.26155
0.68,0.2,0.26389
0.68,0.22,0.26094
0.68,0.24,0.25314
0.68,0.26,0.24112
0.68,0.28,0.22559
0.68,0.3,0.2074
0.68,0.32,0.18743
0.68,0.34,0.1666
0.68,0.36,0.14586
0.68,0.38,0.12607
0.68,0.4,0.10805
0.68,0.42,0.092536
0.68,0.44,0.080111
0.68,0.46,0.07123
0.68,0.48,0.066191
0.68,0.5,0.065127
0.68,0.52,0.06801
0.68,0.54,0.074652
0.68,0.56,0.084724
0.68,0.58,0.09777
0.68,0.6,0.11323
0.68,0.62,0.13046
0.68,0.64,0.14877
0.68,0.66,0.16745
0.68,0.68,0.18578
0.68,0.7,0.20307
0.68,0.72,0.2187
0.68,0.74,0.23212
0.68,0.76,0.24284
0.68,0.78,0.2505
0.68,0.8,0.25484
0.68,0.82,0.25571
0.68,0.84,0.25306
0.68,0.86,0.24694
0.68,0.88,0.23751
0.68,0.9,0.22499
0.68,0.92,0.20969
0.68,0.94,0.19195
0.68,0.96,0.17217
0.68,0.98,0.15075
0.68,1,0.12812
0.7,0,0.019147
0.7,0.02,0.064467
0.7,0.04,0.10735
0.7,0.06,0.14696
0.7,0.08,0.18252
0.7,0.1,0.21336
0.7,0.12,0.23895
0.7,0.14,0.2589
0.7,0.16,0.27299
0.7,0.18,0.28118
0.7,0.2,0.28359
0.7,0.22,0.28053
0.7,0.24,0.27249
0.7,0.26,0.26009
0.7,0.28,0.24409
0.7,0.3,0.22533
0.7,0.32,0.20475
0.7,0.34,0.18328
0.7,0.36,0.1619
0.7,0.38,0.1415
0.7,0.4,0.12293
0.7,0.42,0.10693
0.7,0.44,0.094125
0.7,0.46,0.084969
0.7,0.48,0.079773
0.7,0.5,0.078675
0.7,0.52,0.081644
0.7,0.54,0.08849
0.7,0.56,0.098873
0.7,0.58,0.11232
0.7,0.6,0.12826
0.7,0.62,0.14603
0.7,0.64,0.16491
0.7,0.66,0.18417
0.7,0.68,0.20307
0.7,0.7,0.22091
0.7,0.72,0.23703
0.7,0.74,0.25086
0.7,0.76,0.26191
0.7,0.78,0.26981
0.7,0.8,0.27427
0.7,0.82,0.27514
0.7,0.84,0.27238
0.7,0.86,0.26603
0.7,0.88,0.25625
0.7,0.9,0.24328
0.7,0.92,0.22742
0.7,0.94,0.20904
0.7,0.96,0.18853
0.7,0.98,0.16632
0.7,1,0.14285
0.72,0,0.029764
0.72,0.02,0.076336
0.72,0.04,0.1204
0.72,0.06,0.16109
0.72,0.08,0.19761
0.72,0.1,0.22929
0.72,0.12,0.25557
0.72,0.14,0.27605
0.72,0.16,0.29052
0.72,0.18,0.29892
0.72,0.2,0.30138
0.72,0.22,0.29824
0.72,0.24,0.28998
0.72,0.26,0.27724
0.72,0.28,0.26081
0.72,0.3,0.24154
0.72,0.32,0.2204
0.72,0.34,0.19836
0.72,0.36,0.1764
0.72,0.38,0.15545
0.72,0.4,0.13638
0.72,0.42,0.11995
0.72,0.44,0.10679
0.72,0.46,0.097391
0.72,0.48,0.092053
0.72,0.5,0.090923
0.72,0.52,0.093971
0.72,0.54,0.101
0.72,0.56,0.11166
0.72,0.58,0.12548
0.72,0.6,0.14185
0.72,0.62,0.1601
0.72,0.64,0.1795
0.72,0.66,0.19929
0.72,0.68,0.2187
0.72,0.7,0.23703
0.72,0.72,0.25359
0.72,0.74,0.2678
0.72,0.76,0.27915
0.72,0.78,0.28726
0.72,0.8,0.29183
0.72,0.82,0.29271
0.72,0.84,0.28984
0.72,0.86,0.28328
0.72,0.88,0.27319
0.72,0.9,0.25981
0.72,0.92,0.24345
0.72,0.94,0.22448
0.72,0.96,0.20332
0.72,0.98,0.1804
0.72,1,0.15616
0.74,0,0.038887
0.74,0.02,0.08653
0.74,0.04,0.1316
0.74,0.06,0.17321
0.74,0.08,0.21056
0.74,0.1,0.24295
0.74,0.12,0.26982
0.74,0.14,0.29076
0.74,0.16,0.30555
0.74,0.18,0.31413
0.74,0.2,0.31665
0.74,0.22,0.31343
0.74,0.24,0.30498
0.74,0.26,0.29195
0.74,0.28,0.27515
0.74,0.3,0.25545
0.74,0.32,0.23383
0.74,0.34,0.2113
0.74,0.36,0.18884
0.74,0.38,0.16742
0.74,0.4,0.14792
0.74,0.42,0.13113
0.74,0.44,0.11767
0.74,0.46,0.10806
0.74,0.48,0.1026
0.74,0.5,0.10144
0.74,0.52,0.10456
0.74,0.54,0.11174
0.74,0.56,0.12265
0.74,0.58,0.13677
0.74,0.6,0.15352
0.74,0.62,0.17218
0.74,0.64,0.19202
0.74,0.66,0.21226
0.74,0.68,0.23212
0.74,0.7,0.25086
0.74,0.72,0.2678
0.74,0.74,0.28233
0.74,0.76,0.29394
0.74,0.78,0.30222
0.74,0.8,0.30689
0.74,0.82,0.30777
0.74,0.84,0.30482
0.74,0.86,0.29808
0.74,0.88,0.28772
0.74,0.9,0.27399
0.74,0.92,0.2572
0.74,0.94,0.23773
0.74,0.96,0.21601
0.74,0.98,0.19247
0.74,1,0.16759
0.76,0,0.046212
0.76,0.02,0.094704
0.76,0.04,0.14057
0.76,0.06,0.18292
0.76,0.08,0.22092
0.76,0.1,0.25387
0.76,0.12,0.28121
0.76,0.14,0.30251
0.76,0.16,0.31755
0.76,0.18,0.32628
0.76,0.2,0.32883
0.76,0.22,0.32556
0.76,0.24,0.31696
0.76,0.26,0.3037
0.76,0.28,0.2866
0.76,0.3,0.26656
0.76,0.32,0.24457
0.76,0.34,0.22164
0.76,0.36,0.19879
0.76,0.38,0.177
0.76,0.4,0.15717
0.76,0.42,0.14008
0.76,0.44,0.12639
0.76,0.46,0.11661
0.76,0.48,0.11105
0.76,0.5,0.10987
0.76,0.52,0.11304
0.76,0.54,0.12035
0.76,0.56,0.13145
0.76,0.58,0.14582
0.76,0.6,0.16285
0.76,0.62,0.18185
0.76,0.64,0.20203
0.76,0.66,0.22263
0.76,0.68,0.24284
0.76,0.7,0.26191
0.76,0.72,0.27915
0.76,0.74,0.29394
0.76,0.76,0.30575
0.76,0.78,0.31417
0.76,0.8,0.31891
0.76,0.82,0.3198
0.76,0.84,0.31678
0.76,0.86,0.3099
0.76,0.88,0.29933
0.76,0.9,0.28531
0.76,0.92,0.26818
0.76,0.94,0.24831
0.76,0.96,0.22614
0.76,0.98,0.20212
0.76,1,0.17672
0.78,0,0.051502
0.78,0.02,0.10059
0.78,0.04,0.14701
0.78,0.06,0.18987
0.78,0.08,0.22833
0.78,0.1,0.26168
0.78,0.12,0.28934
0.78,0.14,0.31089
0.78,0.16,0.32611
0.78,0.18,0.33493
0.78,0.2,0.33752
0.78,0.22,0.3342
0.78,0.24,0.3255
0.78,0.26,0.31208
0.78,0.28,0.29478
0.78,0.3,0.2745
0.78,0.32,0.25224
0.78,0.34,0.22904
0.78,0.36,0.20592
0.78,0.38,0.18387
0.78,0.4,0.1638
0.78,0.42,0.1465
0.78,0.44,0.13265
0.78,0.46,0.12275
0.78,0.48,0.11713
0.78,0.5,0.11593
0.78,0.52,0.11914
0.78,0.54,0.12654
0.78,0.56,0.13776
0.78,0.58,0.15231
0.78,0.6,0.16955
0.78,0.62,0.18877
0.78,0.64,0.2092
0.78,0.66,0.23005
0.78,0.68,0.2505
0.78,0.7,0.26981
0.78,0.72,0.28726
0.78,0.74,0.30222
0.78,0.76,0.31417
0.78,0.78,0.3227
0.78,0.8,0.32749
0.78,0.82,0.32838
0.78,0.84,0.3253
0.78,0.86,0.31832
0.78,0.88,0.3076
0.78,0.9,0.29339
0.78,0.92,0.27601
0.78,0.94,0.25586
0.78,0.96,0.23338
0.78,0.98,0.20902
0.78,1,0.18324
0.8,0,0.054593
0.8,0.02,0.10399
0.8,0.04,0.15071
0.8,0.06,0.19384
0.8,0.08,0.23254
0.8,0.1,0.2661
0.8,0.12,0.29393
0.8,0.14,0.31561
0.8,0.16,0.33092
0.8,0.18,0.3398
0.8,0.2,0.3424
0.8,0.22,0.33906
0.8,0.24,0.3303
0.8,0.26,0.3168
0.8,0.28,0.29939
0.8,0.3,0.27898
0.8,0.32,0.25659
0.8,0.34,0.23324
0.8,0.36,0.20998
0.8,0.38,0.18779
0.8,0.4,0.16759
0.8,0.42,0.15019
0.8,0.44,0.13626
0.8,0.46,0.12629
0.8,0.48,0.12063
0.8,0.5,0.11943
0.8,0.52,0.12266
0.8,0.54,0.1301
0.8,0.56,0.1414
0.8,0.58,0.15603
0.8,0.6,0.17338
0.8,0.62,0.19272
0.8,0.64,0.21328
0.8,0.66,0.23426
0.8,0.68,0.25484
0.8,0.7,0.27427
0.8,0.72,0.29183
0.8,0.74,0.30689
0.8,0.76,0.31891
0.8,0.78,0.32749
0.8,0.8,0.33231
0.8,0.82,0.3332
0.8,0.84,0.33009
0.8,0.86,0.32306
0.8,0.88,0.31225
0.8,0.9,0.29793
0.8,0.92,0.28042
0.8,0.94,0.26012
0.8,0.96,0.23747
0.8,0.98,0.21291
0.8,1,0.18694
0.82,0,0.055399
0.82,0.02,0.10482
0.82,0.04,0.15155
0.82,0.06,0.19469
0.82,0.08,0.2334
0.82,0.1,0.26697
0.82,0.12,0.29481
0.82,0.14,0.3165
0.82,0.16,0.33181
0.82,0.18,0.34069
0.82,0.2,0.34329
0.82,0.22,0.33995
0.82,0.24,0.33118
0.82,0.26,0.31768
0.82,0.28,0.30026
0.82,0.3,0.27985
0.82,0.32,0.25745
0.82,0.34,0.2341
0.82,0.36,0.21083
0.82,0.38,0.18864
0.82,0.4,0.16843
0.82,0.42,0.15103
0.82,0.44,0.13709
0.82,0.46,0.12712
0.82,0.48,0.12146
0.82,0.5,0.12026
0.82,0.52,0.12348
0.82,0.54,0.13093
0.82,0.56,0.14223
0.82,0.58,0.15687
0.82,0.6,0.17422
0.82,0.62,0.19357
0.82,0.64,0.21414
0.82,0.66,0.23512
0.82,0.68,0.25571
0.82,0.7,0.27514
0.82,0.72,0.29271
0.82,0.74,0.30777
0.82,0.76,0.3198
0.82,0.78,0.32838
0.82,0.8,0.3332
0.82,0.82,0.33408
0.82,0.84,0.33097
0.82,0.86,0.32393
0.82,0.88,0.31311
0.82,0.9,0.29878
0.82,0.92,0.28125
0.82,0.94,0.26093
0.82,0.96,0.23825
0.82,0.98,0.21368
0.82,1,0.18767
0.84,0,0.053905
0.84,0.02,0.10304
0.84,0.04,0.1495
0.84,0.06,0.19239
0.84,0.08,0.23088
0.84,0.1,0.26425
0.84,0.12,0.29193
0.84,0.14,0.31349
0.84,0.16,0.32872
0.84,0.18,0.33754
0.84,0.2,0.34013
0.84,0.22,0.33681
0.84,0.24,0.32809
0.84,0.26,0.31467
0.84,0.28,0.29735
0.84,0.3,0.27706
0.84,0.32,0.25479
0.84,0.34,0.23157
0.84,0.36,0.20844
0.84,0.38,0.18637
0.84,0.4,0.16628
0.84,0.42,0.14898
0.84,0.44,0.13512
0.84,0.46,0.12521
0.84,0.48,0.11958
0.84,0.5,0.11839
0.84,0.52,0.1216
0.84,0.54,0.129
0.84,0.56,0.14023
0.84,0.58,0.15479
0.84,0.6,0.17204
0.84,0.62,0.19128
0.84,0.64,0.21172
0.84,0.66,0.23258
0.84,0.68,0.25306
0.84,0.7,0.27238
0.84,0.72,0.28984
0.84,0.74,0.30482
0.84,0.76,0.31678
0.84,0.78,0.3253
0.84,0.8,0.33009
0.84,0.82,0.33097
0.84,0.84,0.32788
0.84,0.86,0.32088
0.84,0.88,0.31013
0.84,0.9,0.29587
0.84,0.92,0.27845
0.84,0.94,0.25825
0.84,0.96,0.2357
0.84,0.98,0.21126
0.84,1,0.18541
0.86,0,0.050164
0.86,0.02,0.098707
0.86,0.04,0.14462
0.86,0.06,0.187
0.86,0.08,0.22502
0.86,0.1,0.258
0.86,0.12,0.28535
0.86,0.14,0.30666
0.86,0.16,0.3217
0.86,0.18,0.33042
0.86,0.2,0.33298
0.86,0.22,0.3297
0.86,0.24,0.32109
0.86,0.26,0.30782
0.86,0.28,0.29071
0.86,0.3,0.27066
0.86,0.32,0.24865
0.86,0.34,0.22571
0.86,0.36,0.20285
0.86,0.38,0.18105
0.86,0.4,0.1612
0.86,0.42,0.1441
0.86,0.44,0.13041
0.86,0.46,0.12062
0.86,0.48,0.11506
0.86,0.5,0.11388
0.86,0.52,0.11705
0.86,0.54,0.12436
0.86,0.56,0.13546
0.86,0.58,0.14984
0.86,0.6,0.16689
0.86,0.62,0.1859
0.86,0.64,0.2061
0.86,0.66,0.22671
0.86,0.68,0.24694
0.86,0.7,0.26603
0.86,0.72,0.28328
0.86,0.74,0.29808
0.86,0.76,0.3099
0.86,0.78,0.31832
0.86,0.8,0.32306
0.86,0.82,0.32393
0.86,0.84,0.32088
0.86,0.86,0.31397
0.86,0.88,0.30335
0.86,0.9,0.28927
0.86,0.92,0.27207
0.86,0.94,0.25212
0.86,0.96,0.22985
0.86,0.98,0.20572
0.86,1,0.1802
0.88,0,0.044292
0.88,0.02,0.091952
0.88,0.04,0.13703
0.88,0.06,0.17864
0.88,0.08,0.21598
0.88,0.1,0.24836
0.88,0.12,0.27522
0.88,0.14,0.29615
0.88,0.16,0.31092
0.88,0.18,0.31949
0.88,0.2,0.322
0.88,0.22,0.31878
0.88,0.24,0.31032
0.88,0.26,0.2973
0.88,0.28,0.2805
0.88,0.3,0.26081
0.88,0.32,0.2392
0.88,0.34,0.21667
0.88,0.36,0.19422
0.88,0.38,0.17281
0.88,0.4,0.15332
0.88,0.42,0.13653
0.88,0.44,0.12308
0.88,0.46,0.11347
0.88,0.48,0.10801
0.88,0.5,0.10685
0.88,0.52,0.10996
0.88,0.54,0.11715
0.88,0.56,0.12805
0.88,0.58,0.14217
0.88,0.6,0.15891
0.88,0.62,0.17757
0.88,0.64,0.19741
0.88,0.66,0.21764
0.88,0.68,0.23751
0.88,0.7,0.25625
0.88,0.72,0.27319
0.88,0.74,0.28772
0.88,0.76,0.29933
0.88,0.78,0.3076
0.88,0.8,0.31225
0.88,0.82,0.31311
0.88,0.84,0.31013
0.88,0.86,0.30335
0.88,0.88,0.29293
0.88,0.9,0.27913
0.88,0.92,0.26225
0.88,0.94,0.24269
0.88,0.96,0.22085
0.88,0.98,0.19719
0.88,1,0.17216
0.9,0,0.036458
0.9,0.02,0.082957
0.9,0.04,0.12694
0.9,0.06,0.16754
0.9,0.08,0.20398
0.9,0.1,0.23558
0.9,0.12,0.26179
0.9,0.14,0.28221
0.9,0.16,0.29663
0.9,0.18,0.305
0.9,0.2,0.30745
0.9,0.22,0.30431
0.9,0.24,0.29606
0.9,0.26,0.28335
0.9,0.28,0.26695
0.9,0.3,0.24774
0.9,0.32,0.22665
0.9,0.34,0.20467
0.9,0.36,0.18276
0.9,0.38,0.16186
0.9,0.4,0.14284
0.9,0.42,0.12646
0.9,0.44,0.11333
0.9,0.46,0.10395
0.9,0.48,0.098625
0.9,0.5,0.097495
0.9,0.52,0.10053
0.9,0.54,0.10754
0.9,0.56,0.11818
0.9,0.58,0.13196
0.9,0.6,0.1483
0.9,0.62,0.16651
0.9,0.64,0.18586
0.9,0.66,0.20561
0.9,0.68,0.22499
0.9,0.7,0.24328
0.9,0.72,0.25981
0.9,0.74,0.27399
0.9,0.76,0.28531
0.9,0.78,0.29339
0.9,0.8,0.29793
0.9,0.82,0.29878
0.9,0.84,0.29587
0.9,0.86,0.28927
0.9,0.88,0.27913
0.9,0.9,0.26568
0.9,0.92,0.24924
0.9,0.94,0.23019
0.9,0.96,0.20892
0.9,0.98,0.18587
0.9,1,0.1615
0.92,0,0.026874
0.92,0.02,0.071955
0.92,0.04,0.1146
0.92,0.06,0.15397
0.92,0.08,0.18931
0.92,0.1,0.21995
0.92,0.12,0.24537
0.92,0.14,0.26518
0.92,0.16,0.27917
0.92,0.18,0.28728
0.92,0.2,0.28966
0.92,0.22,0.28662
0.92,0.24,0.27862
0.92,0.26,0.2663
0.92,0.28,0.2504
0.92,0.3,0.23176
0.92,0.32,0.21131
0.92,0.34,0.18999
0.92,0.36,0.16874
0.92,0.38,0.14848
0.92,0.4,0.13003
0.92,0.42,0.11414
0.92,0.44,0.10141
0.92,0.46,0.092315
0.92,0.48,0.087149
0.92,0.5,0.086055
0.92,0.52,0.089002
0.92,0.54,0.095802
0.92,0.56,0.10612
0.92,0.58,0.11948
0.92,0.6,0.13532
0.92,0.62,0.15298
0.92,0.64,0.17175
0.92,0.66,0.1909
0.92,0.68,0.20969
0.92,0.7,0.22742
0.92,0.72,0.24345
0.92,0.74,0.2572
0.92,0.76,0.26818
0.92,0.78,0.27601
0.92,0.8,0.28042
0.92,0.82,0.28125
0.92,0.84,0.27845
0.92,0.86,0.27207
0.92,0.88,0.26225
0.92,0.9,0.24924
0.92,0.92,0.23334
0.92,0.94,0.2149
0.92,0.96,0.19433
0.92,0.98,0.17204
0.92,1,0.14846
0.94,0,0.015784
0.94,0.02,0.059217
0.94,0.04,0.10031
0.94,0.06,0.13825
0.94,0.08,0.1723
0.94,0.1,0.20183
0.94,0.12,0.22633
0.94,0.14,0.24543
0.94,0.16,0.25892
0.94,0.18,0.26674
0.94,0.2,0.26904
0.94,0.22,0.26611
0.94,0.24,0.2584
0.94,0.26,0.24653
0.94,0.28,0.2312
0.94,0.3,0.21324
0.94,0.32,0.19353
0.94,0.34,0.17298
0.94,0.36,0.1525
0.94,0.38,0.13297
0.94,0.4,0.11519
0.94,0.42,0.099874
0.94,0.44,0.087608
0.94,0.46,0.078839
0.94,0.48,0.073862
0.94,0.5,0.072808
0.94,0.52,0.075649
0.94,0.54,0.082203
0.94,0.56,0.092145
0.94,0.58,0.10503
0.94,0.6,0.12029
0.94,0.62,0.13731
0.94,0.64,0.15539
0.94,0.66,0.17384
0.94,0.68,0.19195
0.94,0.7,0.20904
0.94,0.72,0.22448
0.94,0.74,0.23773
0.94,0.76,0.24831
0.94,0.78,0.25586
0.94,0.8,0.26012
0.94,0.82,0.26093
0.94,0.84,0.25825
0.94,0.86,0.25212
0.94,0.88,0.24269
0.94,0.9,0.23019
0.94,0.92,0.2149
0.94,0.94,0.19718
0.94,0.96,0.17741
0.94,0.98,0.156
0.94,1,0.13335
0.96,0,0.0034577
0.96,0.02,0.045042
0.96,0.04,0.084387
0.96,0.06,0.12072
0.96,0.08,0.15334
0.96,0.1,0.18163
0.96,0.12,0.2051
0.96,0.14,0.22339
0.96,0.16,0.23631
0.96,0.18,0.24381
0.96,0.2,0.24602
0.96,0.22,0.24321
0.96,0.24,0.23583
0.96,0.26,0.22446
0.96,0.28,0.20978
0.96,0.3,0.19258
0.96,0.32,0.17369
0.96,0.34,0.15401
0.96,0.36,0.13439
0.96,0.38,0.11568
0.96,0.4,0.098654
0.96,0.42,0.083984
0.96,0.44,0.072235
0.96,0.46,0.063837
0.96,0.48,0.05907
0.96,0.5,0.058062
0.96,0.52,0.060784
0.96,0.54,0.067063
0.96,0.56,0.076586
0.96,0.58,0.088923
0.96,0.6,0.10354
0.96,0.62,0.11984
0.96,0.64,0.13716
0.96,0.66,0.15483
0.96,0.68,0.17217
0.96,0.7,0.18853
0.96,0.72,0.20332
0.96,0.74,0.21601
0.96,0.76,0.22614
0.96,0.78,0.23338
0.96,0.8,0.23747
0.96,0.82,0.23825
0.96,0.84,0.2357
0.96,0.86,0.22985
0.96,0.88,0.22085
0.96,0.9,0.20892
0.96,0.92,0.19433
0.96,0.94,0.17741
0.96,0.96,0.15854
0.96,0.98,0.13811
0.96,1,0.1165
0.98,0,-0.0098271
0.98,0.02,0.029741
0.98,0.04,0.067185
0.98,0.06,0.10177
0.98,0.08,0.13281
0.98,0.1,0.15975
0.98,0.12,0.18209
0.98,0.14,0.19951
0.98,0.16,0.21182
0.98,0.18,0.21896
0.98,0.2,0.22107
0.98,0.22,0.2184
0.98,0.24,0.21138
0.98,0.26,0.20055
0.98,0.28,0.18658
0.98,0.3,0.1702
0.98,0.32,0.15222
0.98,0.34,0.13348
0.98,0.36,0.11481
0.98,0.38,0.096993
0.98,0.4,0.08078
0.98,0.42,0.066813
0.98,0.44,0.055629
0.98,0.46,0.047634
0.98,0.48,0.043097
0.98,0.5,0.042138
0.98,0.52,0.044731
0.98,0.54,0.050709
0.98,0.56,0.059776
0.98,0.58,0.071519
0.98,0.6,0.085436
0.98,0.62,0.10095
0.98,0.64,0.11743
0.98,0.66,0.13425
0.98,0.68,0.15075
0.98,0.7,0.16632
0.98,0.72,0.1804
0.98,0.74,0.19247
0.98,0.76,0.20212
0.98,0.78,0.20902
0.98,0.8,0.21291
0.98,0.82,0.21368
0.98,0.84,0.21126
0.98,0.86,0.20572
0.98,0.88,0.19719
0.98,0.9,0.18587
0.98,0.92,0.17204
0.98,0.94,0.156
0.98,0.96,0.13811
0.98,0.98,0.11873
0.98,1,0.098256
1,0,-0.023789
1,0.02,0.013632
1,0.04,0.049048
1,0.06,0.081763
1,0.08,0.11114
1,0.1,0.13662
1,0.12,0.15777
1,0.14,0.17426
1,0.16,0.1859
1,0.18,0.19267
1,0.2,0.19467
1,0.22,0.19215
1,0.24,0.18551
1,0.26,0.17526
1,0.28,0.16204
1,0.3,0.14654
1,0.32,0.12953
1,0.34,0.1118
1,0.36,0.094123
1,0.38,0.077267
1,0.4,0.061925
1,0.42,0.048709
1,0.44,0.038126
1,0.46,0.030563
1,0.48,0.026271
1,0.5,0.025365
1,0.52,0.027819
1,0.54,0.033477
1,0.56,0.042056
1,0.58,0.053167
1,0.6,0.066334
1,0.62,0.081009
1,0.64,0.096605
1,0.66,0.11251
1,0.68,0.12812
1,0.7,0.14285
1,0.72,0.15616
1,0.74,0.16759
1,0.76,0.17672
1,0.78,0.18324
1,0.8,0.18694
1,0.82,0.18767
1,0.84,0.18541
1,0.86,0.1802
1,0.88,0.17216
1,0.9,0.1615
1,0.92,0.14846
1,0.94,0.13335
1,0.96,0.1165
1,0.98,0.098256
1,1,0.078977
